left_pull_distance,right_pull_distance,left_pull_alignment,right_pull_alignment,eye_level_diff,shoulder_level_diff
0.13680999805523397,0.18213740994750333,0.0327008962631225,0.1553279459476471,-0.011721342802047674,-0.03335762023925781
0.1343239684842333,0.17850111474688674,0.023507565259933416,0.1531030237674713,-0.01206135749816889,-0.03693312406539917
0.12560318622722666,0.1749335663190633,0.03292608261108393,0.1513729691505432,-0.010993480682372991,-0.034923255443573
0.12494846720032285,0.1901314638310358,0.03321284055709839,0.15091240406036377,-0.010722309350967407,-0.03357720375061035
0.12830124238435936,0.1844478161179523,0.03928083181381231,0.1505292952060699,-0.010082364082336481,-0.03470814228057861
0.1345986676599221,0.1799061055094692,0.0454975962638855,0.14948049187660217,-0.010323226451873835,-0.03445941209793091
0.14559693980507266,0.1835631529338946,0.05121931433677679,0.14798089861869812,-0.011237382888794,-0.034515321254730225
0.15366916625209606,0.1847523520376755,0.05545076727867132,0.14846432209014898,-0.0122242271900177,-0.03889727592468262
0.15826043443204116,0.17997315540742723,0.08030623197555548,0.14787724614143372,-0.012850254774093683,-0.039731740951538086
0.1782856199943553,0.17593493742862398,0.0980013906955719,0.14769703149795527,-0.012870192527770996,-0.03718245029449463
0.18348961302324973,0.17533849244194122,0.10166043043136597,0.1458804607391357,-0.013710439205169678,-0.03630262613296509
0.1859414301803266,0.17294858371817,0.11021357774734497,0.1477233767509461,-0.014241963624954168,-0.03601276874542236
0.18277479144028838,0.1714986987793015,0.11162438988685608,0.1496392190456391,-0.014762014150619507,-0.0353243350982666
0.17995666818894884,0.16897955337655013,0.11245295405387884,0.1497862339019776,-0.01496732234954834,-0.0337526798248291
0.1780930149341377,0.15952869589715152,0.11021536588668823,0.14954382181167597,-0.014405101537704523,-0.03212261199951172
0.17655515516293177,0.1558460378865066,0.10891348123550415,0.1497598290443421,-0.014218538999557495,-0.030779540538787842
0.18057157201221527,0.1594589437113849,0.10840699076652521,0.15157359838485718,-0.014438152313232422,-0.030317246913909912
0.18525508906706759,0.16713085831396665,0.10674604773521429,0.15406098961830145,-0.014750748872756958,-0.030619502067565918
0.1858135777581823,0.15073653391840014,0.10603663325309759,0.1524905562400818,-0.015259712934494074,-0.030172646045684814
0.18597093021642394,0.14589352934993507,0.10511434078216553,0.148744136095047,-0.01531159877777094,-0.02918422222137451
0.1855230401084817,0.14194883643051234,0.10267961025238037,0.14807826280593872,-0.014630466699600164,-0.028583526611328125
0.1857729937352655,0.1548051036665338,0.09628435969352722,0.14775899052619934,-0.01484420895576477,-0.029031336307525635
0.16307358594351434,0.15230889545580523,0.0834007859230041,0.15413892269134521,-0.018643826246261597,-0.031138956546783447
0.1607500291067037,0.1486840720534549,0.08304274082183832,0.1609184741973877,-0.018314719200134222,-0.03112846612930298
0.15783049049128792,0.1342272147010652,0.08744719624519348,0.1692797839641571,-0.016833037137985174,-0.03293853998184204
0.16078346744867658,0.13975102149112326,0.08487284183502197,0.1685908138751983,-0.016763567924499567,-0.032960712909698486
0.1506577310571319,0.13790874043362714,0.07550880312919622,0.1686962246894836,-0.01760923862457281,-0.034222960472106934
0.15724394689685164,0.14783334221619665,0.07344797253608709,0.16844847798347468,-0.01726967096328741,-0.03175961971282959
0.16142723698672135,0.1352410007735792,0.07300978899002075,0.16138949990272528,-0.015880048274993896,-0.03047776222229004
0.16296487344076918,0.13695162261879532,0.07172489166259766,0.162173330783844,-0.015451371669769343,-0.03250390291213989
0.165253307033817,0.1440698623218385,0.06824311614036566,0.16202962398529053,-0.01606976985931402,-0.0355648398399353
0.16831216404672308,0.14585160276497108,0.06767931580543518,0.1610049605369568,-0.016080528497695923,-0.035577476024627686
0.16542802817970487,0.15003674671911132,0.0644716620445252,0.16095775365829468,-0.016546040773391724,-0.03658854961395264
0.16712111677637498,0.14620047918459364,0.06551924347877508,0.15478500723838812,-0.016883760690689087,-0.03664076328277588
0.16624524375724897,0.14974439919422602,0.06597164273262024,0.15650087594985962,-0.01759234070777893,-0.0383526086807251
0.1626741080754465,0.1536325194198793,0.06656515598297119,0.16122010350227362,-0.018296808004379272,-0.04216104745864868
0.16270698119475996,0.14792121077725173,0.0656148791313172,0.162178486585617,-0.0190268754959107,-0.04380267858505249
0.16328690302212198,0.14445569446071307,0.06368738412857056,0.16513830423355103,-0.02043825387954712,-0.04710942506790161
0.16694538743609547,0.1440092042397695,0.06452682614326477,0.16787317395210272,-0.021400868892669678,-0.05071103572845459
0.17091696540944917,0.14740306874461054,0.06144407391548162,0.169691652059555,-0.0225213766098023,-0.05619609355926514
0.15426531027505247,0.1439289413168554,0.06043544411659241,0.16808328032493597,-0.0229530930519104,-0.05801898241043091
0.14815463625512942,0.13966241345859598,0.05777868628501892,0.16493871808052063,-0.023214042186737116,-0.05859100818634033
0.14787395322745847,0.13760029371672816,0.05150413513183599,0.1631796658039093,-0.023378103971481323,-0.05933248996734619
0.15126053021569916,0.13653917400549806,0.05210238695144659,0.161702960729599,-0.023389339447021484,-0.058526575565338135
0.15491036563026866,0.12828217295722025,0.04992988705635071,0.1469467580318451,-0.023123353719711304,-0.056875526905059814
0.15855853101955625,0.12260286671442597,0.04882201552391058,0.1392468810081482,-0.022556692361831665,-0.05371534824371338
0.15243572016624468,0.12244811124068321,0.04748302698135376,0.14117884635925287,-0.022158861160278376,-0.05289614200592041
0.15339909683081343,0.12605410226749908,0.04502981901168823,0.14255362749099731,-0.022043913602829035,-0.05217975378036499
0.15151538423491825,0.1348785206468377,0.04153749346733093,0.1435014009475708,-0.021956205368042048,-0.0517461895942688
0.15509540818060846,0.1417632502618507,0.04000201821327215,0.14454486966133123,-0.0219343900680542,-0.05141651630401611
0.15541098141561221,0.15074251361860336,0.038130879402160645,0.14495080709457403,-0.02187022566795349,-0.051283836364746094
0.15793999928818586,0.1543918986133016,0.03559812903404236,0.1429606974124908,-0.022043764591217097,-0.051337242126464844
0.15995438632379194,0.15285921157054214,0.0332733690738678,0.14241823554039001,-0.022075891494750977,-0.05124211311340332
0.16528027208855067,0.15193903928994573,0.032095491886138916,0.14101365208625788,-0.02207309007644659,-0.05236738920211792
0.17200330025784694,0.14831968092217201,0.03103122115135193,0.1378034353256225,-0.022045850753784235,-0.05368751287460327
0.19016761331811774,0.13794290603286596,0.0311806201934815,0.1253330409526825,-0.02197766304016119,-0.053792715072631836
0.18881325592692577,0.1294558668590961,0.031379491090774536,0.11566591262817377,-0.021503031253814753,-0.05300617218017578
0.18813972196032472,0.12421850027088631,0.03360110521316528,0.11389517784118658,-0.02120596170425415,-0.05156970024108887
0.18508565971835578,0.12212593412730641,0.035112351179122925,0.11302095651626592,-0.021062612533569336,-0.049345314502716064
0.1830132480667365,0.12014873561848263,0.03565147519111639,0.10947889089584356,-0.021565914154052734,-0.04938310384750366
0.18578666365195182,0.12807607776786611,0.03506416082382208,0.10982245206832886,-0.02164638042449951,-0.04997718334197998
0.19618429966939419,0.1308481362872223,0.03447785973548895,0.11100068688392639,-0.022009074687957764,-0.05280506610870361
0.20013661119472667,0.1323519412006422,0.03256157040596008,0.11178791522979742,-0.02263587713241577,-0.053909122943878174
0.2043870629321908,0.125281789123973,0.02993717789649969,0.11229163408279419,-0.023973703384399414,-0.0545693039894104
0.20786152172827907,0.12410908375584746,0.02778050303459173,0.1109791100025177,-0.024385392665863037,-0.05454862117767334
0.21194735760724284,0.12251410652462866,0.024785995483398438,0.10415995121002197,-0.022685110569000244,-0.05296295881271362
0.21256462689751465,0.12285282171697488,0.023316800594329834,0.10308471322059631,-0.022475898265838623,-0.05182856321334839
0.1988579249424189,0.12238491789593087,0.02171546220779419,0.11002129316329956,-0.02236628532409668,-0.05180025100708008
0.19170465008434365,0.11889440946045343,0.022004425525665283,0.11295256018638611,-0.02226811647415161,-0.05214351415634155
0.19157656633789322,0.11578220470655692,0.02217322587966919,0.11512166261672974,-0.022285401821136475,-0.05223971605300903
0.1945977689306351,0.11214888224617127,0.022710978984832764,0.11567401885986328,-0.022137761116027832,-0.05200660228729248
0.19530749777720638,0.1102615508933519,0.023013412952423096,0.11593654751777649,-0.022817492485046387,-0.05232447385787964
0.19820664652285336,0.10844324851673855,0.02178323268890381,0.11608651280403143,-0.02354896068572998,-0.052545905113220215
0.20277456603355773,0.10714865406091988,0.021003901958465576,0.11830660700798035,-0.025181710720062256,-0.05496025085449219
0.20816167940138997,0.10689624801516946,0.021049201488494873,0.11911100149154663,-0.02550750970840454,-0.05579107999801636
0.20971143448896465,0.10931053232171724,0.020557940006256104,0.12387856841087341,-0.02556908130645752,-0.056976914405822754
0.21183927368462543,0.10966287919014196,0.02048128843307495,0.12450671195983892,-0.02547377347946167,-0.05695265531539917
0.21277826629133534,0.11171287078392161,0.020526230335235596,0.12468546628952026,-0.025460422039031982,-0.05717968940734863
0.21386646603796639,0.11188798942129335,0.02078413963317871,0.12418270111083984,-0.02543950080871582,-0.05727750062942505
0.2146561639097475,0.11052097984749626,0.02080714702606201,0.12172532081604004,-0.02538543939590454,-0.05722230672836304
0.21642403471039717,0.10511232121174473,0.0199660062789917,0.11337190866470342,-0.024515867233276367,-0.05498760938644409
0.2192225277439138,0.10358964286403946,0.018120765686035156,0.10361266136169439,-0.022553861141204834,-0.052665531635284424
0.20835175338630033,0.10345165374757745,0.01747143268585205,0.10119706392288214,-0.02344602346420288,-0.05041271448135376
0.20222479510358907,0.10344947230234694,0.01658344268798828,0.0999021828174591,-0.02423521876335144,-0.04907888174057007
0.1975893880779324,0.10245277459269572,0.01574254035949707,0.09868365526199341,-0.025133967399597168,-0.04844343662261963
0.19683463096736978,0.1001184108180663,0.015183806419372559,0.0981046855449676,-0.025745481252670344,-0.04855448007583618
0.1961747873937081,0.09864990513944276,0.014412760734558105,0.0975179374217987,-0.026334106922149714,-0.04889863729476929
0.1940609828219582,0.09616236894331627,0.013743698596954346,0.0974406898021698,-0.02685528993606573,-0.04943138360977173
0.19386559940163026,0.09465364709068652,0.013086438179016113,0.09754642844200129,-0.026959538459777888,-0.049457848072052
0.19481058100725107,0.09909385553967313,0.011748552322387695,0.09888470172882086,-0.02709794044494629,-0.05101799964904785
0.19239729047485662,0.09927415956647863,0.01041555404663086,0.100830078125,-0.027301698923110962,-0.05255997180938721
0.19154390542407165,0.09873320604984738,0.010808169841766357,0.10182753205299383,-0.0273972749710083,-0.05307978391647339
0.1914978374441195,0.10033152882168091,0.01105576753616333,0.10705959796905523,-0.026647120714187622,-0.05302143096923828
0.1860047890495944,0.09910180995990694,0.01175236701965332,0.11608639359474182,-0.026578545570373535,-0.0534510612487793
0.18517890665872974,0.0963565469578528,0.013073563575744629,0.11897885799407953,-0.02704626321792608,-0.05415397882461548
0.1859699789354825,0.0953890564120961,0.013203620910644531,0.11880084872245789,-0.027133077383041382,-0.054539382457733154
0.19226252491492082,0.09441925947881237,0.013453841209411621,0.1151376068592071,-0.02709060907363897,-0.0543971061706543
0.19178481170848447,0.0965205019199899,0.014100372791290283,0.11908206343650818,-0.026986837387085016,-0.05451291799545288
0.19077422080969295,0.10940704839608746,0.015337049961090088,0.1251115500926972,-0.027135848999023438,-0.055778682231903076
0.19984426363256677,0.12217954894727952,0.01701146364212036,0.1283015012741089,-0.02632308006286621,-0.05754733085632324
0.20422773525751134,0.12506341117655148,0.019810199737548828,0.13401919603347784,-0.025262296199798584,-0.05855649709701538
0.20953511718765966,0.1258377619431114,0.023191213607788086,0.1373713612556458,-0.024823129177093506,-0.05885899066925049
0.21387154780575998,0.13143110534710037,0.029030263423919678,0.13797596096992498,-0.025451838970184326,-0.06021523475646973
0.21489662316282543,0.13791597156450786,0.030643999576568604,0.13828480243682867,-0.025216281414031982,-0.06123542785644531
0.21560610461107557,0.14019961138007933,0.03232681751251221,0.1365015208721161,-0.024407505989074707,-0.061141014099121094
0.21519068782316644,0.14764061910720033,0.03487116098403931,0.13876000046730042,-0.023828446865081787,-0.06146186590194702
0.21488693747502394,0.14709643685944193,0.03747457265853882,0.1413265466690064,-0.023718178272247314,-0.06259727478027344
0.21322115164094152,0.14594574827863369,0.03896474838256836,0.1425512731075287,-0.022656023502349854,-0.062463462352752686
0.21096746887463846,0.14520868850255408,0.03939610719680786,0.14291715621948248,-0.022784411907196045,-0.06242871284484863
0.21019996386648657,0.14425045675712653,0.0393679141998291,0.142757385969162,-0.022811174392700195,-0.0627778172492981
0.20883044100235348,0.14039242017605186,0.039495229721069336,0.14242899417877197,-0.022837936878204346,-0.06254100799560547
0.20071747687510258,0.13653373220185366,0.03962254524230957,0.1421009600162506,-0.023034334182739258,-0.06267786026000977
0.1999575790377844,0.13552509792454162,0.040258169174194336,0.14229294657707214,-0.02337104082107544,-0.06256365776062012
0.1938109192013094,0.13638710699702147,0.04032707214355469,0.1442444622516632,-0.023494839668273926,-0.06260544061660767
0.18846882672742407,0.14003016159057802,0.040318429470062256,0.14890405535697943,-0.023753702640533447,-0.06323754787445068
0.18946943022704263,0.14376047806756195,0.039910972118377686,0.1522892713546753,-0.023834824562072754,-0.06319582462310791
0.192697117810035,0.1503446005561414,0.03956097364425659,0.15341746807098394,-0.02374553680419922,-0.06310933828353882
0.19486735443863654,0.15270155467243016,0.03932124376296997,0.15341794490814215,-0.023623347282409668,-0.06282329559326172
0.19750721916128716,0.15778686427082708,0.0388144850730896,0.15446817874908453,-0.02361840009689331,-0.06295245885848999
0.19911763750276074,0.15842028564118238,0.03879636526107788,0.1540440320968628,-0.023503005504608154,-0.06278812885284424
0.2010081489719078,0.15755910692356084,0.039117395877838135,0.15337926149368292,-0.023524940013885498,-0.06276363134384155
0.20131828108141628,0.1563996595578167,0.040232300758361816,0.1523086428642273,-0.024239301681518555,-0.0638885498046875
0.2029820577723071,0.15500806658625452,0.04133635759353638,0.15093538165092474,-0.024785995483398438,-0.06448924541473389
0.20378275078566171,0.15414081283794548,0.042675018310546875,0.15097272396087652,-0.024960339069366455,-0.06491011381149292
0.20389497994037434,0.1544533065145207,0.044836580753326416,0.15242129564285284,-0.025149405002593994,-0.06521117687225342
0.20338773529884782,0.15142524328942736,0.04698896408081055,0.1529569327831269,-0.02560478448867798,-0.06548166275024414
0.20172057093505277,0.15122912555153376,0.049023211002349854,0.15428709983825684,-0.026263117790222168,-0.0657663345336914
0.19947667901894117,0.14983866872775498,0.04891252517700195,0.15492269396781927,-0.02644813060760498,-0.066680908203125
0.19857729410368533,0.1493850980021495,0.048928260803222656,0.15523326396942144,-0.026705920696258545,-0.067435622215271
0.19819110231017117,0.14998260425837756,0.04858434200286865,0.155366599559784,-0.026827335357666016,-0.06780010461807251
0.1987166258550146,0.15064132745586914,0.04830443859100342,0.15551155805587769,-0.02688908576965332,-0.0683712363243103
0.1993605117262956,0.15180204561634622,0.04712861776351929,0.15639647841453558,-0.02734243869781494,-0.06883734464645386
0.20090770037542566,0.15456273471232176,0.04768824577331543,0.1580460965633393,-0.028198540210723877,-0.06966155767440796
0.2027022743694887,0.15341841407760798,0.04653400182723999,0.15878713130950933,-0.02914971113204956,-0.0697740912437439
0.20205702452472274,0.15447059714226302,0.044634461402893066,0.16150233149528503,-0.029818952083587646,-0.07026708126068115
0.19084051590743237,0.14900069418894002,0.04355508089065552,0.16222900152206426,-0.02989208698272705,-0.06998884677886963
0.19286739989117946,0.13637172695385105,0.043121933937072754,0.16105708479881287,-0.02975642681121826,-0.06719034910202026
0.1992613013609768,0.1318210371544119,0.0426788330078125,0.15561628341674805,-0.029634296894073486,-0.06688517332077026
0.20329108853559288,0.12537786611011012,0.03901737928390503,0.14340740442276007,-0.028907060623168945,-0.06692498922348022
0.20718807130783062,0.12095201802867843,0.03454399108886719,0.1337590515613556,-0.02730792760848999,-0.06680339574813843
0.21424201359698128,0.11687008983374866,0.03056424856185913,0.12347203493118292,-0.02558821439743042,-0.06559723615646362
0.22569379607723136,0.11346298527588067,0.027982652187347412,0.10520568490028387,-0.023707151412963867,-0.06295692920684814
0.2305234244658611,0.11386582295217908,0.02632385492324829,0.1049522757530213,-0.022584497928619385,-0.05945849418640137
0.23148998132675552,0.11389226029856905,0.025479018688201904,0.1065206229686737,-0.02275174856185913,-0.05810105800628662
0.21514234344544936,0.11504014921837302,0.025479793548583984,0.12945467233657837,-0.02333909273147583,-0.05951935052871704
0.20798257495122086,0.11686908418135591,0.025723516941070557,0.13371029496192932,-0.023531019687652588,-0.05871760845184326
0.20645531991131014,0.11862236697177896,0.025909066200256348,0.13385102152824402,-0.024026215076446533,-0.05867171287536621
0.20548635858169462,0.11847374423727548,0.024952590465545654,0.13383620977401733,-0.02436685562133789,-0.06054908037185669
0.20540182068663548,0.11850985438819972,0.024058878421783447,0.1336977481842041,-0.024546802043914795,-0.06205648183822632
0.20522980080573724,0.11953974915381918,0.024015307426452637,0.13398870825767517,-0.025559604167938232,-0.06228792667388916
0.20441963691672627,0.12097446341788622,0.024514079093933105,0.1349590420722962,-0.026083767414093018,-0.06369882822036743
0.20289686437275356,0.12198210273796745,0.024844110012054443,0.13542219996452337,-0.027258455753326416,-0.0645105242729187
0.20276392282110983,0.12204978102349356,0.025194883346557617,0.1358068883419037,-0.02864927053451538,-0.06448620557785034
0.20310390572317896,0.12351233281570463,0.02519237995147705,0.13580197095870977,-0.02950829267501831,-0.0647507905960083
0.20479972889288767,0.12195124824804428,0.024756252765655518,0.13419961929321295,-0.029534101486206055,-0.06500023603439331
0.20602079417327634,0.12100994781908671,0.024371623992919922,0.1341172456741333,-0.029567956924438477,-0.06575655937194824
0.21812692758615698,0.12146634825453448,0.023374199867248535,0.13252529501914978,-0.02906501293182373,-0.06501376628875732
0.22496259612215427,0.12381945937948304,0.022916316986083984,0.1298953294754029,-0.02861553430557251,-0.06497275829315186
0.22379898045124957,0.13152207607642535,0.022974371910095215,0.13060164451599127,-0.028704583644866943,-0.06533044576644897
0.2187999176007296,0.13070919912702283,0.02317601442337036,0.13166451454162603,-0.029228031635284424,-0.06581699848175049
0.2184617227000628,0.12995546531844973,0.02212536334991455,0.13149258494377142,-0.0293847918510437,-0.06628257036209106
0.22527478468002787,0.1318147970373797,0.021060824394226074,0.1313023567199707,-0.029569566249847412,-0.06732845306396484
0.22918392051991424,0.13569009870095847,0.020418167114257812,0.13190284371376038,-0.03010845184326172,-0.06859952211380005
0.22959915218800347,0.13622775398326262,0.01989692449569702,0.132274329662323,-0.03062593936920166,-0.06951963901519775
0.22789871549868687,0.1361940523538756,0.01975017786026001,0.13213235139846802,-0.03100144863128662,-0.06992024183273315
0.22643191731081452,0.13575424121049606,0.019700169563293457,0.1334509253501892,-0.03104543685913086,-0.06993347406387329
0.21741827255266913,0.13376515382256507,0.019904136657714844,0.1376532018184662,-0.03035569190979004,-0.06966102123260498
0.2180288478065861,0.1303474952059344,0.019909322261810303,0.13737663626670837,-0.03010571002960205,-0.06844949722290039
0.21982745126463735,0.12735361838723475,0.019605934619903564,0.13484245538711553,-0.029683470726013184,-0.06790763139724731
0.22551759453395978,0.12505607411403422,0.01938396692276001,0.1309954822063446,-0.029242992401123047,-0.06755495071411133
0.22672934254184354,0.12435834750479569,0.019432008266448975,0.13034093379974365,-0.028948843479156494,-0.06742686033248901
0.22709728073938834,0.12468030980968642,0.019804179668426514,0.1305798590183258,-0.028384804725646973,-0.06761258840560913
0.22733772849689016,0.12479509609856605,0.020432114601135254,0.13091793656349188,-0.028407812118530273,-0.06774139404296875
0.2284467936826154,0.12438696634452455,0.021100163459777832,0.13037016987800604,-0.02801811695098877,-0.06777411699295044
0.22865618202427798,0.12217634826884931,0.022107720375061035,0.12986728549003607,-0.02794325351715088,-0.0679122805595398
0.22401720985391446,0.1205328155426115,0.022767245769500732,0.13036680221557617,-0.028171241283416748,-0.06791847944259644
0.22551118549823437,0.11981657050337793,0.02264493703842163,0.13009709119796758,-0.027685046195983887,-0.06719541549682617
0.22833150596860885,0.11926283793323356,0.022615253925323486,0.1279318630695343,-0.026930153369903564,-0.06678211688995361
0.22898401351687317,0.12011163588557187,0.02260422706604004,0.12914472818374634,-0.025199592113494873,-0.06662642955780029
0.22784030830714977,0.12195391645008767,0.021381020545959473,0.13078123331069946,-0.024703681468963623,-0.06730508804321289
0.22274869681864284,0.12329142230137329,0.021389901638031006,0.13454428315162664,-0.02629941701889038,-0.07027727365493774
0.22151465576261478,0.1251398648755373,0.019449234008789062,0.1359853744506836,-0.026386260986328125,-0.06977546215057373
0.21581052263735406,0.1268277192079503,0.01682502031326294,0.14084237813949585,-0.026962459087371826,-0.07231748104095459
0.2221374754919944,0.12818937853244217,0.012569725513458252,0.13779494166374207,-0.024793505668640137,-0.07092559337615967
0.22386677784060685,0.1263420662048657,0.009215295314788818,0.13231596350669866,-0.02277219295501709,-0.07073873281478882
0.22418410061487773,0.12458521567681122,0.006310760974884033,0.126050353050232,-0.02175062894821167,-0.07030647993087769
0.22409170587437047,0.12356216710522014,0.0018610954284667969,0.11957734823226934,-0.020860731601715088,-0.07016521692276001
0.23468842135038653,0.12234549791876351,0.0009813904762268066,0.10324889421463018,-0.01978123188018799,-0.06799399852752686
0.2357523923398017,0.12378555322774631,6.383657455444336e-05,0.10320216417312622,-0.019426822662353516,-0.06682652235031128
0.23185204163640472,0.12587950656150598,-0.000638425350189209,0.10368186235427862,-0.018807828426361084,-0.06628823280334473
0.23092520642356648,0.130530112349527,-0.0022805333137512207,0.10304754972457886,-0.018098175525665283,-0.06655669212341309
0.22512275260905085,0.1341047762036177,-0.003264784812927246,0.12045171856880194,-0.01833796501159668,-0.06874895095825195
0.22021077513422901,0.1362224432980006,-0.003630340099334717,0.12807932496070862,-0.01855236291885376,-0.07127481698989868
0.21999037005744104,0.1382312429389685,-0.005413651466369629,0.1268210113048554,-0.0189821720123291,-0.07365036010742188
0.21720355360320562,0.14133255036254985,-0.005397796630859375,0.13138246536254888,-0.01928001642227173,-0.07415169477462769
0.2167779556978924,0.14389268039323827,-0.005237102508544922,0.13110205531120306,-0.0196077823638916,-0.07458782196044922
0.21655380249900946,0.14131681629992726,-0.006239891052246094,0.12122514843940735,-0.019960224628448486,-0.07498675584793091
0.21912188058239218,0.13716792620443163,-0.006807804107666016,0.11367002129554754,-0.02075374126434326,-0.07457858324050903
0.2182452043821112,0.13703608299667053,-0.006932616233825684,0.11300623416900635,-0.021361470222473145,-0.07471245527267456
0.21575023731449547,0.133061109412217,-0.005224347114562988,0.11808216571807861,-0.021386265754699707,-0.07410776615142822
0.2122495718543005,0.1307547145859699,-0.002492249011993408,0.12197482585906982,-0.021578311920166016,-0.07340699434280396
0.20263242969140247,0.1350021393659291,-0.0013827085494995117,0.13340941071510315,-0.02199375629425049,-0.07311934232711792
0.19267109741542948,0.14047373708278377,0.001392662525177002,0.1469777226448059,-0.023226380348205566,-0.0734248161315918
0.1919454800497894,0.14077227223986255,0.0024219751358032227,0.14618900418281555,-0.023464679718017578,-0.07317852973937988
0.21850636906953022,0.13850541812020079,0.0035703182220458984,0.12806227803230286,-0.022780537605285645,-0.07075703144073486
0.22626820370125278,0.1348274563231897,0.0029517412185668945,0.11013907194137573,-0.02205657958984375,-0.0697406530380249
0.22826536102222333,0.1351893086553087,0.0030452609062194824,0.1089799702167511,-0.021851956844329834,-0.06846582889556885
0.2324850369259201,0.13776627911757458,0.003660917282104492,0.10945537686347961,-0.02210444211959839,-0.06825464963912964
0.2359675438458988,0.14180462615402498,0.0033269524574279785,0.10774174332618719,-0.022303640842437744,-0.06729525327682495
0.23711545660756553,0.1443053095450851,0.0012637972831726074,0.10645356774330139,-0.022733449935913086,-0.06708729267120361
0.2360355213749463,0.14457981287934787,0.002283930778503418,0.1076101958751679,-0.023468077182769775,-0.06704610586166382
0.2314637865562992,0.14736903680391553,0.004795730113983154,0.11588293313980108,-0.025057196617126465,-0.06766891479492188
0.23110916625256292,0.14697901792776696,0.005342245101928711,0.11645156145095825,-0.0255964994430542,-0.06832724809646606
0.23047506404899196,0.14684691855369042,0.007050275802612305,0.11672371625900269,-0.02670067548751831,-0.06933069229125977
0.23014414797588767,0.14734742410119928,0.009225666522979736,0.11728152632713323,-0.027554333209991455,-0.06993740797042847
0.22937186368487852,0.14548340942268811,0.010525822639465332,0.11686676740646362,-0.027794837951660156,-0.07028341293334961
0.2302488184037583,0.14174950691084595,0.011089026927947998,0.11351773142814642,-0.027747511863708496,-0.06948506832122803
0.22952008413198013,0.14177943405518462,0.011079609394073486,0.11370274424552917,-0.02785170078277588,-0.06979471445083618
0.22977287248174136,0.14203983341586712,0.010244309902191162,0.11360698938369751,-0.02808845043182373,-0.07022207975387573
0.23021294760429392,0.14258274150388792,0.00948411226272583,0.11408212780952454,-0.028486788272857666,-0.07042855024337769
0.23054982159285595,0.14416628232736464,0.00855720043182373,0.11397960782051092,-0.028555452823638916,-0.0706183910369873
0.22765903445482433,0.14440633477352238,0.0077860355377197266,0.11469569802284241,-0.028619349002838135,-0.07092404365539551
0.2276333238059006,0.14482806915857524,0.006166040897369385,0.11369729042053228,-0.028757214546203613,-0.07129490375518799
0.22940416210867412,0.14658704184099794,0.0015628337860107422,0.11223053932189947,-0.028842806816101074,-0.07222884893417358
0.23250844422312236,0.1417502797038224,-0.0008095502853393555,0.1044517457485199,-0.028410136699676514,-0.07217663526535034
0.23432562303348453,0.14031740649359428,-0.002263188362121582,0.10068857669830328,-0.027927756309509277,-0.07198035717010498
0.23316878970441388,0.13484236294029184,-0.0023546814918518066,0.10140833258628851,-0.02760171890258789,-0.07160699367523193
0.23607778137097243,0.13659764686923445,-0.0050026774406433105,0.10186368227005005,-0.027333319187164307,-0.07143950462341309
0.23631152202378378,0.13868305124656005,-0.005788326263427734,0.10345548391342163,-0.026935040950775146,-0.07124453783035278
0.2313165568202002,0.14328256501747025,-0.007693111896514893,0.10342612862586975,-0.026404738426208496,-0.07161444425582886
0.22749268298502112,0.14488854257562625,-0.008531570434570312,0.1073441207408905,-0.026290535926818848,-0.07210391759872437
0.22653577851941578,0.14764877307704607,-0.010394275188446045,0.10809814929962164,-0.02607673406600952,-0.0727611780166626
0.22249617884288211,0.15266011274025337,-0.011436283588409424,0.11390858888626104,-0.02562814950942993,-0.0735517144203186
0.21852561362099804,0.15794746072518262,-0.011474251747131348,0.11857026815414429,-0.025618255138397217,-0.07455474138259888
0.2129896375365663,0.1589402542301695,-0.011171400547027588,0.12330996990203863,-0.025627851486206055,-0.07469910383224487
0.21278902776172928,0.15852914696992498,-0.011212289333343506,0.1231306791305542,-0.025530576705932617,-0.0746924877166748
0.21357792330236616,0.1563509299693599,-0.010903537273406982,0.12073722481727606,-0.02521580457687378,-0.07385379076004028
0.21399148145197686,0.15408493907043636,-0.011177778244018555,0.11774513125419617,-0.02509409189224243,-0.07380622625350952
0.21653352765841477,0.1467584638949851,-0.011398017406463623,0.10557562112808228,-0.024891555309295654,-0.07261490821838379
0.21851730711935222,0.14646419812156308,-0.0135115385055542,0.10417786240577698,-0.024442315101623535,-0.0717572569847107
0.22069986444867942,0.1474620397854887,-0.015614151954650879,0.10269466042518621,-0.024194061756134033,-0.07212120294570923
0.2224308336930135,0.14822899849641322,-0.017214059829711914,0.10075727105140686,-0.023945748805999756,-0.07224452495574951
0.23003786082425784,0.14444339203274784,-0.018276870250701904,0.09007421135902405,-0.0238339900970459,-0.07215315103530884
0.24227753716886563,0.14379515449047164,-0.02030491828918457,0.07889097929000854,-0.023706257343292236,-0.07186245918273926
0.24338345614096984,0.14399057752299,-0.020242035388946533,0.08008876442909246,-0.023626744747161865,-0.07156014442443848
0.24033070550784869,0.14499970611175012,-0.02029871940612793,0.08728948235511785,-0.023626744747161865,-0.0718233585357666
0.23876503137226976,0.14634490896347066,-0.02029520273208618,0.09127503633499146,-0.023621737957000732,-0.07225656509399414
0.23696821275587357,0.1484674226163422,-0.019192814826965332,0.10205858945846563,-0.023883044719696045,-0.07319778203964233
0.24157068690270664,0.15005083557726606,-0.018096983432769775,0.10389840602874756,-0.024338722229003906,-0.07414859533309937
0.24326651075289993,0.1506674176095702,-0.01749253273010254,0.10436522960662847,-0.02430516481399536,-0.07557785511016846
0.23593804802766782,0.1498914694479087,-0.01460874080657959,0.10860487818717962,-0.024816513061523438,-0.07723379135131836
0.23529413221782583,0.1595889875034017,-0.011945962905883789,0.11581936478614813,-0.025886595249176025,-0.08001768589019775
0.23726081396977383,0.1639524646365638,-0.012487709522247314,0.11431461572647095,-0.025783181190490723,-0.08110100030899048
0.2374516618269296,0.16426589311947676,-0.012846171855926514,0.11532607674598694,-0.025853216648101807,-0.08343160152435303
0.23716929897482167,0.16772370869987796,-0.013379156589508057,0.11808109283447271,-0.0262223482131958,-0.0843362808227539
0.2369398009645034,0.16542744551680896,-0.01380831003189087,0.12017458677291876,-0.026302039623260498,-0.08479964733123779
0.2383031785707476,0.16187318620692237,-0.01695084571838379,0.12038221955299383,-0.02637195587158203,-0.08539509773254395
0.23699696602968878,0.1543982674750696,-0.01749718189239502,0.1203986406326294,-0.026532292366027832,-0.08647578954696655
0.23722473670773653,0.15208673747403534,-0.017470240592956543,0.13248777389526367,-0.02687990665435791,-0.08965152502059937
0.2416262993453754,0.14652295907515522,-0.01588517427444458,0.12312957644462585,-0.026763319969177246,-0.08493185043334961
0.24711129325257394,0.14686748452902343,-0.015441596508026123,0.12011376023292547,-0.02640509605407715,-0.08472740650177002
0.2513662565824563,0.14869703172137877,-0.01422661542892456,0.11752277612686157,-0.025867819786071777,-0.08441281318664551
0.25913751667538965,0.1464709627327924,-0.013844668865203857,0.10140627622604376,-0.025486886501312256,-0.08318328857421875
0.2639368603061181,0.147890385126832,-0.014266371726989746,0.09122997522354132,-0.02325505018234253,-0.0794782042503357
0.26557526228209943,0.15330876602404928,-0.015073180198669434,0.08895358443260193,-0.021738052368164062,-0.07829689979553223
0.2680867795570672,0.15645487705410963,-0.016124367713928223,0.08445522189140325,-0.020215630531311035,-0.07629793882369995
0.26711692212524635,0.15710764296753155,-0.015748918056488037,0.08048421144485474,-0.018177270889282227,-0.06962203979492188
0.26901488649609157,0.1560387067944782,-0.01717233657836914,0.07391506433486944,-0.016813457012176514,-0.06517922878265381
0.27053037976599476,0.1642781426738674,-0.022821784019470215,0.0664218962192536,-0.015210092067718506,-0.0635918378829956
0.2689713254916269,0.16541246942879417,-0.024616003036499023,0.06643077731132507,-0.014958560466766357,-0.06382977962493896
0.26782967939772295,0.16560795869930553,-0.026384830474853516,0.07679754495620733,-0.015226483345031738,-0.06457948684692383
0.2646530409985787,0.16948119836922554,-0.02636122703552246,0.0954508781433106,-0.015307903289794922,-0.06556248664855957
0.26334599653307444,0.1682666697465915,-0.02613818645477295,0.09692633152008062,-0.015212655067443848,-0.06570625305175781
0.2615589619547057,0.16702456801673887,-0.025288105010986328,0.09659570455551153,-0.014965295791625977,-0.06528300046920776
0.2609676294616386,0.16649801026987254,-0.025721073150634766,0.09576553106307989,-0.014382779598236084,-0.06480729579925537
0.25754815418479526,0.16584328313232174,-0.02417910099029541,0.09474733471870422,-0.01334238052368164,-0.06424951553344727
0.25662574151759165,0.16290961716866956,-0.02373671531677246,0.09332028031349182,-0.013189315795898438,-0.06418275833129883
0.2564395947511044,0.15752053616309075,-0.024139821529388428,0.09003999829292303,-0.013043642044067383,-0.0631905198097229
0.258463404067099,0.15071817863839107,-0.02733767032623291,0.07353630661964417,-0.01247704029083252,-0.06121724843978882
0.25981886419981554,0.14960448711459226,-0.02780628204345703,0.07320025563240051,-0.012874603271484375,-0.060522496700286865
0.26295411350594367,0.1502101710222908,-0.028564512729644775,0.0731178224086762,-0.013267815113067627,-0.06252992153167725
0.26641574337426316,0.15291282016877114,-0.02494990825653076,0.07464718818664556,-0.01574188470840454,-0.06489431858062744
0.2658584709935819,0.1554151145948594,-0.02250152826309204,0.07606154680252081,-0.017129182815551758,-0.0680387020111084
0.2651658787764971,0.15735061190939056,-0.022228538990020752,0.07759481668472296,-0.017567455768585205,-0.06895041465759277
0.2621769706342471,0.16172946901847188,-0.019344627857208252,0.0940517783164978,-0.018563449382781982,-0.07080429792404175
0.26000982302533243,0.16337793742010373,-0.019098341464996338,0.10136914253234863,-0.018927395343780518,-0.07164126634597778
0.26235454625923466,0.16545939000552873,-0.019003093242645264,0.10417038202285767,-0.01917588710784912,-0.07392019033432007
0.26328826890287055,0.1662901084431145,-0.01934826374053955,0.1050494015216828,-0.019618570804595947,-0.07646989822387695
0.26298294658521065,0.16534253043630523,-0.018791913986206055,0.10462218523025518,-0.019766628742218018,-0.07692134380340576
0.26361074891618513,0.16405575355454344,-0.01880049705505371,0.10443034768104553,-0.020250260829925537,-0.07867169380187988
0.26455612494544584,0.16347131767794365,-0.017802119255065918,0.10445362329483038,-0.02122265100479126,-0.07935774326324463
0.26606579150748055,0.16160783968587059,-0.01674896478652954,0.10174500942230225,-0.02183288335800171,-0.07890337705612183
0.2659036196272126,0.161710716225755,-0.01609712839126587,0.10304608941078186,-0.022014915943145752,-0.07889008522033691
0.2656664921894188,0.16183873425230347,-0.01592564582824707,0.10335281491279608,-0.02196502685546875,-0.07865297794342041
0.2645488840634575,0.16333006519516058,-0.016140401363372803,0.10709759593009949,-0.021748363971710205,-0.07866615056991577
0.2643548776655646,0.164419510993339,-0.017754316329956055,0.10600811243057251,-0.021115124225616455,-0.07823723554611206
0.26133217765657096,0.16453031946867483,-0.019279301166534424,0.10446900129318243,-0.021048545837402344,-0.07808172702789307
0.2621620790309189,0.1635576368388638,-0.020526349544525146,0.09926754236221319,-0.020752370357513428,-0.07690292596817017
0.26046131729127964,0.16212605657213153,-0.021819651126861572,0.09368556737899786,-0.019680559635162354,-0.07585287094116211
0.26483085515061594,0.16342040878660885,-0.02770894765853882,0.08697456121444708,-0.019492506980895996,-0.07704508304595947
0.2660098334254574,0.16318144613319757,-0.029159188270568848,0.08479776978492737,-0.01947629451751709,-0.07741367816925049
0.2668426079106762,0.16466316140163245,-0.030287563800811768,0.08459863066673284,-0.01949489116668701,-0.07742935419082642
0.267373274142984,0.1661737091692527,-0.030888736248016357,0.08572131395339966,-0.019469738006591797,-0.07747387886047363
0.26820044341110816,0.16781085940738108,-0.031444251537323,0.08439549803733831,-0.019335448741912842,-0.07712894678115845
0.2716205276973583,0.17643962144220826,-0.03597700595855713,0.08223098516464233,-0.019233286380767822,-0.07696443796157837
0.2738829287086465,0.17588835907348696,-0.03881204128265381,0.07854020595550537,-0.019197940826416016,-0.07712870836257935
0.269032665944256,0.17045564869854393,-0.038284897804260254,0.07482075691223145,-0.01888221502304077,-0.07683652639389038
0.26974330226068327,0.17197178300134877,-0.03596550226211548,0.07849705219268799,-0.01993316411972046,-0.07726144790649414
0.264941578505142,0.1725868544627591,-0.03463590145111084,0.08672821521759039,-0.020613431930541992,-0.0783490538597107
0.261043915753063,0.1821629102004422,-0.035071372985839844,0.09400361776351934,-0.02207791805267334,-0.08227181434631348
0.25372185353520815,0.1878307540798775,-0.030820608139038086,0.10956257581710815,-0.02462935447692871,-0.08574271202087402
0.2527571677998762,0.17717135487204994,-0.029669463634490967,0.11455628275871277,-0.0246279239654541,-0.08572745323181152
0.25776125719157444,0.18498640969264482,-0.033306896686553955,0.12460359930992132,-0.025930941104888916,-0.08979594707489014
0.26049768428294556,0.18646574635114785,-0.034497082233428955,0.12634578347206116,-0.026070713996887207,-0.09234070777893066
0.2592662115157492,0.18217870833577055,-0.032938480377197266,0.1279422640800476,-0.025580286979675293,-0.093147873878479
0.26103748711385255,0.188888435470684,-0.03565579652786255,0.1291343867778778,-0.025387108325958252,-0.09548115730285645
0.26193200784100895,0.1903107595184033,-0.033935546875,0.1278907060623169,-0.02444392442703247,-0.09649288654327393
0.2557608003024994,0.1901736075257981,-0.030660808086395264,0.12937283515930176,-0.0234336256980896,-0.0968163013458252
0.25771151799581604,0.18404895246423897,-0.030146241188049316,0.11052566766738897,-0.02234351634979248,-0.0963473916053772
0.2578366518269792,0.17371384008105914,-0.025158047676086426,0.09710454940795904,-0.021486759185791016,-0.09417229890823364
0.25919564564207553,0.16397183044279345,-0.01852947473526001,0.08746883273124695,-0.021209716796875,-0.090778648853302
0.2627446179120472,0.1595421576603085,-0.016435742378234863,0.08539044857025146,-0.021008312702178955,-0.08646714687347412
0.2604720818366703,0.15592594122683914,-0.013830304145812988,0.0916567742824555,-0.020864784717559814,-0.08231055736541748
0.2612030064173432,0.1544685287454632,-0.012548387050628662,0.09224987030029297,-0.020782113075256348,-0.07897686958312988
0.26109904341191,0.15432862366674507,-0.012214422225952148,0.09306520223617554,-0.02041524648666382,-0.07819753885269165
0.26200289238213836,0.15375467802226792,-0.012002289295196533,0.08947911858558655,-0.020423054695129395,-0.07832640409469604
0.2493269966630027,0.1496848444591675,-0.009985506534576416,0.10673397779464727,-0.02201366424560547,-0.07875877618789673
0.25143574962399273,0.14868743418644348,-0.009892702102661133,0.10731393098831177,-0.022041499614715576,-0.07801598310470581
0.2535247674721468,0.1461856123732152,-0.010107159614562988,0.10167497396469116,-0.022082090377807617,-0.07834774255752563
0.2544483797413559,0.14641934173685217,-0.01097726821899414,0.103451818227768,-0.02481895685195923,-0.07897180318832397
0.268681637726959,0.15552310141457087,-0.01046133041381836,0.0988790392875672,-0.024965882301330566,-0.07787859439849854
0.27256940584222883,0.15616667538723725,-0.010069727897644043,0.09716400504112249,-0.02410900592803955,-0.07671451568603516
0.266004655398984,0.15365682718380702,-0.010752618312835693,0.10767355561256414,-0.023495793342590332,-0.07649195194244385
0.2652304172155699,0.1556234929744846,-0.010457336902618408,0.11126613616943365,-0.023495495319366455,-0.07659268379211426
0.26480330536944213,0.15602459912586086,-0.010629832744598389,0.11064976453781128,-0.023388922214508057,-0.07499271631240845
0.26391222300070355,0.153231246847967,-0.01142418384552002,0.12000933289527893,-0.023485660552978516,-0.0744524598121643
0.2658926206132209,0.15188182947556844,-0.011682450771331787,0.12005510926246643,-0.023700356483459473,-0.07654225826263428
0.2624721048082739,0.1492361618146853,-0.011891782283782959,0.12260037660598755,-0.024105727672576904,-0.07814013957977295
0.25898362077203174,0.14776907069683567,-0.012079000473022461,0.12142881751060491,-0.02437126636505127,-0.07817238569259644
0.27053022137546756,0.14459668068277529,-0.013736903667449951,0.11180847883224493,-0.024343550205230713,-0.07792031764984131
0.2718104680079474,0.14304661255045925,-0.012784421443939209,0.1087101399898529,-0.025081336498260498,-0.07848513126373291
0.2726677383354998,0.13843312863872712,-0.012013614177703857,0.10996201634407043,-0.02587735652923584,-0.08133971691131592
0.2731933095868676,0.13859386583519692,-0.012510240077972412,0.1086670458316803,-0.0262911319732666,-0.08486264944076538
0.27633543219855283,0.14388282120019422,-0.01604306697845459,0.10584619641304016,-0.026458263397216797,-0.08625918626785278
0.2800724117846094,0.1440269150224414,-0.018587052822113037,0.09941568970680237,-0.02684462070465088,-0.08665794134140015
0.2838619528061057,0.1463372839664928,-0.022766828536987305,0.0945327877998352,-0.02698814868927002,-0.08811378479003906
0.2893507107549188,0.15138460039229867,-0.02794790267944336,0.08861857652664185,-0.02730792760848999,-0.08972269296646118
0.29321277100788146,0.1505357628230107,-0.0293542742729187,0.08674669265747076,-0.02739560604095459,-0.09047108888626099
0.2940377967900642,0.1493489752427282,-0.02779906988143921,0.08572620153427124,-0.028947174549102783,-0.09091627597808838
0.29395585533649865,0.14745194605909134,-0.02563798427581787,0.0886547863483429,-0.030143380165100098,-0.0920136570930481
0.2943363259030846,0.14466573088763335,-0.024379730224609375,0.09522724151611334,-0.03063875436782837,-0.09408742189407349
0.2960779023054672,0.14463051404562932,-0.021502554416656494,0.09575322270393372,-0.032315850257873535,-0.0941959023475647
0.2958966410714207,0.14335029328892396,-0.020805776119232178,0.09649962186813354,-0.032475054264068604,-0.09451562166213989
0.29744585551877867,0.14403193559744698,-0.018053710460662842,0.09892159700393677,-0.03419679403305054,-0.09823131561279297
0.30059357443256174,0.14519894470132885,-0.017804980278015137,0.10079962015151983,-0.03354346752166748,-0.09881758689880371
0.30304388028233953,0.14565563684723562,-0.01872795820236206,0.10018685460090637,-0.03315401077270508,-0.0990443229675293
0.30601500570301554,0.1463675715175132,-0.019237041473388672,0.09877413511276245,-0.032763659954071045,-0.09818375110626221
0.2979282193899564,0.13830551587771517,-0.017751634120941162,0.12668326497077942,-0.03307300806045532,-0.09874486923217773
0.28166500529074984,0.13903184100593563,-0.01654183864593506,0.14439055323600775,-0.0332484245300293,-0.09958326816558838
0.2682393072623169,0.1406613813400154,-0.015161275863647461,0.1531932950019837,-0.033731281757354736,-0.10051530599594116
0.26563431567346624,0.13936460588164407,-0.013501107692718506,0.15062829852104187,-0.03337210416793823,-0.10064470767974854
0.2751671521963887,0.1352733338822975,-0.015580236911773682,0.1499162912368775,-0.03196901082992554,-0.09860783815383911
0.2773131057041498,0.13851129122119257,-0.01884526014328003,0.14551916718482977,-0.031511127948760986,-0.09797972440719604
0.29348173243833253,0.13630353254521227,-0.021406471729278564,0.1311884224414826,-0.031432509422302246,-0.09631234407424927
0.3003492763973166,0.1337743088134681,-0.020875930786132812,0.1299991011619568,-0.03384530544281006,-0.09657931327819824
0.30820847899192694,0.17219706941138055,-0.02100914716720581,0.10400217771530151,-0.03502422571182251,-0.09773451089859009
0.30867338298337355,0.15488463908905606,-0.020667433738708496,0.10694175958633428,-0.03577840328216553,-0.09964650869369507
0.2985522032068063,0.1372560803815533,-0.01970350742340088,0.1286264955997467,-0.03585618734359741,-0.09999781847000122
0.30020273631073774,0.16711371278372378,-0.020391106605529785,0.10978537797927862,-0.03660392761230469,-0.09993469715118408
0.30070163960719787,0.16974308151965659,-0.020798087120056152,0.10812127590179443,-0.036898910999298096,-0.10103785991668701
0.30962608008780884,0.1709511294196436,-0.023833751678466797,0.0984865128993988,-0.03551095724105835,-0.10114526748657227
0.3088953894584265,0.173380183240132,-0.023508906364440918,0.09652349352836614,-0.03589069843292236,-0.1019933819770813
0.31297342182880394,0.18597402081927375,-0.024281322956085205,0.06928056478500372,-0.03563648462295532,-0.10203760862350464
0.31739862184019957,0.1970904161238444,-0.02453327178955078,0.050937592983245905,-0.03538268804550171,-0.10178977251052856
0.31708723610115935,0.192632112404182,-0.024316787719726562,0.05311563611030584,-0.03545433282852173,-0.1017688512802124
0.31459624635649697,0.18200026588395554,-0.023470759391784668,0.081219881772995,-0.03583461046218872,-0.10170584917068481
0.3155537829030991,0.18359659685778218,-0.023233771324157715,0.08238252997398382,-0.03491312265396118,-0.10020756721496582
0.3147888411932285,0.14833278845949968,-0.02237248420715332,0.10216718912124634,-0.034902334213256836,-0.09920889139175415
0.31585543993815407,0.1669614416020067,-0.02232259511947632,0.09493362903594971,-0.03488659858703613,-0.09918224811553955
0.3160505717455568,0.14895093751937694,-0.02192288637161255,0.09773024916648865,-0.034892499446868896,-0.0990455150604248
0.31535018992760955,0.16486173392084122,-0.02192777395248413,0.09419289231300354,-0.03489047288894653,-0.09902894496917725
0.31449882309628696,0.1708695789512181,-0.021654367446899414,0.09629383683204651,-0.03524810075759888,-0.10017186403274536
0.31421859105231786,0.17829965632093686,-0.022097408771514893,0.08179754018783575,-0.03533375263214111,-0.1002759337425232
0.31447798219313844,0.17881130427144204,-0.023788094520568848,0.0828083753585816,-0.03569948673248291,-0.10096758604049683
0.3144953706078665,0.1807660768634552,-0.02457517385482788,0.07870262861251831,-0.03600054979324341,-0.10122108459472656
0.3151101278341453,0.18742833226588768,-0.024547994136810303,0.06656217575073248,-0.03542584180831909,-0.10018110275268555
0.3131699729555058,0.18444900272354345,-0.02580183744430542,0.0734301507472992,-0.03565561771392822,-0.10144853591918945
0.3143593036346992,0.186793480613129,-0.027245402336120605,0.06782826781272888,-0.0356593132019043,-0.10136622190475464
0.3150487908690115,0.1900826223807104,-0.028043806552886963,0.06026136875152588,-0.03502476215362549,-0.10084903240203857
0.31430711563959657,0.18943682820839988,-0.02855581045150757,0.060617685317993164,-0.0355035662651062,-0.1018134355545044
0.31413333602913096,0.18960061820691787,-0.02901691198348999,0.0616889894008637,-0.035268425941467285,-0.10125541687011719
0.31537987237864973,0.18699698815740057,-0.0294572114944458,0.06857877969741827,-0.03538978099822998,-0.10184168815612793
0.3151197239591643,0.1864160685585571,-0.02936321496963501,0.07009348273277288,-0.0351904034614563,-0.10158336162567139
0.3148148761729595,0.1833397844613586,-0.02961146831512451,0.07846474647521973,-0.035563528537750244,-0.10204195976257324
0.31488655442221386,0.1832326814457267,-0.029469668865203857,0.0781923234462738,-0.035581767559051514,-0.10228621959686279
0.31405879459205027,0.18459696444997784,-0.028812646865844727,0.07470390200614929,-0.03559315204620361,-0.10175442695617676
0.3137624774650063,0.18189917979894432,-0.028724253177642822,0.07777440547943115,-0.036004841327667236,-0.10312533378601074
0.31405392135224514,0.18256781167672992,-0.028582453727722168,0.07476800680160522,-0.03618800640106201,-0.10349023342132568
0.31398056244084915,0.18081441873123238,-0.028545141220092773,0.07628276944160461,-0.0365980863571167,-0.10453128814697266
0.31399941441319035,0.18181365366316213,-0.02840179204940796,0.07157796621322632,-0.036572396755218506,-0.10450363159179688
0.31588287652441843,0.18816429619767092,-0.028945088386535645,0.0551123321056366,-0.03629648685455322,-0.10357344150543213
0.31554752326440505,0.1883591579518935,-0.029064476490020752,0.05439323186874395,-0.03617453575134277,-0.10350143909454346
