frame,x0,y0,z0,x1,y1,z1,x2,y2,z2,x3,y3,z3,x4,y4,z4,x5,y5,z5,x6,y6,z6,x7,y7,z7,x8,y8,z8,x9,y9,z9,x10,y10,z10,x11,y11,z11,x12,y12,z12,x13,y13,z13,x14,y14,z14,x15,y15,z15,x16,y16,z16,x17,y17,z17,x18,y18,z18,x19,y19,z19,x20,y20,z20,x21,y21,z21,x22,y22,z22,x23,y23,z23,x24,y24,z24,x25,y25,z25,x26,y26,z26,x27,y27,z27,x28,y28,z28,x29,y29,z29,x30,y30,z30,x31,y31,z31,x32,y32,z32
0,0.5144433975219727,0.4572088122367859,-1.440276026725769,0.5438076853752136,0.4347451627254486,-1.4360798597335815,0.5578727126121521,0.43254461884498596,-1.4356938600540161,0.5704340934753418,0.4296727776527405,-1.4359067678451538,0.4948102831840515,0.43503278493881226,-1.4296777248382568,0.47950270771980286,0.43303021788597107,-1.4296143054962158,0.467208594083786,0.43063291907310486,-1.4293545484542847,0.5952308773994446,0.41531771421432495,-1.1127886772155762,0.45063790678977966,0.41727274656295776,-1.0879424810409546,0.5415694713592529,0.46987563371658325,-1.2915668487548828,0.49225011467933655,0.4697624742984772,-1.2854957580566406,0.6951478123664856,0.4688054621219635,-0.9242658019065857,0.3575534522533417,0.4654776453971863,-0.8729398846626282,0.7488754391670227,0.48393839597702026,-1.6713546514511108,0.2702791094779968,0.4902787208557129,-1.6382873058319092,0.6521480083465576,0.5459258556365967,-2.4785637855529785,0.40096405148506165,0.5303139686584473,-2.4477322101593018,0.6283015012741089,0.561309814453125,-2.6828110218048096,0.42977455258369446,0.5499805212020874,-2.6382699012756348,0.5849947929382324,0.5579034090042114,-2.6135740280151367,0.48182910680770874,0.5507707595825195,-2.565662384033203,0.5826990604400635,0.5561116933822632,-2.472282648086548,0.48411232233047485,0.5466875433921814,-2.4395322799682617,0.6263306736946106,0.7194204926490784,-0.0006082647014409304,0.41702142357826233,0.7166507840156555,0.0011337804608047009,0.6983950138092041,0.8310338258743286,-0.0429147444665432,0.3012351393699646,0.8559781312942505,-0.006429060362279415,0.7009292244911194,0.989794909954071,0.9022637009620667,0.3145330548286438,0.9917693138122559,0.9235067367553711,0.6788219213485718,1.0168689489364624,0.9850470423698425,0.33608317375183105,1.0146805047988892,1.0076007843017578,0.7288793921470642,1.0707470178604126,0.7098302245140076,0.30394959449768066,1.0645194053649902,0.7345418930053711
1,0.5141948461532593,0.4614463746547699,-1.1421527862548828,0.543078601360321,0.436152845621109,-1.1249918937683105,0.5575852394104004,0.43353477120399475,-1.1248842477798462,0.5703690648078918,0.43028688430786133,-1.1253334283828735,0.4932575225830078,0.4370304048061371,-1.1125712394714355,0.477965772151947,0.43482232093811035,-1.1126055717468262,0.46546363830566406,0.43207645416259766,-1.1124571561813354,0.5952175855636597,0.4157182574272156,-0.7743073105812073,0.44955337047576904,0.4179966449737549,-0.7129608988761902,0.541646420955658,0.4734649658203125,-0.9868069887161255,0.49140146374702454,0.4736020565032959,-0.9708490371704102,0.6997690796852112,0.4684426188468933,-0.7115415930747986,0.352377712726593,0.46964016556739807,-0.5738939642906189,0.7444056868553162,0.48660317063331604,-1.7216384410858154,0.28070953488349915,0.4902018904685974,-1.5910769701004028,0.6521057486534119,0.5491756796836853,-2.726254940032959,0.38945305347442627,0.5319854021072388,-2.608794927597046,0.6291235089302063,0.5627087950706482,-2.964317560195923,0.41765162348747253,0.5500117540359497,-2.8313887119293213,0.5850539207458496,0.5601712465286255,-2.8966143131256104,0.47641342878341675,0.5530120134353638,-2.7553911209106445,0.5829396843910217,0.559416651725769,-2.729720115661621,0.47886574268341064,0.5509625673294067,-2.6100871562957764,0.649150013923645,0.7735733389854431,-0.021003417670726776,0.4149506986141205,0.7630153894424438,0.021445024758577347,0.7011147141456604,0.9358876347541809,-0.45901066064834595,0.2653731405735016,0.9273807406425476,-0.3834470212459564,0.71638023853302,1.0870726108551025,0.6839785575866699,0.30043384432792664,1.0523698329925537,0.7612074017524719,0.7016358971595764,1.1086605787277222,0.7855764627456665,0.3270835876464844,1.070709466934204,0.8666382431983948,0.7337121963500977,1.1739377975463867,0.48175376653671265,0.2728055715560913,1.1296608448028564,0.5976285338401794
2,0.5144132971763611,0.46297159790992737,-1.2561227083206177,0.5430933833122253,0.4367673993110657,-1.2427935600280762,0.5577336549758911,0.4338412284851074,-1.2426698207855225,0.5706648826599121,0.430448055267334,-1.243132472038269,0.4930940866470337,0.4380374848842621,-1.2307215929031372,0.47745776176452637,0.43554919958114624,-1.230760931968689,0.4641903340816498,0.4324776232242584,-1.2306777238845825,0.5955028533935547,0.415900856256485,-0.8742066025733948,0.4480242133140564,0.4179457128047943,-0.8122270107269287,0.543179988861084,0.4740316867828369,-1.0921995639801025,0.49188801646232605,0.47522562742233276,-1.0766410827636719,0.7069642543792725,0.4683230519294739,-0.7788020372390747,0.35177940130233765,0.46968698501586914,-0.6575199365615845,0.7394447922706604,0.48687371611595154,-1.8601243495941162,0.2876026928424835,0.4898277819156647,-1.6897727251052856,0.655687153339386,0.5491039156913757,-2.9207804203033447,0.3895508348941803,0.5360524654388428,-2.7734014987945557,0.6380802392959595,0.5627455711364746,-3.1675865650177,0.4179207682609558,0.5532306432723999,-3.0021705627441406,0.5871647596359253,0.5620192885398865,-3.1160390377044678,0.47711825370788574,0.556622326374054,-2.9279232025146484,0.5850223898887634,0.5619457960128784,-2.931816339492798,0.4794749319553375,0.5550075769424438,-2.775041103363037,0.6564546227455139,0.7886080145835876,-0.025565706193447113,0.4034039378166199,0.7860947251319885,0.025827158242464066,0.7121955752372742,0.9797618985176086,-0.2803155183792114,0.23299062252044678,0.961990237236023,-0.2302553653717041,0.7355740070343018,1.1331883668899536,0.8524894714355469,0.2939888536930084,1.0887713432312012,0.9329008460044861,0.7194734215736389,1.153346300125122,0.9732858538627625,0.32402122020721436,1.1043238639831543,1.054733157157898,0.7525588274002075,1.2247705459594727,0.6031271815299988,0.2727678120136261,1.1708555221557617,0.7750771641731262
3,0.5140509009361267,0.46454691886901855,-1.2773200273513794,0.5418418049812317,0.4393705725669861,-1.2720156908035278,0.5571328401565552,0.43602901697158813,-1.2719135284423828,0.5704338550567627,0.43214377760887146,-1.2723759412765503,0.49206623435020447,0.4405019283294678,-1.2609113454818726,0.47648221254348755,0.43783673644065857,-1.2610176801681519,0.46276164054870605,0.43447089195251465,-1.261155366897583,0.5954170227050781,0.4173835813999176,-0.905845046043396,0.44699811935424805,0.4183282256126404,-0.8494495749473572,0.5433006882667542,0.47464150190353394,-1.107816219329834,0.4918602705001831,0.47652167081832886,-1.0933916568756104,0.7132567763328552,0.4681502878665924,-0.7670295834541321,0.3502176105976105,0.4692257344722748,-0.6715666651725769,0.7377513647079468,0.4913350045681,-1.7625828981399536,0.28912416100502014,0.48836952447891235,-1.6713682413101196,0.655617892742157,0.5515533685684204,-2.7164628505706787,0.3887774646282196,0.5376478433609009,-2.637824058532715,0.6375961899757385,0.5655933618545532,-2.938262939453125,0.4158037304878235,0.5552452206611633,-2.8459668159484863,0.5860552787780762,0.5642821788787842,-2.8721282482147217,0.475813627243042,0.56007319688797,-2.780892848968506,0.5842223167419434,0.5640485286712646,-2.713829278945923,0.477455735206604,0.5588370561599731,-2.638014078140259,0.6671291589736938,0.7909727096557617,-0.02359805628657341,0.39539656043052673,0.7843095660209656,0.023854615166783333,0.7282551527023315,1.0093324184417725,-0.27294114232063293,0.2165686935186386,0.9786968231201172,-0.2698850929737091,0.7286399602890015,1.1545895338058472,0.8413266539573669,0.2895998954772949,1.1100459098815918,0.8652621507644653,0.7056884765625,1.1704950332641602,0.9554678797721863,0.32222980260849,1.1232877969741821,0.9874795079231262,0.7276719212532043,1.2449696063995361,0.630212664604187,0.2740348279476166,1.1931498050689697,0.7216589450836182
4,0.5139738321304321,0.46604686975479126,-1.5460585355758667,0.5417999625205994,0.44120582938194275,-1.5407482385635376,0.5571351647377014,0.4380888044834137,-1.540661096572876,0.5705612897872925,0.43446874618530273,-1.5412453413009644,0.49160414934158325,0.4421682357788086,-1.5264198780059814,0.47584933042526245,0.4396178722381592,-1.5264919996261597,0.46134626865386963,0.43622010946273804,-1.5264841318130493,0.5963756442070007,0.42010384798049927,-1.116321086883545,0.44314122200012207,0.4189504086971283,-1.0406278371810913,0.5440266132354736,0.47573524713516235,-1.3538944721221924,0.49183908104896545,0.4773367941379547,-1.3345577716827393,0.7128597497940063,0.4666874408721924,-0.9726312160491943,0.3477393388748169,0.468961626291275,-0.8227095007896423,0.740117073059082,0.4908948838710785,-2.1407320499420166,0.29228222370147705,0.4863872528076172,-1.973387360572815,0.6619581580162048,0.5514095425605774,-3.292149066925049,0.38310232758522034,0.5373944044113159,-3.1461102962493896,0.6670283675193787,0.5751272439956665,-3.553870916366577,0.40765509009361267,0.555495023727417,-3.3785505294799805,0.5864740014076233,0.5677348375320435,-3.519564151763916,0.4698154926300049,0.5625180006027222,-3.3081350326538086,0.5842918157577515,0.5669006109237671,-3.310563802719116,0.47242245078086853,0.5607002973556519,-3.1488091945648193,0.6710706353187561,0.7975524067878723,-0.02438369020819664,0.3936365246772766,0.7905817627906799,0.024534884840250015,0.7397657632827759,1.0217945575714111,-0.5302228331565857,0.23352275788784027,0.9933307766914368,-0.5033381581306458,0.7275503277778625,1.1584513187408447,0.6567549705505371,0.2883809804916382,1.130004644393921,0.5702257752418518,0.7016868591308594,1.1734614372253418,0.758432149887085,0.3213525414466858,1.1460058689117432,0.6656302213668823,0.7170516848564148,1.2491648197174072,0.3970660865306854,0.2763574719429016,1.2174351215362549,0.3133803606033325
5,0.5126585364341736,0.4680004119873047,-1.645363211631775,0.5401694178581238,0.4450090527534485,-1.646465539932251,0.5560165643692017,0.4419943690299988,-1.6463497877120972,0.5697131752967834,0.4383009970188141,-1.6469718217849731,0.49051544070243835,0.4446975588798523,-1.6330571174621582,0.47472453117370605,0.44172653555870056,-1.6332416534423828,0.45958083868026733,0.43801379203796387,-1.6333597898483276,0.5958312153816223,0.4233434796333313,-1.228079080581665,0.4396141469478607,0.419560968875885,-1.1600067615509033,0.543688178062439,0.4767013490200043,-1.4501640796661377,0.49028173089027405,0.4780248701572418,-1.4325052499771118,0.7121292948722839,0.4642143249511719,-1.0370869636535645,0.3429691195487976,0.4689219892024994,-0.9219344258308411,0.7402951717376709,0.49058443307876587,-2.0988736152648926,0.2928888499736786,0.483837753534317,-2.030060291290283,0.6598169803619385,0.5524839162826538,-3.212069272994995,0.3802131116390228,0.5372030138969421,-3.160329580307007,0.6670485734939575,0.5805246233940125,-3.473710775375366,0.4048318564891815,0.5554787516593933,-3.388223886489868,0.5777992606163025,0.5714682936668396,-3.4344584941864014,0.4665393531322479,0.5625703930854797,-3.3339908123016357,0.5782833695411682,0.5705221891403198,-3.2258715629577637,0.469320684671402,0.5605801343917847,-3.1681318283081055,0.671561598777771,0.8034698367118835,-0.02261107973754406,0.3873867392539978,0.7971367835998535,0.022588009014725685,0.7609871625900269,1.0285536050796509,-0.8005099892616272,0.23557360470294952,0.996502697467804,-0.7607510685920715,0.7155877947807312,1.175918698310852,0.48812994360923767,0.2867603003978729,1.1633195877075195,0.41369280219078064,0.6800652146339417,1.1910866498947144,0.6034544110298157,0.3199254870414734,1.1815602779388428,0.5217925310134888,0.7078588008880615,1.2689862251281738,0.22635960578918457,0.2763366401195526,1.2543442249298096,0.13136190176010132
6,0.5125306248664856,0.4724091589450836,-1.110189437866211,0.5397905111312866,0.4523882269859314,-1.1162655353546143,0.55577552318573,0.44935718178749084,-1.11644446849823,0.5696583390235901,0.44530409574508667,-1.1169968843460083,0.49037352204322815,0.4509856104850769,-1.106425166130066,0.4745786786079407,0.4477055072784424,-1.1062692403793335,0.4593673646450043,0.4439135193824768,-1.1066302061080933,0.5956502556800842,0.42671841382980347,-0.7600502967834473,0.4386272430419922,0.4230683743953705,-0.7072340846061707,0.5328273177146912,0.4886370599269867,-0.93706876039505,0.48854926228523254,0.4796728193759918,-0.923401951789856,0.713981032371521,0.4628828465938568,-0.6327977776527405,0.33972451090812683,0.4685657024383545,-0.5271454453468323,0.7380690574645996,0.490384578704834,-1.5235592126846313,0.293098509311676,0.4827737808227539,-1.4683893918991089,0.6437690258026123,0.5546824932098389,-2.4557223320007324,0.3728732168674469,0.5371593832969666,-2.4000182151794434,0.6604657173156738,0.5787407159805298,-2.682342290878296,0.39819687604904175,0.5554251074790955,-2.595524787902832,0.5666950941085815,0.5725240707397461,-2.642740249633789,0.4588888883590698,0.5624080896377563,-2.5661239624023438,0.5693353414535522,0.5718644261360168,-2.4654910564422607,0.4618254005908966,0.5604960918426514,-2.4150967597961426,0.6740256547927856,0.8049831390380859,-0.02217831462621689,0.38531413674354553,0.8008984327316284,0.02226291038095951,0.7666558027267456,1.0331048965454102,-0.7877464294433594,0.24195942282676697,1.001200795173645,-0.44231757521629333,0.7098262906074524,1.1740893125534058,0.8061742186546326,0.28799164295196533,1.161543369293213,0.6009030938148499,0.669043779373169,1.1872845888137817,0.9310041069984436,0.32700812816619873,1.1772661209106445,0.6286167502403259,0.7096971273422241,1.2636654376983643,0.6840641498565674,0.2737259864807129,1.2472195625305176,0.35957005620002747
7,0.5184392929077148,0.47967609763145447,-0.9816315770149231,0.5427782535552979,0.45831507444381714,-0.9927006363868713,0.5583838820457458,0.4558078348636627,-0.9928488731384277,0.5727645754814148,0.45249876379966736,-0.993385910987854,0.49348145723342896,0.45625433325767517,-0.9879418015480042,0.476730614900589,0.4530940651893616,-0.9876980185508728,0.46070799231529236,0.44972872734069824,-0.9880469441413879,0.5960906744003296,0.4321204125881195,-0.6632811427116394,0.4382421672344208,0.43035760521888733,-0.6363515853881836,0.5414156913757324,0.4904429316520691,-0.8160926699638367,0.48935309052467346,0.4852251410484314,-0.8101334571838379,0.7153675556182861,0.46294164657592773,-0.5451688766479492,0.33652472496032715,0.46876150369644165,-0.43760353326797485,0.7325907945632935,0.49026188254356384,-1.3386536836624146,0.29218631982803345,0.48203593492507935,-1.291510820388794,0.6354666352272034,0.5554431080818176,-2.145866632461548,0.36476558446884155,0.5370221734046936,-2.12449312210083,0.6598634719848633,0.5762820839881897,-2.3384480476379395,0.39436593651771545,0.5554417371749878,-2.290285348892212,0.5653295516967773,0.5721756219863892,-2.2870709896087646,0.45428359508514404,0.5638147592544556,-2.2516610622406006,0.5666064620018005,0.5718430280685425,-2.147505044937134,0.4557855427265167,0.562445342540741,-2.1334049701690674,0.6786767840385437,0.8095411062240601,-0.03144495189189911,0.3869181275367737,0.8074610829353333,0.0317554771900177,0.762785792350769,1.0402308702468872,-0.36409810185432434,0.25801610946655273,1.0056973695755005,-0.371322900056839,0.7096884250640869,1.192906141281128,0.8630152344703674,0.2905562222003937,1.1914937496185303,0.6841022372245789,0.6699641942977905,1.2082874774932861,0.9741423726081848,0.33408933877944946,1.2095946073532104,0.7556590437889099,0.7168338298797607,1.2842999696731567,0.7376337051391602,0.2676582932472229,1.2838157415390015,0.43023231625556946
8,0.5196369290351868,0.4926121234893799,-0.7435171604156494,0.5441116690635681,0.46725893020629883,-0.7555208802223206,0.5602647662162781,0.46455830335617065,-0.7556754946708679,0.5754407048225403,0.4613206386566162,-0.7562147974967957,0.4937058389186859,0.4652881622314453,-0.7548219561576843,0.47681644558906555,0.46229904890060425,-0.7545465230941772,0.46072742342948914,0.45957261323928833,-0.7549310326576233,0.5968434810638428,0.4404313564300537,-0.45419806241989136,0.43781882524490356,0.4426995813846588,-0.44636425375938416,0.5455949902534485,0.5014792680740356,-0.5889719724655151,0.4891817271709442,0.5001686811447144,-0.58851557970047,0.7161184549331665,0.4630305767059326,-0.35764792561531067,0.33293336629867554,0.46886739134788513,-0.3027079105377197,0.7329968214035034,0.48976796865463257,-1.0791511535644531,0.29135796427726746,0.48216885328292847,-1.1189323663711548,0.637866735458374,0.555237889289856,-1.7771819829940796,0.36319100856781006,0.5375709533691406,-1.8333882093429565,0.6576718091964722,0.5695682764053345,-1.9453898668289185,0.3953101336956024,0.55540931224823,-1.9787358045578003,0.5731015801429749,0.5718833208084106,-1.8863588571548462,0.44953644275665283,0.5634869337081909,-1.9365060329437256,0.5738192200660706,0.5716622471809387,-1.7739291191101074,0.44888946413993835,0.561988115310669,-1.8388711214065552,0.6788753271102905,0.8118094205856323,-0.03159816935658455,0.3861035704612732,0.8111419677734375,0.03210853412747383,0.7598355412483215,1.0287965536117554,-0.2795889377593994,0.2513331174850464,1.0197592973709106,-0.2800236940383911,0.6904519200325012,1.2062864303588867,0.8559824824333191,0.2913222908973694,1.1921721696853638,0.6897221803665161,0.6547570824623108,1.2267038822174072,0.9633399844169617,0.33400076627731323,1.2098535299301147,0.7611538171768188,0.7007591128349304,1.2999989986419678,0.6932188868522644,0.25848573446273804,1.2831323146820068,0.4965272545814514
9,0.519585907459259,0.49399471282958984,-0.9720240831375122,0.5440785884857178,0.4678419232368469,-0.9887633323669434,0.5602595210075378,0.46511441469192505,-0.9888550639152527,0.5755087733268738,0.461958646774292,-0.9894234538078308,0.49355679750442505,0.4660024046897888,-0.9787338376045227,0.47676053643226624,0.463031530380249,-0.9784525632858276,0.46074092388153076,0.4603659510612488,-0.9787824153900146,0.5968688726425171,0.44303208589553833,-0.6752471327781677,0.43791663646698,0.4447057247161865,-0.6184360384941101,0.5459316968917847,0.5021489262580872,-0.8114489316940308,0.4879283905029297,0.5011814832687378,-0.7961091995239258,0.7187405228614807,0.46333199739456177,-0.5546979904174805,0.3326256573200226,0.4683153033256531,-0.4531092643737793,0.7331565022468567,0.48930662870407104,-1.4081453084945679,0.2908468544483185,0.4818806052207947,-1.373547077178955,0.636772871017456,0.5550829172134399,-2.2409236431121826,0.3607863485813141,0.5359975695610046,-2.2234880924224854,0.6580906510353088,0.5694974064826965,-2.438308000564575,0.394338995218277,0.5532671213150024,-2.403759241104126,0.572813868522644,0.5716387033462524,-2.378957748413086,0.44847938418388367,0.5621671080589294,-2.3277947902679443,0.5736876130104065,0.5712080597877502,-2.2387802600860596,0.4477660655975342,0.5611750483512878,-2.2142586708068848,0.6774449944496155,0.8162509799003601,-0.03957797586917877,0.38294851779937744,0.8141912221908569,0.04031446948647499,0.7558814883232117,1.0363961458206177,-0.38744914531707764,0.2339540272951126,1.0269858837127686,-0.2505631148815155,0.6901271939277649,1.2237823009490967,0.6750640273094177,0.29129841923713684,1.2117431163787842,0.7321518659591675,0.6555866003036499,1.244863748550415,0.7703970074653625,0.334055632352829,1.2326509952545166,0.8139417767524719,0.7018603682518005,1.3228771686553955,0.44248369336128235,0.24803441762924194,1.3059015274047852,0.5191500186920166
10,0.520759642124176,0.5006394982337952,-0.8375784754753113,0.5454628467559814,0.472982794046402,-0.8591791987419128,0.5620025396347046,0.46966418623924255,-0.8592634201049805,0.5775880217552185,0.4659639894962311,-0.8598220944404602,0.494275838136673,0.4709421992301941,-0.8556711077690125,0.4773584008216858,0.46749457716941833,-0.8554022908210754,0.4612730145454407,0.46460336446762085,-0.8558332920074463,0.598110556602478,0.44641026854515076,-0.5762612819671631,0.43797314167022705,0.4501129984855652,-0.5500826239585876,0.5478594899177551,0.5085479021072388,-0.6864423155784607,0.48812583088874817,0.5088973045349121,-0.6809577345848083,0.7220137119293213,0.46420955657958984,-0.4664935767650604,0.3326658010482788,0.4682210087776184,-0.40665626525878906,0.73341965675354,0.49017590284347534,-1.234579086303711,0.28897950053215027,0.4819553792476654,-1.272802472114563,0.6336678266525269,0.554955244064331,-1.966646671295166,0.3611464500427246,0.5354188084602356,-2.040525197982788,0.6556053161621094,0.568253755569458,-2.1396231651306152,0.39534103870391846,0.5522700548171997,-2.1959917545318604,0.5716468691825867,0.5708299875259399,-2.080284357070923,0.44900622963905334,0.5604732036590576,-2.1431312561035156,0.5732765793800354,0.571114718914032,-1.9637974500656128,0.44811058044433594,0.5596868395805359,-2.042271852493286,0.6790467500686646,0.8151704668998718,-0.03875460848212242,0.3837805986404419,0.8136513829231262,0.03946371376514435,0.7547077536582947,1.0375088453292847,-0.3591744005680084,0.23155488073825836,1.0287673473358154,-0.2564941942691803,0.6800189018249512,1.2281668186187744,0.7133036255836487,0.2870999276638031,1.2139230966567993,0.7238494753837585,0.6471210718154907,1.248560905456543,0.8109875321388245,0.3301137387752533,1.233105182647705,0.8187345862388611,0.6885334253311157,1.3296833038330078,0.5026969313621521,0.24150912463665009,1.3110401630401611,0.5319869518280029
11,0.5208112001419067,0.5017187595367432,-0.7947388291358948,0.545833170413971,0.4737623631954193,-0.8179202675819397,0.5627018213272095,0.47021979093551636,-0.81805419921875,0.5785665512084961,0.4663147032260895,-0.8186601400375366,0.49429404735565186,0.4721885323524475,-0.814163863658905,0.47736790776252747,0.4687471389770508,-0.813901424407959,0.46129369735717773,0.4657576084136963,-0.814350962638855,0.5991299152374268,0.4467836022377014,-0.5329264998435974,0.43798136711120605,0.45139965415000916,-0.5054905414581299,0.5487148761749268,0.5099913477897644,-0.6414101719856262,0.48811519145965576,0.5104970932006836,-0.6355311274528503,0.7272644639015198,0.46427789330482483,-0.406941682100296,0.33269795775413513,0.4671638607978821,-0.35635244846343994,0.7335516810417175,0.4906376302242279,-1.1447253227233887,0.2879140377044678,0.48201441764831543,-1.1937041282653809,0.6342942714691162,0.5546569228172302,-1.8747429847717285,0.36067402362823486,0.535000205039978,-1.9644756317138672,0.6561331748962402,0.5681115388870239,-2.0452749729156494,0.3958908021450043,0.5512797832489014,-2.119743585586548,0.5720280408859253,0.5706412196159363,-1.995236873626709,0.449152410030365,0.5584762096405029,-2.0729987621307373,0.5750197172164917,0.5707944631576538,-1.8758565187454224,0.4483364224433899,0.5580477714538574,-1.9687035083770752,0.6811920404434204,0.8172982931137085,-0.038153041154146194,0.38398268818855286,0.8152486085891724,0.038853127509355545,0.7482890486717224,1.0448592901229858,-0.29880043864250183,0.23344776034355164,1.0368320941925049,-0.2219718098640442,0.6694707870483398,1.2385720014572144,0.7446257472038269,0.28782644867897034,1.2231382131576538,0.7573115825653076,0.6363197565078735,1.25933837890625,0.8436118364334106,0.33275967836380005,1.2424064874649048,0.8567814230918884,0.6793032884597778,1.3412487506866455,0.5765455365180969,0.24453267455101013,1.3210784196853638,0.5828779339790344
12,0.5221947431564331,0.5018213391304016,-0.809108316898346,0.547477126121521,0.4735981822013855,-0.832743227481842,0.5643139481544495,0.4701058268547058,-0.8328242897987366,0.5801933407783508,0.4662184715270996,-0.8334139585494995,0.4956841766834259,0.4719058871269226,-0.8285866379737854,0.47866928577423096,0.4684811234474182,-0.8283042907714844,0.46249470114707947,0.46547627449035645,-0.8287487626075745,0.6001423597335815,0.44717878103256226,-0.553983747959137,0.43814194202423096,0.45165663957595825,-0.5235720276832581,0.5499675869941711,0.5109093189239502,-0.6581979990005493,0.4886733889579773,0.510910153388977,-0.6512712836265564,0.7282586097717285,0.46451854705810547,-0.43772274255752563,0.3328215479850769,0.4658835530281067,-0.38046061992645264,0.7363763451576233,0.49151259660720825,-1.1957403421401978,0.28477856516838074,0.48205071687698364,-1.2550700902938843,0.633726179599762,0.5546208024024963,-1.9475477933883667,0.3615213632583618,0.5341486930847168,-2.046370029449463,0.6557701230049133,0.5686804056167603,-2.1270577907562256,0.3971477150917053,0.5507968068122864,-2.2079520225524902,0.5711403489112854,0.570813775062561,-2.0688319206237793,0.4496704638004303,0.5575160384178162,-2.1551005840301514,0.5742776393890381,0.5720148086547852,-1.9458270072937012,0.44908201694488525,0.5570405721664429,-2.049119710922241,0.6814311742782593,0.8167980909347534,-0.03788217902183533,0.38263019919395447,0.8142094612121582,0.03869638592004776,0.7476284503936768,1.0353577136993408,-0.44357186555862427,0.22969435155391693,1.0282838344573975,-0.22713294625282288,0.6678805947303772,1.2283642292022705,0.6622101664543152,0.2869950532913208,1.2196813821792603,0.7409334778785706,0.63330078125,1.2483513355255127,0.7666524052619934,0.33145272731781006,1.2408034801483154,0.8388814330101013,0.6753702759742737,1.334148645401001,0.48123058676719666,0.24081289768218994,1.3185532093048096,0.5393157601356506
13,0.5241012573242188,0.507262110710144,-0.6901939511299133,0.5505864024162292,0.4788380265235901,-0.7136128544807434,0.5677898526191711,0.4747929573059082,-0.7137178778648376,0.5840014815330505,0.47036296129226685,-0.7143086791038513,0.4980719983577728,0.47719717025756836,-0.7108719944953918,0.48067355155944824,0.47308459877967834,-0.710625410079956,0.46409788727760315,0.46952852606773376,-0.7111170291900635,0.6037935614585876,0.44891342520713806,-0.4429780840873718,0.43836474418640137,0.4547101855278015,-0.4203537702560425,0.5519132614135742,0.5152915120124817,-0.5428161025047302,0.48974117636680603,0.5160080194473267,-0.538070559501648,0.7295541763305664,0.46470776200294495,-0.33986562490463257,0.3306794762611389,0.46554669737815857,-0.29299888014793396,0.7403453588485718,0.4922984540462494,-1.039673924446106,0.2846910357475281,0.48208627104759216,-1.1164584159851074,0.6339994072914124,0.5537959933280945,-1.7297101020812988,0.36079704761505127,0.5334987044334412,-1.8273240327835083,0.653826892375946,0.5690351128578186,-1.8906524181365967,0.39710018038749695,0.5499417185783386,-1.968063235282898,0.5712653398513794,0.5705519318580627,-1.8340250253677368,0.4489459991455078,0.5557637214660645,-1.920867919921875,0.5742989182472229,0.5718287229537964,-1.726345181465149,0.4477287232875824,0.5550931096076965,-1.8295913934707642,0.6828930974006653,0.8162426948547363,-0.0367610938847065,0.3814314901828766,0.8137132525444031,0.037683356553316116,0.7468136548995972,1.034183382987976,-0.42222413420677185,0.23034034669399261,1.0342015027999878,-0.2564970850944519,0.6580791473388672,1.2277394533157349,0.6485812664031982,0.28762519359588623,1.2156351804733276,0.7186540961265564,0.621794581413269,1.2470309734344482,0.7518805861473083,0.33282414078712463,1.233728289604187,0.8205626010894775,0.6635622382164001,1.3348543643951416,0.5058950781822205,0.24296048283576965,1.3155829906463623,0.5502980947494507
14,0.5279051065444946,0.5086780190467834,-0.7597702145576477,0.554171621799469,0.4801931381225586,-0.787015974521637,0.5710190534591675,0.47629061341285706,-0.7871122360229492,0.5870454907417297,0.47200536727905273,-0.7876719832420349,0.5019093751907349,0.4780879020690918,-0.7861258387565613,0.48386725783348083,0.4737167954444885,-0.7859224677085876,0.4666048288345337,0.46996840834617615,-0.7863865494728088,0.6061333417892456,0.45027393102645874,-0.5091546773910522,0.43924492597579956,0.4552391469478607,-0.49637168645858765,0.5547825694084167,0.516818642616272,-0.6076960563659668,0.4935251772403717,0.5176228284835815,-0.6063959002494812,0.7317603230476379,0.4647398889064789,-0.3843081295490265,0.33084675669670105,0.46482381224632263,-0.3403255343437195,0.7424683570861816,0.4928909242153168,-1.0500279664993286,0.2842545807361603,0.48201948404312134,-1.1256227493286133,0.6340985298156738,0.5526391863822937,-1.7232791185379028,0.36118659377098083,0.5322741270065308,-1.8177852630615234,0.6529688835144043,0.5689772367477417,-1.8836557865142822,0.3973563313484192,0.5487726926803589,-1.958081603050232,0.5718451738357544,0.570278525352478,-1.8299119472503662,0.4493075907230377,0.5535701513290405,-1.9094650745391846,0.5743714570999146,0.5702730417251587,-1.7200028896331787,0.4481165111064911,0.5526085495948792,-1.817179560661316,0.6845829486846924,0.8169323801994324,-0.03623544052243233,0.3802310526371002,0.8129711151123047,0.03711149841547012,0.7463963031768799,1.0420382022857666,-0.2049117386341095,0.2287038117647171,1.0320193767547607,-0.1321965754032135,0.6481896042823792,1.2223402261734009,0.9892875552177429,0.28794991970062256,1.2125276327133179,0.91108238697052,0.6108936071395874,1.2385542392730713,1.110416293144226,0.3326644003391266,1.2288113832473755,1.02471923828125,0.6512962579727173,1.3292547464370728,0.9272880554199219,0.24379503726959229,1.3145520687103271,0.8056508302688599
15,0.5286690592765808,0.5091314315795898,-0.6614648699760437,0.554875373840332,0.4805120527744293,-0.6895036697387695,0.5719193816184998,0.4764740467071533,-0.6896092295646667,0.5880852341651917,0.4720742106437683,-0.6901606321334839,0.5027223825454712,0.4788026213645935,-0.6891413927078247,0.48484519124031067,0.47450917959213257,-0.6889830827713013,0.4677017331123352,0.4707995057106018,-0.6895085573196411,0.6071029901504517,0.45033106207847595,-0.4212680757045746,0.440693736076355,0.4566677212715149,-0.4112568199634552,0.555930495262146,0.5167441368103027,-0.5126292109489441,0.49531280994415283,0.5182676315307617,-0.5118580460548401,0.7360160946846008,0.46461910009384155,-0.294721394777298,0.33080896735191345,0.46452394127845764,-0.25400036573410034,0.7434132099151611,0.4928452968597412,-0.9177231788635254,0.2841368019580841,0.48238620162010193,-0.9949581623077393,0.6343250870704651,0.5495661497116089,-1.5342085361480713,0.36150923371315,0.5314441323280334,-1.6326526403427124,0.6526384353637695,0.5688777565956116,-1.6746692657470703,0.39878562092781067,0.5481662750244141,-1.7556462287902832,0.5734767317771912,0.5697721242904663,-1.618375539779663,0.44948726892471313,0.5516423583030701,-1.704856514930725,0.575916588306427,0.5700401663780212,-1.5276901721954346,0.4484519064426422,0.5497366189956665,-1.6289160251617432,0.6851495504379272,0.8194819688796997,-0.03618275001645088,0.37992438673973083,0.8145748376846313,0.03704751282930374,0.7414209842681885,1.0466086864471436,-0.21816009283065796,0.22988736629486084,1.0407741069793701,-0.1656537801027298,0.6489967107772827,1.2415229082107544,0.9224904179573059,0.2882152497768402,1.2298799753189087,0.7714287042617798,0.6134729385375977,1.2600030899047852,1.0117876529693604,0.33243873715400696,1.2470359802246094,0.8693468570709229,0.6522984504699707,1.3499653339385986,0.7920349836349487,0.24499306082725525,1.3325507640838623,0.6704357862472534
16,0.5288404226303101,0.5080822706222534,-0.6768826246261597,0.5550231337547302,0.4794752597808838,-0.7054242491722107,0.5722240209579468,0.4754505753517151,-0.7055352330207825,0.5885437726974487,0.47108936309814453,-0.7061326503753662,0.503074586391449,0.47825875878334045,-0.7054243087768555,0.4854986369609833,0.4742335379123688,-0.7052516937255859,0.4686731696128845,0.4707009792327881,-0.7057737708091736,0.6079608798027039,0.44972532987594604,-0.435272753238678,0.4426880180835724,0.4565345346927643,-0.42718857526779175,0.5564447045326233,0.5154391527175903,-0.527247428894043,0.49624794721603394,0.5174180269241333,-0.5270492434501648,0.739817202091217,0.46464061737060547,-0.30125635862350464,0.33064037561416626,0.46432656049728394,-0.2625064551830292,0.7441495060920715,0.4927850365638733,-0.9086167812347412,0.28390979766845703,0.48243895173072815,-0.9753468632698059,0.6342613697052002,0.5464214086532593,-1.506951093673706,0.3615812659263611,0.5303983688354492,-1.5797348022460938,0.6523621678352356,0.5685708522796631,-1.643433928489685,0.3989000916481018,0.5472818613052368,-1.698262333869934,0.6048545837402344,0.5690317749977112,-1.5903664827346802,0.44968006014823914,0.5502592325210571,-1.6453431844711304,0.5769126415252686,0.5688576102256775,-1.5017338991165161,0.4483388662338257,0.5477215647697449,-1.575181245803833,0.6854416131973267,0.8206551671028137,-0.03602461516857147,0.3799411356449127,0.8161970973014832,0.03689010813832283,0.7219422459602356,1.0529578924179077,-0.17524904012680054,0.23645442724227905,1.0484015941619873,-0.11898447573184967,0.6394261121749878,1.241668462753296,0.8848196268081665,0.28976085782051086,1.2324472665786743,0.8058579564094543,0.6068477034568787,1.259284496307373,0.985133171081543,0.3327508866786957,1.2488232851028442,0.9060970544815063,0.6430054306983948,1.3475873470306396,0.7872238755226135,0.24711865186691284,1.3341223001480103,0.6994165778160095
17,0.5288923978805542,0.5080950856208801,-0.6881834864616394,0.5551185011863708,0.479241281747818,-0.7143248915672302,0.5724598169326782,0.47515392303466797,-0.7144612669944763,0.5888973474502563,0.4707581400871277,-0.7150682806968689,0.5031400918960571,0.4782308042049408,-0.7135478258132935,0.4856458008289337,0.4742627739906311,-0.7133632898330688,0.46892258524894714,0.470734179019928,-0.7138886451721191,0.6085699200630188,0.44951099157333374,-0.4361778199672699,0.4430297315120697,0.4562736451625824,-0.4242193102836609,0.5567222833633423,0.5152658224105835,-0.5354812741279602,0.49665990471839905,0.5176922678947449,-0.5341392755508423,0.7412424087524414,0.4646574556827545,-0.30621054768562317,0.33034709095954895,0.46423497796058655,-0.2572444975376129,0.7444061040878296,0.49278193712234497,-0.9471848607063293,0.28386569023132324,0.482456773519516,-1.0148097276687622,0.6339619755744934,0.5456468462944031,-1.577364444732666,0.3614829480648041,0.5299150943756104,-1.6965023279190063,0.652176558971405,0.5685474872589111,-1.7239539623260498,0.39903903007507324,0.5467411279678345,-1.8277587890625,0.6007190942764282,0.567729115486145,-1.6678301095962524,0.4497513175010681,0.5493825674057007,-1.775639295578003,0.5773575901985168,0.5674413442611694,-1.5721439123153687,0.44779884815216064,0.5465173125267029,-1.693978190422058,0.6865817904472351,0.8200945854187012,-0.03613315522670746,0.380063533782959,0.8173558115959167,0.03703296557068825,0.7217013239860535,1.0528535842895508,-0.19352224469184875,0.24420017004013062,1.0518851280212402,-0.12364956736564636,0.6429803967475891,1.2509331703186035,0.7859904766082764,0.29241645336151123,1.2441222667694092,0.7644830346107483,0.6105485558509827,1.2713704109191895,0.8817846775054932,0.3341999650001526,1.2629327774047852,0.8617111444473267,0.6472307443618774,1.3559201955795288,0.6486509442329407,0.24743130803108215,1.3451344966888428,0.5979861617088318
18,0.5294809341430664,0.5076865553855896,-0.7442780137062073,0.5555965900421143,0.4786898195743561,-0.7674891948699951,0.5730512142181396,0.4746370315551758,-0.7675904035568237,0.5895586013793945,0.47027549147605896,-0.7681707739830017,0.503895103931427,0.4777359962463379,-0.7654370069503784,0.48680225014686584,0.4738308787345886,-0.7652519345283508,0.47044456005096436,0.47033047676086426,-0.7657110691070557,0.6095209717750549,0.4491983950138092,-0.48078757524490356,0.4449494183063507,0.4558090269565582,-0.4634701609611511,0.557457447052002,0.514743447303772,-0.5902057886123657,0.4978843331336975,0.5173288583755493,-0.5871877670288086,0.7417845726013184,0.46467965841293335,-0.3509087562561035,0.3305247128009796,0.4640965461730957,-0.29104799032211304,0.7458212375640869,0.4929371774196625,-1.0346232652664185,0.2837772071361542,0.48233065009117126,-1.0879085063934326,0.6322191953659058,0.5436079502105713,-1.6793609857559204,0.36151033639907837,0.5284668803215027,-1.7599456310272217,0.6487556099891663,0.5673945546150208,-1.823323369026184,0.39919614791870117,0.5454619526863098,-1.8763371706008911,0.5918315649032593,0.5633071660995483,-1.7804343700408936,0.4504360258579254,0.5487711429595947,-1.8164477348327637,0.5774230360984802,0.5632969737052917,-1.6770645380020142,0.44853803515434265,0.5458204746246338,-1.7548426389694214,0.6876615881919861,0.8195441961288452,-0.04063434153795242,0.3806590139865875,0.8180915117263794,0.041596587747335434,0.7218270301818848,1.0542563199996948,-0.24756768345832825,0.24500772356987,1.0541397333145142,-0.1951994150876999,0.644665002822876,1.2569607496261597,0.7443538308143616,0.29909548163414,1.2497297525405884,0.7560519576072693,0.6122990250587463,1.2785613536834717,0.8388885259628296,0.34259864687919617,1.2689696550369263,0.8553394675254822,0.6487002968788147,1.3626937866210938,0.5617087483406067,0.25014322996139526,1.3518494367599487,0.5654535889625549
19,0.5296674370765686,0.50868159532547,-0.7401163578033447,0.5559423565864563,0.47931379079818726,-0.7638146877288818,0.5734993815422058,0.4750676155090332,-0.7639083862304688,0.5901291966438293,0.4705076217651367,-0.7644579410552979,0.5046774744987488,0.47847047448158264,-0.7622091770172119,0.48798805475234985,0.47448962926864624,-0.7619946599006653,0.47195965051651,0.4708765149116516,-0.7624898552894592,0.6105731725692749,0.4491816461086273,-0.47599831223487854,0.4466969072818756,0.4559837281703949,-0.45943328738212585,0.5575475096702576,0.5148048400878906,-0.5844142436981201,0.4983868896961212,0.5176392793655396,-0.5816977620124817,0.7417007684707642,0.46480241417884827,-0.35611143708229065,0.3305608332157135,0.46409064531326294,-0.289215624332428,0.7471741437911987,0.49299177527427673,-1.065312147140503,0.2848421633243561,0.4823110103607178,-1.0982393026351929,0.6303438544273376,0.5428401231765747,-1.748944640159607,0.3632529079914093,0.5281668305397034,-1.815044641494751,0.640730082988739,0.5671182870864868,-1.9072264432907104,0.3992804288864136,0.5449543595314026,-1.9518600702285767,0.5844639539718628,0.5626951456069946,-1.8506735563278198,0.4513421058654785,0.5487972497940063,-1.8985334634780884,0.5772794485092163,0.562748908996582,-1.7447149753570557,0.4499194324016571,0.545880913734436,-1.813735842704773,0.688646674156189,0.8193061947822571,-0.04281846433877945,0.3816109001636505,0.8182872533798218,0.04384351149201393,0.7221904397010803,1.054795742034912,-0.3022279441356659,0.24483007192611694,1.0527348518371582,-0.2609741985797882,0.6470530033111572,1.257686972618103,0.6822488307952881,0.3022873103618622,1.2490202188491821,0.6635801792144775,0.6186691522598267,1.2797712087631226,0.7743726372718811,0.34671294689178467,1.2681028842926025,0.7585256099700928,0.6505746841430664,1.3623626232147217,0.5017310380935669,0.25237736105918884,1.3517208099365234,0.471285879611969
20,0.5302350521087646,0.509035587310791,-0.7284188866615295,0.5560424327850342,0.4796018600463867,-0.7536963820457458,0.5735229849815369,0.47529521584510803,-0.7537679076194763,0.5901248455047607,0.4706297516822815,-0.7543015480041504,0.5059301853179932,0.4787020683288574,-0.752825915813446,0.4899170398712158,0.47469621896743774,-0.7526241540908813,0.47443246841430664,0.4710243344306946,-0.7531442642211914,0.6106970310211182,0.4491611123085022,-0.4744281470775604,0.44971415400505066,0.456249475479126,-0.46041053533554077,0.5575652122497559,0.515001118183136,-0.5757417678833008,0.4995761811733246,0.5178301334381104,-0.5739595890045166,0.7414540648460388,0.4649243950843811,-0.36153826117515564,0.3312282860279083,0.4638851583003998,-0.29486793279647827,0.7480207681655884,0.49318259954452515,-1.073842167854309,0.2852194905281067,0.48213300108909607,-1.095839023590088,0.6283111572265625,0.541892409324646,-1.7637996673583984,0.3673572242259979,0.5277351140975952,-1.8100279569625854,0.6306184530258179,0.5670217275619507,-1.9254945516586304,0.4034339189529419,0.5449764132499695,-1.9507334232330322,0.5788491368293762,0.562675416469574,-1.8645561933517456,0.45775124430656433,0.5490548610687256,-1.8970273733139038,0.5768827795982361,0.5627695322036743,-1.7583836317062378,0.45494863390922546,0.5459373593330383,-1.8079371452331543,0.6895710825920105,0.8190935254096985,-0.04451011121273041,0.38370415568351746,0.8180078268051147,0.04554752632975578,0.7224924564361572,1.0534504652023315,-0.3380628228187561,0.24421855807304382,1.0499763488769531,-0.2859569489955902,0.6484866738319397,1.2535874843597412,0.7065888047218323,0.3030541241168976,1.2461750507354736,0.6561415195465088,0.619710385799408,1.2745096683502197,0.8030580282211304,0.34719014167785645,1.2645704746246338,0.7529829144477844,0.6495708227157593,1.3591892719268799,0.5400695204734802,0.25624749064445496,1.35043203830719,0.4644909203052521
21,0.5323737263679504,0.51047682762146,-0.7243110537528992,0.5580236911773682,0.48090535402297974,-0.750029981136322,0.575421929359436,0.476553350687027,-0.7501084804534912,0.5919650793075562,0.47179922461509705,-0.7506676316261292,0.508548378944397,0.47996848821640015,-0.7521988153457642,0.4929370582103729,0.4758816659450531,-0.75201416015625,0.4777434766292572,0.4720507562160492,-0.7525234818458557,0.6131903529167175,0.45003023743629456,-0.4702952206134796,0.45209309458732605,0.45679670572280884,-0.4682348072528839,0.5588435530662537,0.5164443254470825,-0.5709160566329956,0.5022803544998169,0.5191749334335327,-0.5735460519790649,0.7412632703781128,0.4657677710056305,-0.3511927127838135,0.331328809261322,0.4638364315032959,-0.30092653632164,0.747978150844574,0.4932912290096283,-1.0163546800613403,0.2859136760234833,0.4821370244026184,-1.079222559928894,0.6289774179458618,0.5414304137229919,-1.6710846424102783,0.3771149218082428,0.5278972387313843,-1.7704123258590698,0.6368535757064819,0.5674170255661011,-1.8269047737121582,0.41510269045829773,0.5450383424758911,-1.908382534980774,0.5830051302909851,0.5626242160797119,-1.7749682664871216,0.46712827682495117,0.5491453409194946,-1.856309175491333,0.5806489586830139,0.5628780126571655,-1.6683189868927002,0.46224963665008545,0.5460537672042847,-1.7677817344665527,0.6904793381690979,0.8195835947990417,-0.044297534972429276,0.3851160705089569,0.818154513835907,0.04533599689602852,0.7220726609230042,1.0529758930206299,-0.3362607955932617,0.24419225752353668,1.0488533973693848,-0.2814304530620575,0.646385669708252,1.2511322498321533,0.711397111415863,0.3029993772506714,1.245607614517212,0.6595242619514465,0.6173567771911621,1.2712926864624023,0.8046130537986755,0.34701400995254517,1.2637264728546143,0.7564317584037781,0.6439360976219177,1.3572790622711182,0.5464892983436584,0.2580725848674774,1.350467324256897,0.46879687905311584
22,0.534064769744873,0.5135279297828674,-0.7244577407836914,0.560333251953125,0.48390960693359375,-0.7499586939811707,0.5774175524711609,0.47943320870399475,-0.7500433325767517,0.5938756465911865,0.474477618932724,-0.7505966424942017,0.5114946961402893,0.48250406980514526,-0.7529498338699341,0.4959675967693329,0.477963387966156,-0.7527607679367065,0.4808698892593384,0.4737038016319275,-0.753277599811554,0.6150469779968262,0.45183438062667847,-0.47080883383750916,0.45406481623649597,0.45746955275535583,-0.4726867377758026,0.559314489364624,0.5194801688194275,-0.5712600946426392,0.503630518913269,0.5216436982154846,-0.5749741196632385,0.7409035563468933,0.46598321199417114,-0.3535727262496948,0.3319935202598572,0.4636702537536621,-0.30622807145118713,0.7483751177787781,0.49349626898765564,-1.0217766761779785,0.28690746426582336,0.48218274116516113,-1.0904923677444458,0.6290925741195679,0.5415363907814026,-1.6844028234481812,0.38449978828430176,0.5282210111618042,-1.7833863496780396,0.6124054789543152,0.5622965693473816,-1.8448514938354492,0.4225787818431854,0.5450783371925354,-1.9241456985473633,0.5822898745536804,0.5627284049987793,-1.789650321006775,0.47336721420288086,0.5497442483901978,-1.8703256845474243,0.5806319713592529,0.5632984638214111,-1.680623173713684,0.46725332736968994,0.5469068288803101,-1.7801209688186646,0.690878689289093,0.8197711706161499,-0.044073328375816345,0.3858257234096527,0.8181134462356567,0.0450994074344635,0.7227730751037598,1.0521429777145386,-0.35894638299942017,0.24304619431495667,1.047677755355835,-0.2823271155357361,0.646759569644928,1.2524299621582031,0.7118187546730042,0.30263230204582214,1.247525930404663,0.6666176915168762,0.6172224879264832,1.2727577686309814,0.8106476664543152,0.3463842272758484,1.2661967277526855,0.7640390396118164,0.6430939435958862,1.3596655130386353,0.5461813807487488,0.2584261894226074,1.3529114723205566,0.4655832052230835
23,0.534465491771698,0.5139322876930237,-0.7137495875358582,0.5611541271209717,0.48455339670181274,-0.7392981648445129,0.5780227184295654,0.4801478385925293,-0.739378035068512,0.5943409204483032,0.47517213225364685,-0.739933431148529,0.5126078724861145,0.482898086309433,-0.7428617477416992,0.4971579611301422,0.47828546166419983,-0.7426698207855225,0.48203790187835693,0.4739467203617096,-0.7431834936141968,0.6155120134353638,0.4522041380405426,-0.4601922333240509,0.45511525869369507,0.45755499601364136,-0.4670947194099426,0.5593739151954651,0.5200064778327942,-0.5604416131973267,0.5037322044372559,0.5217713117599487,-0.565043568611145,0.7408024072647095,0.46605515480041504,-0.34569570422172546,0.3324541449546814,0.4631701409816742,-0.30264347791671753,0.748630166053772,0.49352964758872986,-1.0195893049240112,0.28699782490730286,0.4817437529563904,-1.088776707649231,0.6291578412055969,0.5410691499710083,-1.6806926727294922,0.385175496339798,0.5270722508430481,-1.7823320627212524,0.6176695823669434,0.5623739957809448,-1.8409786224365234,0.42266586422920227,0.5438345074653625,-1.923230528831482,0.582173764705658,0.5625409483909607,-1.7859548330307007,0.47366371750831604,0.5491765737533569,-1.8690149784088135,0.5809211730957031,0.5633156895637512,-1.6772100925445557,0.46818339824676514,0.5466141700744629,-1.779203176498413,0.6913079619407654,0.8199298977851868,-0.04391821101307869,0.38693076372146606,0.8179550170898438,0.044944752007722855,0.7229273319244385,1.051537275314331,-0.35658562183380127,0.24275639653205872,1.0468087196350098,-0.2761364281177521,0.6463720798492432,1.2506017684936523,0.7596510052680969,0.3023030459880829,1.246561050415039,0.6771895289421082,0.6164589524269104,1.2706962823867798,0.8650508522987366,0.3459310829639435,1.2653781175613403,0.7747856974601746,0.6425622701644897,1.3576935529708862,0.6059271693229675,0.2586294710636139,1.3516560792922974,0.478717178106308
24,0.5338307023048401,0.5136673450469971,-0.8486064672470093,0.5599567890167236,0.48436737060546875,-0.8727701902389526,0.5767226219177246,0.4800100326538086,-0.8728553056716919,0.5929739475250244,0.47507554292678833,-0.8734748959541321,0.5116710066795349,0.48271211981773376,-0.8765835165977478,0.4963230490684509,0.4781424403190613,-0.8764849305152893,0.4813998341560364,0.4738495945930481,-0.8769711852073669,0.6146726608276367,0.4522731304168701,-0.5680732727050781,0.4550435245037079,0.4574664533138275,-0.5781425833702087,0.5590909123420715,0.5197587013244629,-0.6850655674934387,0.5034669637680054,0.5214940309524536,-0.6904231309890747,0.7392712235450745,0.46606913208961487,-0.4081023335456848,0.33364129066467285,0.45997700095176697,-0.37724485993385315,0.7515808939933777,0.49006494879722595,-1.0624198913574219,0.2869962155818939,0.4807211756706238,-1.1249947547912598,0.6295995712280273,0.538356363773346,-1.6848393678665161,0.3889634311199188,0.5264590978622437,-1.8265529870986938,0.6306666731834412,0.5616071224212646,-1.8586273193359375,0.4289384186267853,0.5431004762649536,-1.9821995496749878,0.5835162997245789,0.5580387711524963,-1.8219845294952393,0.4773847758769989,0.5478413105010986,-1.9314371347427368,0.5821505784988403,0.5597139596939087,-1.6894148588180542,0.4723418354988098,0.5457173585891724,-1.8261152505874634,0.68927401304245,0.8196805715560913,-0.044813718646764755,0.3878815472126007,0.816851019859314,0.04586050659418106,0.7007018327713013,1.048348307609558,-0.21560248732566833,0.24239173531532288,1.0430392026901245,-0.2317168116569519,0.635280966758728,1.2471224069595337,0.9548465013504028,0.3065606355667114,1.238399863243103,0.857354998588562,0.6085995435714722,1.2675402164459229,1.0659174919128418,0.35092464089393616,1.2548604011535645,0.9693270921707153,0.6274592280387878,1.351036787033081,0.7876639366149902,0.2682703733444214,1.3426040410995483,0.6635247468948364
25,0.5338045954704285,0.5134115815162659,-0.9261008501052856,0.559927225112915,0.48415499925613403,-0.9500634074211121,0.576706051826477,0.4798383116722107,-0.9501955509185791,0.5929434299468994,0.4749842584133148,-0.950832724571228,0.5116143822669983,0.4826156198978424,-0.9532946348190308,0.49626851081848145,0.4780985414981842,-0.95317143201828,0.48131421208381653,0.47378143668174744,-0.9536625146865845,0.6146060228347778,0.45267027616500854,-0.6348060965538025,0.4550064206123352,0.45739036798477173,-0.642559289932251,0.5591250658035278,0.5195578932762146,-0.7578081488609314,0.503511369228363,0.5213988423347473,-0.7624262571334839,0.7379051446914673,0.4656747877597809,-0.47093480825424194,0.33441826701164246,0.4574733376502991,-0.43509164452552795,0.7552700638771057,0.48885393142700195,-1.1722254753112793,0.2886945903301239,0.4807055592536926,-1.2309110164642334,0.6322290897369385,0.5376812815666199,-1.8976560831069946,0.3943006694316864,0.5264137983322144,-2.029712677001953,0.6169984936714172,0.5503949522972107,-2.0903947353363037,0.43627187609672546,0.5426504015922546,-2.2040505409240723,0.5834617614746094,0.55465167760849,-2.046198606491089,0.4811062216758728,0.5468887686729431,-2.1646039485931396,0.5824137926101685,0.5566167235374451,-1.9029998779296875,0.47558996081352234,0.5450409054756165,-2.035850763320923,0.6878178715705872,0.8194674253463745,-0.04573618620634079,0.38888439536094666,0.8159552812576294,0.04680021479725838,0.6940454840660095,1.0468590259552002,-0.19563117623329163,0.24230562150478363,1.0409955978393555,-0.23820728063583374,0.6345351934432983,1.2470334768295288,0.9902582168579102,0.3133934736251831,1.237637996673584,0.8711281418800354,0.6085625886917114,1.2668254375457764,1.1019519567489624,0.35883641242980957,1.253361463546753,0.9859918355941772,0.6274408102035522,1.347989797592163,0.8072138428688049,0.2794187664985657,1.342430830001831,0.6647504568099976
26,0.5335283279418945,0.5132138729095459,-0.9105759263038635,0.5596354007720947,0.4840816557407379,-0.9324700236320496,0.5764482021331787,0.47987231612205505,-0.932623028755188,0.5927003026008606,0.47515472769737244,-0.9332582354545593,0.5109784603118896,0.4824538230895996,-0.9342040419578552,0.49545589089393616,0.47797971963882446,-0.9340469241142273,0.48052167892456055,0.4737025201320648,-0.9345188736915588,0.6145736575126648,0.4531265199184418,-0.6118066906929016,0.4547141492366791,0.45735830068588257,-0.6126524806022644,0.55912846326828,0.5194278955459595,-0.7403085231781006,0.5034328103065491,0.5213131308555603,-0.7427992820739746,0.7378445863723755,0.4651044011116028,-0.4519599378108978,0.3355875015258789,0.456258624792099,-0.41130268573760986,0.7568634152412415,0.4873879849910736,-1.167941927909851,0.2899848222732544,0.48079341650009155,-1.2060075998306274,0.6410719752311707,0.5358489751815796,-1.9108506441116333,0.3995358347892761,0.5263428688049316,-2.001356601715088,0.6185346245765686,0.5450272560119629,-2.1039977073669434,0.4410839080810547,0.5418412089347839,-2.1748712062835693,0.5870267748832703,0.5509315729141235,-2.056183338165283,0.484266072511673,0.545784056186676,-2.1339590549468994,0.5872068405151367,0.5527336001396179,-1.9155561923980713,0.4785968065261841,0.5441105961799622,-2.0069377422332764,0.6866467595100403,0.8193831443786621,-0.047719500958919525,0.38942912220954895,0.8153492212295532,0.04884467273950577,0.6907386183738708,1.0461676120758057,-0.1720476746559143,0.24229586124420166,1.0401268005371094,-0.268648236989975,0.6347454190254211,1.2464029788970947,0.9941304326057434,0.3195589780807495,1.2361549139022827,0.8691839575767517,0.6113108396530151,1.266394853591919,1.1036267280578613,0.3657955527305603,1.2509114742279053,0.9874789118766785,0.6277640461921692,1.3454631567001343,0.8042641282081604,0.2889806032180786,1.3408164978027344,0.6673111915588379
27,0.5333573818206787,0.5131735801696777,-0.9096924662590027,0.5595400333404541,0.4842122495174408,-0.9309197068214417,0.5763491988182068,0.4801042675971985,-0.9310867190361023,0.5925837755203247,0.47547784447669983,-0.9317229390144348,0.5107073783874512,0.4823222756385803,-0.9311538934707642,0.4949414134025574,0.4779234528541565,-0.9309877157211304,0.4798848330974579,0.4736045002937317,-0.9314831495285034,0.6145540475845337,0.4533500671386719,-0.6051664352416992,0.45436546206474304,0.45721012353897095,-0.6000701189041138,0.5591379404067993,0.5194129943847656,-0.7376431822776794,0.5033167004585266,0.5212361812591553,-0.738243043422699,0.7379092574119568,0.4641492962837219,-0.44416359066963196,0.33632728457450867,0.45454224944114685,-0.3988683819770813,0.7577412724494934,0.48744550347328186,-1.1654667854309082,0.2912428379058838,0.48106440901756287,-1.1929552555084229,0.6413950324058533,0.5339757204055786,-1.9267621040344238,0.4030957520008087,0.526191234588623,-1.998004674911499,0.6131545305252075,0.5416957139968872,-2.1252872943878174,0.4445057809352875,0.5409899353981018,-2.174985408782959,0.5869989991188049,0.5476002097129822,-2.075814962387085,0.48671314120292664,0.5448423027992249,-2.1366982460021973,0.5873106718063354,0.5491116642951965,-1.9311845302581787,0.4811546206474304,0.543282151222229,-2.0047848224639893,0.6860848069190979,0.8193298578262329,-0.04962766543030739,0.38965919613838196,0.8143962025642395,0.05084754526615143,0.6896712183952332,1.046103835105896,-0.20163750648498535,0.24107098579406738,1.0376580953598022,-0.3190789222717285,0.6356866955757141,1.2470133304595947,0.9481469988822937,0.31883177161216736,1.2359809875488281,0.8389105796813965,0.6117477416992188,1.2689461708068848,1.055762529373169,0.36442795395851135,1.2512061595916748,0.9489753842353821,0.629144012928009,1.345368504524231,0.7590189576148987,0.2878795266151428,1.3403414487838745,0.6145467758178711
28,0.5331535935401917,0.5131316184997559,-1.0312845706939697,0.5591899156570435,0.484306275844574,-1.0581446886062622,0.5759680271148682,0.4802515506744385,-1.0582960844039917,0.5921101570129395,0.47566813230514526,-1.0589227676391602,0.510188639163971,0.48222875595092773,-1.0580641031265259,0.4941280782222748,0.47782546281814575,-1.0579419136047363,0.4788329303264618,0.47356486320495605,-1.0584728717803955,0.613897442817688,0.45332804322242737,-0.7307857871055603,0.4537004828453064,0.4571625590324402,-0.7208565473556519,0.5591325163841248,0.5193775296211243,-0.8559712171554565,0.5031898021697998,0.5211713314056396,-0.8557206988334656,0.7383888959884644,0.46252766251564026,-0.545702338218689,0.33675915002822876,0.451241672039032,-0.4830125570297241,0.7570993304252625,0.4875675141811371,-1.315119981765747,0.2916662096977234,0.48104482889175415,-1.2956067323684692,0.6375269293785095,0.532126784324646,-2.150681972503662,0.407055526971817,0.5239672660827637,-2.1493518352508545,0.6014854311943054,0.5381617546081543,-2.361865997314453,0.4507679343223572,0.5378926992416382,-2.3341097831726074,0.5849846601486206,0.5450140237808228,-2.3162753582000732,0.4917125403881073,0.5405934453010559,-2.2954776287078857,0.5866241455078125,0.5467644929885864,-2.1577541828155518,0.48578381538391113,0.5391814708709717,-2.1560146808624268,0.6859320998191833,0.818909764289856,-0.05269657075405121,0.3898186981678009,0.8134261965751648,0.05397544056177139,0.6901219487190247,1.0460907220840454,-0.21470050513744354,0.2401266098022461,1.0369271039962769,-0.2942587435245514,0.6361808776855469,1.247739553451538,0.9549572467803955,0.3184511661529541,1.237078309059143,0.8852513432502747,0.612111508846283,1.2702600955963135,1.0632036924362183,0.3635551333427429,1.2533941268920898,0.9989417791366577,0.6280757188796997,1.3461065292358398,0.7391105890274048,0.2873612344264984,1.3416807651519775,0.6311270594596863
29,0.533121645450592,0.5130579471588135,-0.9742704629898071,0.559293806552887,0.48458218574523926,-0.9991230368614197,0.5760203003883362,0.4806574881076813,-0.9992547631263733,0.5921230912208557,0.47622495889663696,-0.9998635053634644,0.5101365447044373,0.4822229743003845,-1.0017709732055664,0.49406903982162476,0.4777302145957947,-1.0016391277313232,0.4784089922904968,0.4734951853752136,-1.002133846282959,0.6138734817504883,0.45352235436439514,-0.6780558824539185,0.45208418369293213,0.45699113607406616,-0.6810194849967957,0.559163510799408,0.5193303823471069,-0.8026251196861267,0.5030949115753174,0.5207924842834473,-0.8060526251792908,0.7383595705032349,0.4625574052333832,-0.5079882144927979,0.3366645276546478,0.45147204399108887,-0.45706477761268616,0.7575470209121704,0.4880434572696686,-1.2700634002685547,0.29156211018562317,0.48066678643226624,-1.2558931112289429,0.6375803351402283,0.5305522680282593,-2.086054801940918,0.4065147936344147,0.5210183262825012,-2.057764768600464,0.6022940874099731,0.5346379280090332,-2.2881343364715576,0.4504595100879669,0.5330245494842529,-2.2282817363739014,0.5855522751808167,0.5414689779281616,-2.2408368587493896,0.4922727942466736,0.5363550782203674,-2.1850297451019287,0.587087094783783,0.5436514616012573,-2.0922632217407227,0.48608872294425964,0.5357736945152283,-2.0618460178375244,0.6858450770378113,0.8187557458877563,-0.052970174700021744,0.39012056589126587,0.8128234148025513,0.05428948253393173,0.6885290145874023,1.0461002588272095,-0.22108586132526398,0.24065229296684265,1.0366910696029663,-0.29084089398384094,0.6364720463752747,1.2499253749847412,0.9038286209106445,0.3182768225669861,1.2413877248764038,0.8514251112937927,0.6132388114929199,1.2736055850982666,1.0012938976287842,0.36335915327072144,1.2599724531173706,0.9514461755752563,0.6289485692977905,1.3473715782165527,0.6452786922454834,0.2867005169391632,1.3446400165557861,0.542451798915863
