hand_clasp_distance,left_arm_angle,right_arm_angle,left_hand_y_alignment,right_hand_y_alignment,eye_level_diff,shoulder_level_diff,right_eye_level_diff_negative,right_shoulder_level_diff_negative,right_all_pass
0.10469024564842598,160.9310146047716,163.26488515390122,0.24206459522247314,0.20346355438232422,-0.023532390594482422,-0.088509202003479,True,True,True
0.10840524311597438,162.03082096258228,161.94882077208572,0.24058431386947632,0.2091817557811737,-0.021955251693725586,-0.08559441566467285,True,True,True
0.10774891148265849,161.7966083489839,161.49144942018762,0.2371682226657868,0.2091306447982788,-0.020357191562652588,-0.08389467000961304,True,True,True
0.10762607986862066,160.70377615170457,161.52341755191102,0.2365303933620453,0.2109236717224121,-0.02017354965209961,-0.082477867603302,True,True,True
0.10888239521451808,160.21450361411826,161.76263710647143,0.2365405559539795,0.21182483434677124,-0.0202597975730896,-0.08136904239654541,True,True,True
0.10961405942356697,159.80861524714163,161.796804129017,0.23648825287818914,0.2123720943927765,-0.020497500896453857,-0.0808902382850647,True,True,True
0.11175761792690275,159.97370982185365,161.8432202939375,0.23709547519683838,0.21373799443244934,-0.02072882652282715,-0.0796886682510376,True,True,True
0.11344246572259517,159.8271107263368,161.802811241068,0.2371237874031067,0.214044451713562,-0.02100813388824463,-0.07848095893859863,True,True,True
0.11331589467215863,160.30601901976658,161.75033238375062,0.23783084750175476,0.21452018618583685,-0.021240234375,-0.07766401767730713,True,True,True
0.11468803771778348,161.33421302142193,161.6946318712755,0.240527093410492,0.21518653631210327,-0.02141439914703369,-0.07770919799804688,True,True,True
0.11528642280892193,161.81309527085338,161.6676725500373,0.24208417534828186,0.21562245488166815,-0.021667957305908203,-0.07751584053039551,True,True,True
0.11673272158860491,162.16914309212328,161.94288583153116,0.2424276769161225,0.2164459228515625,-0.022097766399383545,-0.07712101936340332,True,True,True
0.11708475451946485,162.82486963418063,162.23771976280034,0.2417249977588654,0.21686866879463196,-0.022451579570770264,-0.07707476615905762,True,True,True
0.11614819647657929,162.62003125542464,162.51409665359603,0.23869720101356506,0.21543750166893005,-0.022797584533691406,-0.07706785202026367,True,True,True
0.11468953792694567,161.8894238179669,162.39215803138583,0.2348012924194336,0.21060976386070251,-0.022998511791229248,-0.0773894190788269,True,True,True
0.11336047817758704,161.52964765325953,162.336156231775,0.23139140009880066,0.20850089192390447,-0.023060083389282227,-0.07745367288589478,True,True,True
0.11014967772925653,161.63409509468207,162.17938847563605,0.23048141598701477,0.20776998996734625,-0.0233343243598938,-0.07857966423034668,True,True,True
0.105899057908127,161.32943243463777,161.95590382351548,0.22989034652709966,0.2078652977943421,-0.023802220821380615,-0.08019018173217773,True,True,True
0.10123479685186693,160.67103911959993,161.5790083825968,0.22927758097648626,0.20304274559021002,-0.023866593837738037,-0.08236569166183472,True,True,True
0.09869657874856817,160.09993478565622,161.46274113478478,0.22747421264648443,0.19848918914794927,-0.023869991302490234,-0.083842933177948,True,True,True
0.09856103370735286,159.5309191393491,161.57562965057198,0.22432088851928716,0.1943472921848297,-0.023518025875091553,-0.08621972799301147,True,True,True
0.10056290823823485,159.41039206145078,161.7903461303631,0.22233065962791448,0.19105756282806396,-0.023892879486083984,-0.08951622247695923,True,True,True
0.09867051094027045,158.41367522086216,162.15046877124345,0.21754705905914307,0.18872615694999695,-0.02472895383834839,-0.09317976236343384,True,True,True
0.09731733674789761,157.27015509487416,162.416893466839,0.21361762285232544,0.1876327395439148,-0.02476823329925537,-0.09435611963272095,True,True,True
0.09470052062814716,156.267483377101,162.06082719038957,0.211320698261261,0.18553408980369568,-0.02519756555557251,-0.09550106525421143,True,True,True
0.0962256483546136,155.49970360078686,162.2433989726534,0.20925387740135193,0.18378502130508428,-0.02583092451095581,-0.09606361389160156,True,True,True
0.09688317743862312,154.4435004971669,162.327532965044,0.20721283555030828,0.18370035290718084,-0.02583855390548706,-0.09622436761856079,True,True,True
0.0980735369945403,153.92259618829036,162.7217048710798,0.20658943057060242,0.18368518352508545,-0.025941550731658936,-0.0964348316192627,True,True,True
0.10023969317529907,153.54108274398612,163.3211521769662,0.20555099844932556,0.18379229307174688,-0.026023924350738525,-0.09705346822738647,True,True,True
0.1007369098124961,153.41817418257037,163.95311680083034,0.20469537377357488,0.1833629012107849,-0.0262681245803833,-0.0987323522567749,True,True,True
0.09995294821677657,153.3024832722498,164.1451419757244,0.2047766149044037,0.1828669309616089,-0.026276707649230957,-0.10028046369552612,True,True,True
0.10158192657272103,152.87189109000744,164.37060152313614,0.20521152019500732,0.18267500400543213,-0.026569664478302002,-0.101520836353302,True,True,True
0.1038487312365613,152.7376658767002,164.43155594761194,0.20521488785743713,0.18048229813575745,-0.02667677402496338,-0.10260766744613647,True,True,True
0.1060175385573124,152.48549284214423,164.5276263136805,0.20496430993080145,0.17753639817237854,-0.026644527912139893,-0.10309630632400513,True,True,True
0.10739304112808243,152.93903127848847,164.59460385436077,0.2052127718925476,0.17601308226585388,-0.02664703130722046,-0.10332894325256348,True,True,True
0.10806678797713064,152.49648121477568,164.43861066576272,0.20552656054496765,0.1756461262702942,-0.02628910541534424,-0.10367554426193237,True,True,True
0.10904350690283662,152.28322966949852,164.2561064850366,0.20480439066886902,0.1747575700283051,-0.026265263557434082,-0.10360491275787354,True,True,True
0.11002888968227759,152.34768018818883,164.2106292530791,0.20329618453979492,0.17309987545013428,-0.026274919509887695,-0.10315358638763428,True,True,True
0.11239112935354845,152.411002769701,164.37310558513025,0.20293802022933966,0.16972362995147705,-0.026392638683319092,-0.10330849885940552,True,True,True
0.11383332221479711,152.46795510172353,164.49751839987843,0.202682226896286,0.1656270027160645,-0.026445209980010986,-0.10353696346282959,True,True,True
0.11418117430685888,152.0247110278629,164.36982742454273,0.20267111063003546,0.16009736061096197,-0.026577353477478027,-0.10419243574142456,True,True,True
0.11619880748157324,152.20874271896568,164.45376501938688,0.20257553458213812,0.15545850992202764,-0.02669215202331543,-0.1049811840057373,True,True,True
0.11800083627967418,152.43842574374273,164.44435210203997,0.20249283313751226,0.15286871790885925,-0.027534127235412598,-0.10585784912109375,True,True,True
0.11880973415808756,152.74850746889496,164.3360787594465,0.20250874757766724,0.15154513716697693,-0.028472721576690674,-0.1070089340209961,True,True,True
0.11864827176759503,152.82004707084465,164.25591989508325,0.20239475369453436,0.15087386965751648,-0.028963863849639893,-0.10825711488723755,True,True,True
0.11825637077479066,152.95498554054706,164.01515735908896,0.2021866142749787,0.15052488446235657,-0.02908909320831299,-0.10857731103897095,True,True,True
0.11758580517208318,153.04142480924483,163.91641161766617,0.20219016075134283,0.1502588391304016,-0.029233694076538086,-0.10920095443725586,True,True,True
0.11793872631657938,153.40293701888643,163.80943047760485,0.2022139430046082,0.14900928735733032,-0.029221534729003906,-0.10944890975952148,True,True,True
0.11797624481086255,153.5630770413299,163.86994972340275,0.20231974124908453,0.14931672811508184,-0.02928304672241211,-0.10971277952194214,True,True,True
0.11795287139514779,153.57817916883306,163.95540394399444,0.20256555080413818,0.1498551070690155,-0.02926051616668701,-0.10984522104263306,True,True,True
0.1175381340525215,153.59124909525744,164.01435621592188,0.20247361063957214,0.1499848067760468,-0.029221951961517334,-0.1099085807800293,True,True,True
0.11734966063409463,153.60838168568858,163.89909162362616,0.2029749751091004,0.14996883273124695,-0.028906822204589844,-0.11002427339553833,True,True,True
0.11729168879179824,153.65615485018432,163.94324784441702,0.2037247121334076,0.15055584907531738,-0.02877354621887207,-0.1103525161743164,True,True,True
0.11723188192607899,153.84679742691608,164.0305454238527,0.20421257615089417,0.1504020392894745,-0.02861851453781128,-0.11042875051498413,True,True,True
0.11736520727230808,153.90190565689198,163.97359741066953,0.20479324460029608,0.15053990483284002,-0.028453409671783447,-0.11057615280151367,True,True,True
0.11762456586973095,154.11045440067784,163.95106562231138,0.20495527982711792,0.15038561820983892,-0.02835845947265625,-0.10985457897186279,True,True,True
0.11776936319815148,154.43880855035198,164.05753232437914,0.20496419072151184,0.15039789676666265,-0.028358936309814453,-0.1100875735282898,True,True,True
0.1180064967867246,154.60565575452117,164.11898201089488,0.20534753799438477,0.15022608637809753,-0.02827274799346924,-0.11026567220687866,True,True,True
0.11815691033653053,154.657027854158,164.0665429784565,0.20547011494636536,0.15004959702491766,-0.028141140937805176,-0.11049777269363403,True,True,True
0.11827297316295651,154.59678478907324,164.16252158581634,0.2054585218429566,0.1499213874340058,-0.027987301349639893,-0.11070042848587036,True,True,True
0.11827112372132531,154.4399058013454,164.21103737763576,0.20542874932289124,0.15011394023895264,-0.027923583984375,-0.11093795299530029,True,True,True
0.11831455419420543,154.31188824139542,164.24389934046246,0.2053475677967072,0.1504909992218018,-0.027883827686309814,-0.1109498143196106,True,True,True
0.11813210146983585,154.12581970817715,164.24831552141455,0.20548254251480108,0.1512303352355957,-0.027785956859588623,-0.11076211929321289,True,True,True
0.11776217538426191,153.9817954540868,164.1830913321215,0.20590472221374517,0.1524595320224762,-0.02769947052001953,-0.11099910736083984,True,True,True
0.11652623891944967,153.7047574902688,164.0964394080494,0.20591577887535095,0.15384113788604742,-0.027528464794158936,-0.11106318235397339,True,True,True
0.11522816101275352,153.258197018134,164.12411685869301,0.2048062384128571,0.1545225083827973,-0.02740192413330078,-0.11045342683792114,True,True,True
0.11452046015227875,152.93260947705537,164.15122718826208,0.203982561826706,0.1545814573764801,-0.027156174182891846,-0.10990649461746216,True,True,True
0.11410590349420592,152.66249882985295,164.07597328101107,0.20321115851402283,0.15412274003028875,-0.026863574981689453,-0.1095779538154602,True,True,True
0.11401273412856466,152.5380922367368,164.16669952305867,0.20220252871513367,0.15317237377166754,-0.02658402919769287,-0.10919082164764404,True,True,True
0.11431260166031461,152.4956128749332,164.1816476846081,0.20187938213348394,0.15267124772071844,-0.02635824680328369,-0.10919612646102905,True,True,True
0.11409316395063436,152.45128490768866,164.05609360060689,0.20128381252288818,0.15228164196014404,-0.026074647903442383,-0.10907101631164551,True,True,True
0.11380787717379441,152.34088390849323,164.03566636261073,0.20079284906387335,0.15209722518920904,-0.026032447814941406,-0.10855305194854736,True,True,True
0.1139344714420797,152.31429263771415,164.1819284031718,0.20064982771873474,0.15169334411621094,-0.026048481464385986,-0.10871642827987671,True,True,True
0.11412437168193394,152.2582070978189,164.3702891242747,0.20047029852867132,0.1511615514755249,-0.026110529899597168,-0.10882961750030518,True,True,True
0.11382130307771278,152.11181792496873,164.5083159164212,0.20029520988464355,0.15082457661628723,-0.026123106479644775,-0.10896033048629761,True,True,True
0.11358822840532198,151.92760394878317,164.55900330657738,0.20008176565170288,0.14994499087333685,-0.026138484477996826,-0.10897547006607056,True,True,True
0.11440914222115423,151.81955783138744,164.6252537968005,0.19999772310256964,0.14760443568229675,-0.02617502212524414,-0.10933440923690796,True,True,True
0.11499024680958864,151.64566769698405,164.76410747824033,0.19978979229927069,0.14664474129676824,-0.026512622833251953,-0.11042165756225586,True,True,True
0.11573904819899791,151.53391350563405,164.74264814699512,0.1993684470653534,0.1450625658035279,-0.02657991647720337,-0.1109914779663086,True,True,True
0.11608276899462794,151.6860478602427,164.5758047474202,0.19951248168945312,0.14504876732826233,-0.02665126323699951,-0.11157101392745972,True,True,True
0.1169009963888922,152.17515855715453,164.43859698061678,0.1997808814048767,0.1465842723846436,-0.02708965539932251,-0.11090087890625,True,True,True
0.11625507451876677,152.27667133712507,164.32182911106324,0.2006685733795166,0.14969724416732794,-0.027957379817962646,-0.11043667793273926,True,True,True
0.11419364374245346,152.2874726521693,163.92670580704976,0.20173606276512152,0.15458863973617554,-0.02859640121459961,-0.11004698276519775,True,True,True
0.11202120471086316,152.36752886352576,163.6121689675655,0.2031572163105011,0.15954062342643743,-0.028833210468292236,-0.10884284973144531,True,True,True
0.11086530423134901,152.13320396118192,163.39545206037326,0.20483553409576422,0.16298002004623413,-0.02889496088027954,-0.10870629549026489,True,True,True
0.11006699572125492,152.14186446785038,163.39497695143092,0.2055397927761078,0.1647215485572815,-0.028783738613128662,-0.1084786057472229,True,True,True
0.10938475211025105,151.79653009632335,163.3558260469982,0.2058202624320984,0.1656840741634369,-0.028981029987335205,-0.10842418670654297,True,True,True
0.1090702543292268,151.4593815215732,163.26229901192278,0.20649650692939764,0.1674300134181977,-0.030401229858398438,-0.10932111740112305,True,True,True
0.109044736034148,151.29815757442734,163.19360503466302,0.20709800720214844,0.16823026537895208,-0.03110295534133911,-0.10949617624282837,True,True,True
0.10900654827334993,151.4113827376372,163.08800045774453,0.20704779028892517,0.16811361908912664,-0.03120654821395874,-0.10953819751739502,True,True,True
0.1095776524291319,151.73533357105043,162.9033752108715,0.20707276463508612,0.16799506545066833,-0.03122127056121826,-0.10956287384033203,True,True,True
0.10899826825901718,151.75177563322066,162.67224146819945,0.2070725858211518,0.1678851842880249,-0.031213879585266113,-0.10959327220916748,True,True,True
0.10885240539500028,151.92677138287618,162.53940354486195,0.2069783508777619,0.1678222417831421,-0.031195461750030518,-0.10956156253814697,True,True,True
0.10869127582033435,151.98222067612716,162.4351720289111,0.2067323625087738,0.16747814416885382,-0.031164228916168213,-0.1098054051399231,True,True,True
0.1087563699909659,152.04946066356953,162.47605407078254,0.20553603768348694,0.1657802164554596,-0.030811071395874023,-0.10993045568466187,True,True,True
0.10884647097392496,152.0459599282635,162.63542793266288,0.20528280735015875,0.16533386707305914,-0.03081691265106201,-0.10982686281204224,True,True,True
0.1087821303793883,152.08257362474296,162.69314978748366,0.20491424202919012,0.16496729850769043,-0.030842840671539307,-0.1095501184463501,True,True,True
0.10864375649925676,152.15192759029148,162.84087720059287,0.20491299033164978,0.16521120071411138,-0.030892014503479004,-0.10932016372680664,True,True,True
0.10863611186500514,152.29902776778175,162.883201295886,0.20505115389823914,0.1657634675502777,-0.031244754791259766,-0.10918980836868286,True,True,True
0.10883046039722588,152.46077368793564,162.86608019534296,0.20507258176803594,0.16590088605880737,-0.03143543004989624,-0.10901987552642822,True,True,True
0.10978884511892945,152.88572482123226,162.84511667657318,0.20541512966156006,0.16627433896064764,-0.0318523645401001,-0.10894238948822021,True,True,True
0.10998357254112634,153.03082737611194,162.6491436822079,0.20637303590774542,0.16735336184501648,-0.032230257987976074,-0.10866260528564453,True,True,True
0.11112129922713888,153.53611276721108,162.54252794269635,0.2076909244060517,0.16862469911575317,-0.03228187561035156,-0.10853683948516846,True,True,True
0.11240447384940354,154.27765413509272,162.37897977010726,0.20840665698051453,0.17015483975410467,-0.03234201669692993,-0.1077008843421936,True,True,True
0.11285815458908496,154.6567666150282,162.16469902754397,0.20944461226463318,0.1724213063716889,-0.0323944091796875,-0.10622262954711914,True,True,True
0.11247828967661787,154.7003262943925,161.9627057561873,0.21112686395645142,0.175126850605011,-0.03202241659164429,-0.10581761598587036,True,True,True
0.11194111058246946,154.68163721831272,161.7877264046158,0.2119901478290558,0.17728623747825628,-0.031922340393066406,-0.10549545288085938,True,True,True
0.11132477441458742,154.43617096117026,161.66254461069042,0.21257594227790833,0.17900821566581726,-0.03171807527542114,-0.105130136013031,True,True,True
0.11125349101028162,154.3607835962309,161.5585244455959,0.21371254324913025,0.18005844950675964,-0.03139054775238037,-0.10464805364608765,True,True,True
0.11134352424227287,154.416448076986,161.44098894699553,0.2149168848991394,0.18098220229148865,-0.031059205532073975,-0.10363829135894775,True,True,True
0.11139629150683024,154.37622282425852,161.36386700188766,0.21582686901092535,0.18193885684013367,-0.030964195728302002,-0.10259681940078735,True,True,True
0.11135435913223048,154.36802098272133,161.2769092160282,0.21617460250854492,0.18236583471298218,-0.030961155891418457,-0.10207879543304443,True,True,True
0.11126016180330942,154.32171940345324,161.1406928542506,0.21640688180923462,0.18277865648269653,-0.031023800373077393,-0.10204839706420898,True,True,True
0.11124634726328432,154.3263093009916,161.16076185232183,0.21654984354972845,0.18292894959449768,-0.031071901321411133,-0.10276561975479126,True,True,True
0.11125565084657735,154.31701058972394,161.10433108172396,0.21665930747985845,0.18299764394760137,-0.03105473518371582,-0.10295701026916504,True,True,True
0.11147930199302881,154.3941764841491,161.11574929762872,0.21698415279388428,0.18293038010597235,-0.03102487325668335,-0.1029130220413208,True,True,True
0.11184211491080484,154.46799474886623,161.19674612775998,0.21731925010681158,0.18246707320213318,-0.03091210126876831,-0.10275894403457642,True,True,True
0.11205866844731702,154.47887302003844,161.17263229365972,0.21730169653892517,0.181791752576828,-0.030747652053833008,-0.10238909721374512,True,True,True
0.11171702547560636,154.35631709921955,161.1316166110166,0.21726924180984503,0.18149283528327942,-0.030624866485595703,-0.10206401348114014,True,True,True
0.11173300493313044,154.37669559242883,161.02515211436608,0.2176716029644013,0.1814853549003601,-0.030601143836975098,-0.10228466987609863,True,True,True
0.11174283208198037,154.43664833366918,161.04444369608265,0.21733081340789795,0.18019083142280584,-0.030046582221984863,-0.1025381088256836,True,True,True
0.11126419618145975,154.39350140302108,160.99648059362192,0.2174414992332459,0.18019795417785645,-0.02998250722885132,-0.1025247573852539,True,True,True
0.11105443746845786,154.3934498122522,160.9621389823946,0.2176162600517273,0.1803111433982849,-0.029961466789245605,-0.1028064489364624,True,True,True
0.11123414540015275,154.4547337951122,160.9328401173682,0.2179068624973297,0.180308610200882,-0.029970884323120117,-0.10284626483917236,True,True,True
0.11138766964322082,154.55991993115356,160.94592945074493,0.21824061870574957,0.18041232228279114,-0.030013561248779297,-0.10293740034103394,True,True,True
0.11133773935074433,154.744755635213,160.99054440397487,0.21855631470680237,0.18075299263000488,-0.03003746271133423,-0.10255205631256104,True,True,True
0.11144001816682836,154.84315456733975,160.9685855132416,0.21864533424377441,0.18061482906341558,-0.030023515224456787,-0.10259503126144409,True,True,True
0.1115273497435735,154.94057697966144,160.84541749902905,0.21874016523361212,0.18043079972267156,-0.030037224292755127,-0.1026884913444519,True,True,True
0.1118867133599239,155.07373655145136,160.8223566913962,0.21901175379753113,0.18010312318801885,-0.030098319053649902,-0.10301041603088379,True,True,True
0.11224014476887267,155.31746359698565,160.91472036777247,0.21948283910751348,0.18005830049514776,-0.030114293098449707,-0.10315734148025513,True,True,True
0.11310384773137645,155.6337795915268,161.26544607390326,0.2200353443622589,0.17960241436958313,-0.03013557195663452,-0.10316318273544312,True,True,True
0.11406634363558953,155.98018527894132,161.5417214719741,0.22032314538955694,0.17882728576660162,-0.03007054328918457,-0.10297536849975586,True,True,True
0.11528184122607382,156.3639167108214,161.81985107021566,0.2209869027137757,0.17814508080482488,-0.030191004276275635,-0.10296720266342163,True,True,True
0.11634894570520006,156.53837566597937,162.04041711330316,0.22132742404937744,0.1776577532291413,-0.03015691041946411,-0.10298234224319458,True,True,True
0.11755795374360879,156.7795459922806,162.21165574247547,0.22120189666748052,0.17693445086479193,-0.029886901378631592,-0.10291945934295654,True,True,True
0.11811597804345934,156.98900615645027,162.4158942275683,0.22116589546203613,0.1766158938407898,-0.02976900339126587,-0.10286140441894531,True,True,True
0.11849275665614348,157.06879475547237,162.53459145254152,0.2211825549602509,0.17653769254684448,-0.029742300510406494,-0.10278934240341187,True,True,True
0.1187571891548147,157.15367623043548,162.6576168001068,0.22119298577308655,0.1759148240089417,-0.02974599599838257,-0.10273110866546631,True,True,True
0.11856479589286661,157.09893514012748,162.65699798236378,0.2211119830608368,0.17528361082077032,-0.029822349548339844,-0.1026308536529541,True,True,True
0.11784427427886959,156.71309869174982,162.48045046618327,0.22040563821792603,0.17511788010597235,-0.029978394508361816,-0.10255175828933716,True,True,True
0.11685714847199309,156.52561049528612,162.36876699405403,0.22006571292877197,0.17512533068656927,-0.03014242649078369,-0.1022830605506897,True,True,True
0.11577566058328077,156.48695760951426,162.0462721652543,0.21998539566993713,0.17521226406097418,-0.03019946813583374,-0.10246145725250244,True,True,True
0.11516251009752643,156.3996316088917,161.81279354294736,0.22012770175933843,0.17563247680664062,-0.03004556894302368,-0.10260629653930664,True,True,True
0.11526465782778039,156.0508804686279,161.77123267593834,0.21983045339584356,0.1758209764957428,-0.029826819896697998,-0.10239940881729126,True,True,True
0.11546670038557745,156.02698024381021,161.75150141008316,0.22052660584449774,0.17612656950950628,-0.029425859451293945,-0.10212349891662598,True,True,True
0.1164050658000307,156.19789424405283,161.8888639998544,0.22071748971939092,0.1763138771057129,-0.029265940189361572,-0.1016421914100647,True,True,True
0.11688461398166124,156.399136868914,161.77643357892646,0.2210096716880799,0.17655926942825323,-0.029256820678710938,-0.10121363401412964,True,True,True
0.11686724390046394,156.42924596131488,161.75582887761306,0.22185453772544866,0.17694467306137085,-0.02925044298171997,-0.1008344292640686,True,True,True
0.11699633375766928,156.44603425622864,161.6696192081217,0.22214171290397644,0.17707008123397827,-0.02930504083633423,-0.1005239486694336,True,True,True
0.11598269325054535,156.599215171498,161.4905874129933,0.2224745154380799,0.17786875367164612,-0.029219508171081543,-0.10007959604263306,True,True,True
0.11633084820674466,156.77031953373955,161.6760516577858,0.22277969121932983,0.1779129803180695,-0.029203414916992188,-0.09987139701843262,True,True,True
0.11809997959441018,157.05832435352883,161.96318249791457,0.2226366102695465,0.1774940192699433,-0.028773605823516846,-0.09931260347366333,True,True,True
0.11828277925741523,157.2438861736567,162.18389354914638,0.22264942526817327,0.17819431424140936,-0.027815580368041992,-0.09859341382980347,True,True,True
0.11852566313003902,157.42162303114628,162.10314928967125,0.2227446734905243,0.17884925007820135,-0.02740156650543213,-0.09729677438735962,True,True,True
0.1187540088033301,157.69530243166187,162.38434480055759,0.22288778424263,0.1819155514240265,-0.026826143264770508,-0.09571105241775513,True,True,True
0.1203539733992996,158.6367652354636,162.58551327567386,0.22462853789329534,0.18760681152343756,-0.026066124439239502,-0.09327387809753418,True,True,True
0.12196268476565232,159.4736124259242,162.6920211468712,0.2265813648700714,0.1872895359992981,-0.024922728538513184,-0.09060931205749512,True,True,True
0.11912189314397414,159.0767812082979,161.8667569727985,0.2286261022090912,0.18874615430831915,-0.02325040102005005,-0.08694159984588623,True,True,True
0.11703695005046155,158.579858446436,161.939788050833,0.2292799949645996,0.1927022635936737,-0.02278059720993042,-0.08414149284362793,True,True,True
0.1152195848354841,158.35626787650386,161.68482384794416,0.22968009114265447,0.19492101669311523,-0.021803438663482666,-0.08342409133911133,True,True,True
0.11387493881133942,158.85956908127096,161.429575465448,0.23539075255393987,0.19803872704505926,-0.020584583282470703,-0.08127343654632568,True,True,True
0.11391294772260287,160.64985400997688,160.87082022999925,0.2414861023426056,0.20259404182434088,-0.020245254039764404,-0.07982295751571655,True,True,True
0.11458317051174603,160.7385855952321,161.36706210806577,0.24249228835105902,0.20821470022201538,-0.019665241241455078,-0.07588434219360352,True,True,True
0.11329845091869824,161.42845787207227,161.2278458959914,0.2458076775074005,0.2107907235622406,-0.018345952033996582,-0.07301878929138184,True,True,True
0.11099112623459582,160.59609749643542,161.61905602305225,0.24669724702835089,0.21272850036621094,-0.01714223623275757,-0.0709601640701294,True,True,True
0.11140764221013603,158.62652405183505,162.2085013446115,0.24512380361557007,0.2164289653301239,-0.017173051834106445,-0.0705270767211914,True,True,True
0.11181499644039694,159.02487352591,163.33912499042376,0.24582102894783026,0.22051182389259344,-0.01725327968597412,-0.06992632150650024,True,True,True
0.11470825432811256,159.3739761460187,164.29113766919102,0.2535727024078369,0.22481617331504822,-0.017329156398773193,-0.06901198625564575,True,True,True
0.12282035722176374,162.78406739883604,164.68231179556636,0.26301622390747076,0.23621824383735657,-0.016609251499176025,-0.06471788883209229,True,True,True
0.10725255360876253,161.9904799304598,166.24400673655967,0.2592427432537079,0.24689003825187683,-0.0168188214302063,-0.0612485408782959,True,True,True
0.10208627629818068,163.44370212788132,165.76199002795624,0.2556682229042053,0.24604845046997076,-0.01679539680480957,-0.060221970081329346,True,True,True
0.1159321982950929,164.0664345639797,164.7756582981703,0.2653399109840393,0.25031515955924993,-0.01596689224243164,-0.05773216485977173,True,True,True
0.1088189386608523,164.15276202187502,163.97014542487457,0.2692793905735016,0.24825170636177069,-0.014129400253295898,-0.05061328411102295,True,True,True
0.11657985680419393,163.9378638086888,164.8015347805455,0.27552007138729107,0.25055864453315735,-0.013743579387664795,-0.049151599407196045,True,True,True
0.10784688374383743,162.10996044182917,166.19096088074886,0.2756197452545166,0.2526279091835022,-0.013688385486602783,-0.04824143648147583,True,True,True
0.10772635920917734,161.490211798612,167.19187572017003,0.27314865589141846,0.25386732816696167,-0.013949275016784668,-0.04664015769958496,True,True,True
0.10702877184977631,162.5283265555089,167.81627141182832,0.27166034281253815,0.2537017464637757,-0.014035046100616455,-0.046620190143585205,True,True,True
0.1224293241800944,162.75122542747786,167.418226614218,0.2747548818588258,0.25386396050453186,-0.01409447193145752,-0.045079588890075684,True,True,True
0.10801082194958571,160.68696306117332,166.914638508259,0.27291034162044536,0.25408056378364563,-0.01388251781463623,-0.04239308834075928,True,True,True
0.1076418208546767,162.23035002621071,166.69044934823359,0.26900121569633495,0.25226825475692755,-0.013891518115997314,-0.040788114070892334,True,True,True
0.10599588418868519,161.22189290977886,166.9260491406404,0.2665095180273056,0.24865248799324036,-0.013268709182739258,-0.039598286151885986,True,True,True
0.10586784822882833,161.65171473793205,165.8752477555424,0.26339460909366613,0.2445467114448548,-0.012507736682891846,-0.03722071647644043,True,True,True
0.10757978987272739,163.2554856208045,165.13320395415332,0.2600983232259751,0.24318391084671026,-0.012277841567993164,-0.03607851266860962,True,True,True
0.11040526936101969,164.06712152259973,164.61130283578956,0.253308430314064,0.2405832707881928,-0.011047661304473877,-0.03224664926528931,True,True,True
0.12251206666184376,163.94894785317652,163.8730403529739,0.2553332597017288,0.2396946549415589,-0.008833467960357666,-0.02808558940887451,False,False,False
0.11800082781504069,162.636632989736,163.60837968493644,0.2518225461244584,0.23668569326400757,-0.007801711559295654,-0.026265203952789307,False,False,False
0.11899419577262345,163.5655048175251,163.5480216733547,0.2384660840034485,0.2342756688594818,-0.007436782121658325,-0.025932610034942627,False,False,False
0.1136500103978403,164.13853999749597,164.64076015554647,0.24006053805351263,0.23350858688354498,-0.007183104753494263,-0.02494680881500244,False,False,False
0.1141453658735111,164.9219977199617,164.1242359556122,0.23934555053710943,0.23493322730064392,-0.006614029407501221,-0.02369844913482666,False,False,False
0.1430121216216568,171.83103684414888,164.70457532234877,0.2266489565372467,0.23375609517097473,-0.005966961383819636,-0.021963834762573242,False,False,False
0.12836876497171287,169.00565235365283,164.67101337316072,0.21961182355880732,0.231502503156662,-0.005907654762268066,-0.02031046152114868,False,False,False
0.11964401604314392,167.5570537513172,164.52975069675503,0.21535474061965937,0.2287866175174713,-0.00552290678024292,-0.01862281560897827,False,False,False
0.11534444729694536,167.02040258409932,164.8244372327689,0.21503272652626038,0.22746753692626948,-0.004946708679199219,-0.018414616584777832,False,False,False
0.12429100388933755,169.19631230295946,164.9153545569144,0.2119790911674499,0.2240915596485138,-0.004427760839462336,-0.017582356929779053,False,False,False
0.12673429442924633,169.90133052368913,164.93173523247512,0.2095819115638733,0.223594069480896,-0.004135102033615112,-0.015122592449188232,False,False,False
0.11664726432291342,169.1134781315223,164.99829352398612,0.21026837825775152,0.22083473205566412,-0.004040658473968506,-0.014112114906311035,False,False,False
0.1115304604555851,168.64593822744402,164.88439058686222,0.2098529040813446,0.2181048989295959,-0.003724873065948431,-0.013537287712097168,False,False,False
0.1106378294037445,169.01399050812776,164.37210631828958,0.2090012133121491,0.2171076536178589,-0.0033852756023406982,-0.013119637966156006,False,False,False
0.11255711736207956,169.45903950081214,164.46574094828992,0.2059590220451355,0.2172407209873199,-0.003356695175170843,-0.01120370626449585,False,False,False
0.11329537651092987,169.92552327416928,164.68057422702867,0.20523998141288757,0.21732497215271002,-0.0033340752124786377,-0.010136902332305908,False,False,False
0.11484015639542353,170.438011906736,164.60318724459862,0.20548522472381597,0.21773222088813782,-0.0030410289764404297,-0.009034872055053711,False,False,False
0.11642388824642745,171.20232927335167,164.58603931410843,0.20542612671852106,0.2161675989627838,-0.0022110044956207275,-0.008095264434814453,False,False,False
0.11760711609143108,171.62516924770577,164.31039855458928,0.20393022894859308,0.21009084582328796,-0.0013265609741210938,-0.007541537284851074,False,False,False
0.11788126571167944,171.47749625628143,164.1547954313827,0.20393770933151245,0.2094165682792664,-0.0011727511882781982,-0.0070961713790893555,False,False,False
0.1191924626316981,171.41317274894334,164.08296953985993,0.20399793982505804,0.2088419795036316,-0.0008151829242705744,-0.006065547466278076,False,False,False
0.11971637894164269,171.36014800462695,164.03259870881044,0.2053276002407074,0.20958146452903748,-0.00043332576751708984,-0.004907965660095215,False,False,False
0.11974130088390794,171.4595886063169,163.97488056409205,0.20677107572555548,0.21027031540870672,-0.00023049116134643555,-0.004370391368865967,False,False,False
0.11848752938328594,171.41101190834755,163.94131039667298,0.20867016911506647,0.2116667628288269,5.611777305597476e-05,-0.0037913918495178223,False,False,False
0.11662683491916452,170.78403364709175,163.31022605257888,0.210554838180542,0.21302223205566412,0.0009273886680603027,-0.0014048218727111816,False,False,False
0.11439940697543179,169.68469722561989,162.51803434235381,0.2125634849071502,0.21484750509262085,0.0019420683383941095,0.0004742145538330078,False,False,False
0.11194534272467038,169.74026158669858,162.20161422822576,0.21206116676330572,0.21496766805648798,0.002010673284530695,0.0024004578590393066,False,False,False
0.10979455291632857,170.10204285223497,162.2489515297745,0.2120989859104157,0.21558666229248047,0.0017590522766113281,0.003002464771270752,False,False,False
0.11043308302676724,170.69162965647755,162.27636417878722,0.20595568418502808,0.21577686071395868,0.0013890564441680908,0.0039481520652771,False,False,False
0.11529614278167287,170.57145953003433,161.86613490589122,0.196194440126419,0.2142345309257508,0.0018762052059173029,0.0055217742919921875,False,False,False
0.11539792621875186,170.68644246052608,161.3737008661227,0.1974137425422669,0.2140168845653534,0.0027836263179779053,0.00879514217376709,False,False,False
0.11521871245594682,171.26439582375093,161.68061065973578,0.198991060256958,0.21428561210632324,0.0032455921173095703,0.012313902378082275,False,False,False
0.10949785119426608,171.29868153423433,161.58452377530213,0.20382344722747803,0.21714618802070612,0.0048085749149323065,0.01565462350845337,False,False,False
0.10348116976012636,170.819546897334,161.6012832479803,0.20989620685577393,0.2168842852115631,0.006108343601226862,0.016425788402557373,False,False,False
0.10454165992211391,170.67691620347625,162.95415381418633,0.21484175324440008,0.2138477265834809,0.007263660430908203,0.016825973987579346,False,False,False
0.10905099925327665,170.2758579437313,163.1609396447231,0.21717926859855652,0.21102601289749146,0.007754206657409668,0.017125368118286133,False,False,False
0.10396443068912209,168.42132341193218,161.79808696824998,0.21729761362075806,0.20614534616470342,0.008254408836364746,0.01866006851196289,False,False,False
0.09627054562042252,166.0934987977837,160.19293016566334,0.21803516149520874,0.20673689246177673,0.009263694286346436,0.02308940887451172,False,False,False
0.09180048286917938,162.28746491440515,158.35235321340403,0.21858236193656927,0.20929056406021124,0.010212898254394531,0.028141379356384277,False,False,False
0.09331700091133134,161.22545910575548,156.95177650077707,0.2126982212066651,0.21294319629669195,0.01054680347442627,0.03365516662597656,False,False,False
0.08969754793970877,160.78300271718823,156.71580945195782,0.20792168378829956,0.21411877870559698,0.011893153190612793,0.04038804769515991,False,False,False
0.0878723634609166,160.01254066227932,155.7184105588843,0.20310196280479437,0.2181882560253144,0.0134354829788208,0.04413110017776489,False,False,False
0.09159722393364969,156.34038940644126,156.44976032819923,0.20506435632705688,0.22078737616539007,0.015615761280059814,0.05101686716079712,False,False,False
0.08928689598720656,156.22728897905662,157.13795766643366,0.19735532999038702,0.2202780842781067,0.017945706844329834,0.0533595085144043,False,False,False
0.10205113425827832,156.2203297325822,158.00785970929078,0.18478000164031982,0.2067729234695435,0.020970642566680908,0.0530858039855957,False,False,False
0.11129604523260658,156.67283773538898,159.60072989590986,0.1832866668701172,0.1951199471950531,0.023052066564559937,0.05348783731460571,False,False,False
0.10844352784138545,156.36105395478216,160.80836006791282,0.18789592385292053,0.1970800757408142,0.025458425283432007,0.055289387702941895,False,False,False
0.10636326996396302,155.18616570509806,162.02789239876253,0.18041408061981207,0.20678275823593145,0.03223717212677002,0.0663292407989502,False,False,False
0.10202696050478643,156.12703652288926,161.40430058556652,0.194281816482544,0.2185275256633759,0.03414475917816162,0.06732606887817383,False,False,False
0.10555451558511939,155.99483817878507,162.802503855274,0.2059053778648377,0.23227107524871832,0.033969759941101074,0.07328861951828003,False,False,False
0.10716993496716004,158.58161839584716,163.28405679797277,0.202343761920929,0.2404866516590119,0.03267949819564819,0.0758512020111084,False,False,False
0.11180725888089928,158.25754751957905,163.16239125827425,0.20146620273590093,0.2437695562839508,0.03149580955505371,0.07609796524047852,False,False,False
0.11680390681545884,155.42566051333353,162.86509144909837,0.19437730312347412,0.23636204004287725,0.031487345695495605,0.07362103462219238,False,False,False
0.12590289459397871,154.97284769161715,164.9582415640867,0.1920092105865479,0.24327433109283447,0.03062504529953003,0.07992291450500488,False,False,False
0.13968658052844735,154.3611434017123,165.86795859062332,0.17703571915626526,0.24844589829444885,0.029441893100738525,0.08458882570266724,False,False,False
0.13252739264455793,155.97740739319104,166.27833477385883,0.18065223097801214,0.24771416187286377,0.027498900890350342,0.08240485191345215,False,False,False
0.12271249683004788,155.1391060188646,166.9838266779458,0.18283274769783026,0.23608034849166876,0.026608169078826904,0.0776403546333313,False,False,False
0.1196318037567406,152.92231187784517,165.00248431688965,0.180873453617096,0.2290584146976471,0.026337385177612305,0.07792937755584717,False,False,False
0.11454064020882768,153.62789545658308,163.82119078442344,0.1811528205871582,0.22562029957771307,0.026401758193969727,0.0780562162399292,False,False,False
0.11057502810229478,153.10127375376953,163.78400372488085,0.1829789578914643,0.22057956457138062,0.02765488624572754,0.07829505205154419,False,False,False
0.1077225208156156,153.76279320192717,163.585476385429,0.18384510278701788,0.22011500597000122,0.028272926807403564,0.08088821172714233,False,False,False
0.10669937479752306,154.10429781749002,165.9957715320232,0.17895695567131042,0.22037869691848755,0.028640568256378174,0.08220189809799194,False,False,False
0.10227316453885307,154.310452244407,163.54628360911258,0.18074318766593933,0.2095767855644226,0.03125554323196411,0.08044540882110596,False,False,False
0.12218017313114121,155.43988548391428,145.30065559791484,0.17802482843399053,0.18896344304084783,0.0309600830078125,0.07916444540023804,False,False,False
0.11993899540332664,154.25698768522372,157.7030607078427,0.18155160546302795,0.1972062885761261,0.02984488010406494,0.07987147569656372,False,False,False
0.11924411988778728,153.5848230480209,157.2710274074413,0.18028122186660772,0.19719597697257996,0.030163109302520752,0.07983285188674927,False,False,False
0.12018720582104207,152.8737493073376,158.88003011368033,0.17604988813400269,0.19406118988990784,0.031283795833587646,0.08009159564971924,False,False,False
0.11864999338686213,153.21172824997024,160.95968669611844,0.1768513023853302,0.1925965547561646,0.031215906143188477,0.08007270097732544,False,False,False
0.1056288015577044,152.29991721408794,163.60560077687305,0.1758843362331391,0.18965288996696472,0.03474628925323486,0.08011037111282349,False,False,False
0.1050813688182853,152.8184771069846,164.48355204869847,0.1744672656059265,0.19345045089721685,0.036610424518585205,0.08347934484481812,False,False,False
0.10668400837348155,152.7686580991704,162.69990546556892,0.17318212985992437,0.19313132762908936,0.03671622276306152,0.07547658681869507,False,False,False
0.10933397285476948,150.46384072894963,162.4371877841768,0.16928094625473028,0.19289469718933105,0.036842167377471924,0.07057887315750122,False,False,False
0.10918042541670878,150.10275829617393,164.37780840149694,0.1680299043655396,0.19281876087188726,0.03686821460723877,0.06376934051513672,False,False,False
0.11179680695028832,147.8989519511233,154.77785780789506,0.15747490525245672,0.18086600303649908,0.04296541213989258,0.06415212154388428,False,False,False
0.10815620909912814,147.82079183818257,155.81782701364062,0.14884436130523682,0.17578279972076416,0.044875383377075195,0.06526851654052734,False,False,False
0.08540644649019755,133.41732855322735,159.28961657310782,0.145610123872757,0.0813481211662293,0.051951825618743896,0.048230111598968506,False,False,False
0.062231768167683776,141.7782626910508,162.2420937318762,0.1489129662513733,0.09930983185768127,0.051874756813049316,0.04888266324996948,False,False,False
0.05583497184825265,137.26615715413126,178.33263458424628,0.154954195022583,0.11315411329269415,0.05339592695236206,0.05212944746017456,False,False,False
0.05377574548851974,138.60605471774332,164.22724481637024,0.16344878077507025,0.11724460124969482,0.05382990837097168,0.054322898387908936,False,False,False
0.056011718396198194,145.35252075755972,157.29085871234463,0.17071196436882025,0.12200671434402466,0.05260354280471802,0.05483061075210571,False,False,False
0.0613786158576411,149.19790424577982,155.7048070448459,0.17377322912216192,0.1435136198997498,0.05137556791305542,0.055990755558013916,False,False,False
0.06314109423850432,150.33648684325408,154.7720561494423,0.17524373531341558,0.14981091022491455,0.04941534996032715,0.05783885717391968,False,False,False
0.06187304040863328,150.6698333445526,156.25726545015036,0.17686319351196295,0.1550814807415009,0.04627883434295654,0.05826115608215332,False,False,False
0.07335300213814794,149.63414188063726,172.97789861494417,0.1700965166091919,0.15841394662857056,0.04470014572143555,0.05520898103713989,False,False,False
0.07955128740406654,149.60318684106977,172.5659673921536,0.17087650299072266,0.16211035847663885,0.043025434017181396,0.05043083429336548,False,False,False
0.07908921867659946,151.15972199769365,160.13419607790604,0.17736968398094177,0.168219804763794,0.041619181632995605,0.050731658935546875,False,False,False
0.07762107776311705,150.01902160196855,161.0500174789143,0.18250700831413275,0.17049852013587957,0.04047316312789917,0.050838589668273926,False,False,False
0.07787316509451385,150.1061367138452,159.92218341979762,0.18355953693389893,0.17321041226387024,0.0396999716758728,0.0514451265335083,False,False,False
0.07732309958357438,149.84902118670124,163.5674112577625,0.18480625748634338,0.1736433207988739,0.03939950466156006,0.05149585008621216,False,False,False
0.07652215696657315,150.08575236134837,164.86336447709678,0.18457040190696722,0.17205244302749634,0.03899663686752319,0.05141109228134155,False,False,False
0.0760403760145177,150.07270923058897,164.61435611433964,0.18480992317199707,0.17352473735809332,0.0385860800743103,0.051144540309906006,False,False,False
0.07649055240882194,149.95854397276676,160.84598480341296,0.18361002206802374,0.17425918579101568,0.03818368911743164,0.050901591777801514,False,False,False
0.0769556767819983,150.1402063234755,158.25316062682248,0.1819159090518952,0.17611891031265264,0.03675872087478638,0.04993236064910889,False,False,False
0.0760351572569705,149.1272927187204,166.84108370262706,0.18084657192230225,0.17278310656547552,0.03658944368362427,0.04879492521286011,False,False,False
0.0758084815026719,143.62518978440463,166.55287286551723,0.18067166209220886,0.1718701720237732,0.03671765327453613,0.048727989196777344,False,False,False
0.07839034594822275,143.85591952588746,167.35333574227687,0.17438414692878723,0.17001080513000488,0.03722649812698364,0.049604833126068115,False,False,False
0.07831099124399575,143.36721115362423,172.47588843695087,0.1743728220462799,0.16973522305488586,0.03738123178482056,0.048017144203186035,False,False,False
0.08014129770018157,141.73861072344684,166.94436399676007,0.17553806304931646,0.17499634623527527,0.037654340267181396,0.04769319295883179,False,False,False
0.08090243545614444,142.42328189348362,165.61608686421056,0.1752279698848725,0.17601904273033142,0.03769916296005249,0.04648655652999878,False,False,False
0.08503545586624031,146.53298493795893,168.7724038074914,0.16979646682739263,0.17676353454589844,0.037614643573760986,0.0445975661277771,False,False,False
0.08492921113481569,149.8146263442438,169.88938470704304,0.1708921492099762,0.17716285586357122,0.03765296936035156,0.042364299297332764,False,False,False
0.08870993451550817,145.29084106403116,171.15653209489363,0.16421526670455938,0.17710238695144653,0.03793829679489136,0.041579365730285645,False,False,False
0.086898000689367,140.60945017243662,179.62796320440145,0.15738990902900696,0.1667590737342835,0.03838461637496948,0.04282677173614502,False,False,False
0.09238705928430392,139.62664336109793,176.79439072597856,0.14969787001609808,0.1639035046100617,0.036673009395599365,0.04281282424926758,False,False,False
0.10281792193977654,139.43461191777894,176.3885227718414,0.14714035391807556,0.15984749794006353,0.03579676151275635,0.04039418697357178,False,False,False
0.09441154097727285,148.89490899842252,175.54343889151968,0.1620972752571106,0.16333237290382385,0.03617572784423828,0.0383838415145874,False,False,False
0.0818826334371859,153.8125655720073,159.20503211954573,0.17111116647720342,0.16948482394218445,0.037384212017059326,0.04042243957519531,False,False,False
0.07134604809797795,151.7535469319906,169.94499404128348,0.17377841472625732,0.1706803739070893,0.03824108839035034,0.03936564922332764,False,False,False
0.06689254238748248,152.92209366286303,166.97122688112825,0.1794191300868988,0.17491614818573004,0.03961867094039917,0.03891181945800781,False,False,False
0.0483973485583672,153.0680676629163,166.4778487818153,0.1937739253044129,0.17526009678840637,0.04006904363632202,0.03850507736206055,False,False,False
0.05045224996004843,153.7053203688656,165.44866160277985,0.19318005442619324,0.18113696575164795,0.041177451610565186,0.04290604591369629,False,False,False
0.05121011714715576,155.8094750299429,157.91675669847277,0.19965755939483643,0.1880290806293488,0.041162073612213135,0.051539599895477295,False,False,False
0.06866924818543961,155.79606813022662,161.2519176436691,0.19887903332710272,0.19179016351699835,0.04109460115432739,0.061032235622406006,False,False,False
0.07258667034025164,156.11151239534894,159.9298270905934,0.1954745054244995,0.19340825080871588,0.040769994258880615,0.06300711631774902,False,False,False
0.07614353760719732,158.11818225753566,159.37679734434033,0.191855788230896,0.19498938322067266,0.04069417715072632,0.06465250253677368,False,False,False
0.08333326407004928,158.44393710364304,158.9199019728114,0.1895034015178681,0.20064389705657965,0.04050242900848389,0.06687641143798828,False,False,False
0.08512852276421026,158.5030066200674,160.05946414627184,0.18871784210205084,0.20219811797142034,0.040320515632629395,0.067160964012146,False,False,False
0.08489904837819388,158.35971522821944,160.63898829241984,0.1881632804870606,0.20171251893043518,0.04018145799636841,0.06684088706970215,False,False,False
0.08452965279506165,158.38817598117842,161.55735471673225,0.18809899687767034,0.20180615782737732,0.03974682092666626,0.06669503450393677,False,False,False
0.08475536751803914,158.54934757512873,162.08523599370034,0.1883396208286286,0.20297706127166748,0.03933107852935791,0.06645548343658447,False,False,False
0.08551100052748963,157.80109120597388,162.3817695611806,0.1872200071811676,0.20330500602722174,0.03912246227264404,0.06626564264297485,False,False,False
0.08576251100173422,157.25813383284543,159.2141846505391,0.17948293685913091,0.19643741846084595,0.03902548551559448,0.06542736291885376,False,False,False
0.08341865585417833,156.52583568506276,160.48168358603687,0.17949399352073675,0.19420194625854498,0.03896230459213257,0.06392824649810791,False,False,False
0.08252418869361425,156.28616936222042,161.32882576539208,0.1793858408927918,0.1947021186351776,0.03893685340881348,0.06375128030776978,False,False,False
0.0848684811288285,156.12662829910292,161.55494295664548,0.17928084731101995,0.19818413257598877,0.03885352611541748,0.06382870674133301,False,False,False
0.09196075299554496,155.0378624037098,161.81101746700233,0.17225849628448486,0.20074030756950378,0.03867471218109131,0.06384634971618652,False,False,False
0.09233238921046176,153.22713571283947,162.11936139164342,0.17237189412117004,0.2007648646831513,0.03868865966796875,0.06349176168441772,False,False,False
0.09629296477061153,151.91522328449346,162.74379670108056,0.16755315661430364,0.20098567008972168,0.03853029012680054,0.06292682886123657,False,False,False
0.10233829825050343,150.7129075964407,164.54000970047792,0.16336819529533392,0.20231330394744873,0.038162291049957275,0.059567272663116455,False,False,False
0.10002389510783344,150.29914285489235,164.3875655109967,0.1669189035892487,0.20345515012741094,0.03785139322280884,0.058958232402801514,False,False,False
0.09746060716046176,149.95787983156018,164.36567332024057,0.1704201102256775,0.20486688613891607,0.03763842582702637,0.05896329879760742,False,False,False
0.09781324362323877,150.01556930892244,164.10995325212897,0.17165979743003845,0.20731911063194275,0.03740048408508301,0.05918222665786743,False,False,False
0.09953314821306318,151.2552155733396,164.0139721880128,0.17136046290397644,0.2085868418216706,0.03714632987976074,0.06114691495895386,False,False,False
0.10388612792847349,151.6991500464196,164.32413242914012,0.16649970412254333,0.20873546600341802,0.037002623081207275,0.06069457530975342,False,False,False
0.1027851889266895,152.23106447657813,162.60983885117696,0.1669233739376068,0.20792385935783386,0.03692811727523804,0.058221518993377686,False,False,False
0.09987865678225867,150.04540212342275,161.15356900132096,0.1671528816223145,0.2047734558582306,0.03647255897521973,0.055078864097595215,False,False,False
0.09878562096737024,152.5100501538011,163.3026698019039,0.1685492992401123,0.2019453942775727,0.03552800416946411,0.05394244194030762,False,False,False
0.0960690255493803,153.7605242353026,163.11336485135888,0.17429798841476446,0.2012500166893006,0.035853445529937744,0.05386006832122803,False,False,False
0.09602759843795138,154.37858950577797,162.47920689051688,0.17570042610168457,0.20046675205230713,0.03609001636505127,0.05321627855300903,False,False,False
0.09178931771658003,154.31101292078674,161.66445191835243,0.1763690710067749,0.19757020473480225,0.03669393062591553,0.054221510887145996,False,False,False
0.08799036582472776,154.62471566816987,163.0040809029273,0.17718937993049622,0.1951708197593689,0.036576688289642334,0.05035209655761719,False,False,False
0.07896358511106295,155.15363095700934,165.52392604555223,0.17847567796707153,0.18800330162048345,0.036729395389556885,0.04869002103805542,False,False,False
0.07605833349182642,155.9713283845077,166.37317474489376,0.17982617020606995,0.18722552061080933,0.0372774600982666,0.05056166648864746,False,False,False
0.08938273095336212,154.7296991703829,164.2051549913576,0.1667223870754242,0.1859278380870819,0.037968993186950684,0.054113924503326416,False,False,False
0.09389902564073077,149.8233629160635,157.92453133841406,0.16048249602317816,0.179798424243927,0.04067498445510864,0.0564039945602417,False,False,False
0.0941745717060414,145.4578568489644,158.07371808407584,0.1561995446681977,0.17272242903709417,0.041846394538879395,0.057108938694000244,False,False,False
0.09455059664345114,146.59544247693555,159.4618292820631,0.15558654069900518,0.17184525728225714,0.04181027412414551,0.05757546424865723,False,False,False
0.08554098395775196,147.04300320298887,159.18017526062928,0.1612333357334137,0.17120942473411566,0.041839659214019775,0.05774223804473877,False,False,False
0.07768727449438897,149.2747609425966,161.2464520151985,0.16891798377037054,0.17091178894042974,0.042362093925476074,0.057650089263916016,False,False,False
0.07521371636038506,150.77347757591016,162.34240934517152,0.17196369171142584,0.17110741138458252,0.04303336143493652,0.05802983045578003,False,False,False
0.07544025702902911,151.42064023322146,162.45758723291902,0.17456185817718511,0.1732080578804016,0.04352736473083496,0.06036567687988281,False,False,False
0.07501288847623493,152.03792508855284,164.16697360662872,0.17511385679244995,0.17336776852607733,0.043344080448150635,0.060606539249420166,False,False,False
0.08314493057990471,152.2134230603069,164.81752679875768,0.16951388120651245,0.1742386817932129,0.042835891246795654,0.06104689836502075,False,False,False
0.08364321626220886,152.91002440160278,165.09305603408964,0.16426339745521545,0.17206540703773504,0.04258430004119873,0.06113243103027344,False,False,False
0.07616909460510939,150.60799376558882,173.5358154690176,0.16043004393577576,0.15947815775871277,0.04255211353302002,0.059268414974212646,False,False,False
0.07632602327299541,151.4852900297269,168.69206695370897,0.1613064706325531,0.16055253148078918,0.04245591163635254,0.060965776443481445,False,False,False
0.07332048982232695,149.37452184802848,167.86869072280112,0.16541454195976263,0.16130045056343084,0.04247790575027466,0.06115847826004028,False,False,False
0.07246147394928018,148.00000355843954,167.46234097561737,0.16716015338897705,0.1616738140583039,0.04257422685623169,0.06035798788070679,False,False,False
0.07091922733341978,145.12997530632765,171.7574780432558,0.16912990808486944,0.1613938808441162,0.042682111263275146,0.058857262134552,False,False,False
0.07004466060824682,143.59018268383193,171.14796429117249,0.17115920782089233,0.1618673205375672,0.04252809286117554,0.05837351083755493,False,False,False
0.06947678703284439,143.69390189510062,171.6801814080008,0.17230096459388733,0.16297361254692078,0.04252421855926514,0.058238208293914795,False,False,False
0.07216861909114473,145.62873932688794,163.87592427468525,0.1722309589385987,0.16746830940246588,0.04215741157531738,0.05755412578582764,False,False,False
0.07623706117486187,147.33020756563872,163.6489881259938,0.1673159897327423,0.16917046904563904,0.04208195209503174,0.05700361728668213,False,False,False
