left_elbow_angle,right_elbow_angle,left_Lhand_y_alignment,left_Rhand_y_alignment,right_Lhand_y_alignment,right_Rhand_y_alignment,left_Lhand_x_alignment,left_Rhand_x_alignment,right_Lhand_x_alignment,right_Rhand_x_alignment,left_left_elbow_angle_negative,left_right_elbow_angle_negative,left_left_Lhand_y_alignment_interval,left_left_Rhand_y_alignment_interval,left_left_Lhand_x_alignment_negative,left_left_Rhand_x_alignment_positive,left_all_pass
132.87124079557913,54.020227678648965,0.07926249504089355,0.11225849390029907,0.032144367694854736,0.06514036655426025,-0.18659490346908575,-0.0025325417518615723,-0.18912744522094732,-0.37477672100067144,False,False,False,False,True,False,False
135.69529488845845,63.82329270356668,0.06993073225021362,0.10486942529678345,0.018073737621307373,0.0530124306678772,-0.19333127140998846,0.013113796710968073,-0.18021747469902039,-0.35510239005088806,False,False,False,False,True,True,False
136.7566084342906,66.72766337279688,0.06220901012420654,0.09602320194244385,0.009069323539733887,0.04288351535797119,-0.19647318124771118,0.007243543863296509,-0.18922963738441467,-0.3581896722316742,False,False,False,False,True,False,False
130.38520949810328,64.69177616082227,0.039044320583343506,0.0944928526878357,-0.013869047164916992,0.041579484939575195,-0.19804099202156072,0.006607890129089411,-0.1914331018924713,-0.35849252343177795,False,False,False,False,True,False,False
130.39908736483676,63.69198256890086,0.03866851329803467,0.09464067220687866,-0.014447212219238281,0.04152494668960571,-0.19786810874938965,0.006156682968139593,-0.19171142578125006,-0.35832267999649053,False,False,False,False,True,False,False
130.24104498723793,63.332278265018616,0.038190484046936035,0.09467750787734985,-0.015806138515472412,0.040680885314941406,-0.19856691360473638,0.006266295909881592,-0.1923006176948548,-0.35867500305175787,False,False,False,False,True,False,False
127.69653783094978,58.77040442585772,0.036699652671813965,0.08805757761001587,-0.015575289726257324,0.03578263521194458,-0.200575053691864,0.006736278533935491,-0.19383877515792852,-0.36462163925170904,False,False,False,False,True,False,False
127.45220419959057,59.16772836112909,0.03686964511871338,0.08688229322433472,-0.014461994171142578,0.03555065393447876,-0.20801505446434027,0.010078936815261896,-0.19793611764907837,-0.36924654245376587,False,False,False,False,True,True,False
125.40257643444237,58.851834442468835,0.030802428722381592,0.07574266195297241,-0.01781076192855835,0.02712947130203247,-0.21246913075447088,0.004390150308609009,-0.20807898044586187,-0.3798981904983521,False,False,False,False,True,False,False
127.16825963448285,59.52898020450069,0.02591848373413086,0.07241237163543701,-0.021590232849121094,0.02490365505218506,-0.2151144444942475,0.0028446316719055176,-0.21226981282234197,-0.38478258252143865,False,False,True,False,True,False,False
128.9192809586593,59.795756885333425,0.02623426914215088,0.07118690013885498,-0.02031421661376953,0.02463841438293457,-0.21499758958816534,0.0018421411514282227,-0.21315544843673712,-0.38655263185501104,False,False,True,False,True,False,False
131.4813392300922,60.62053423260339,0.026644587516784668,0.08306747674942017,-0.018461167812347412,0.037961721420288086,-0.21424329280853277,0.00976899266242981,-0.20447430014610296,-0.37913396954536444,False,False,True,False,True,False,False
132.4654228390752,61.641218543549,0.027205467224121094,0.07678985595703125,-0.014904975891113281,0.034679412841796875,-0.21367150545120245,0.011697083711624201,-0.20197442173957825,-0.37845560908317566,False,False,True,False,True,True,False
134.0349304966306,62.12681653730378,0.0313757061958313,0.0736280083656311,-0.008159399032592773,0.03409290313720703,-0.21116173267364496,0.006417095661163275,-0.2047446370124817,-0.38324117660522466,False,False,False,False,True,False,False
134.43969373162994,59.550467351935566,0.03191906213760376,0.05746781826019287,-0.004194080829620361,0.02135467529296875,-0.21366766095161432,0.013007491827011108,-0.20066016912460322,-0.37914320826530457,False,False,False,False,True,True,False
137.48074188122072,58.9141517112825,0.03898733854293823,0.05885958671569824,0.0037955045700073242,0.023667752742767334,-0.21239393949508661,0.013618558645248413,-0.1987753808498382,-0.37793728709220886,False,False,False,False,True,True,False
138.58115692378215,60.07598978311304,0.03957635164260864,0.059569716453552246,0.005524158477783203,0.025517523288726807,-0.2202519178390503,0.0178383886814118,-0.2024135291576385,-0.38203102350234985,False,False,False,False,True,True,False
137.96564009331297,53.414409333233934,0.03655803203582764,0.07787430286407471,0.006370663642883301,0.04768693447113037,-0.21707063913345337,0.036880552768707275,-0.1801900863647461,-0.36188888549804693,False,False,False,False,True,True,False
138.03322626277253,49.06548413640748,0.036220669746398926,0.0789455771446228,0.0066710710525512695,0.049395978450775146,-0.21824362874031067,0.047602325677871704,-0.17064130306243896,-0.3520863354206085,False,False,False,False,True,True,False
138.607042902205,48.744787505430345,0.035988032817840576,0.09212750196456909,0.007786989212036133,0.06392645835876465,-0.21633613109588623,0.047358244657516535,-0.1689778864383697,-0.3516567349433899,False,False,False,False,True,True,False
138.23394534025354,47.833841073372234,0.03408515453338623,0.10555475950241089,0.006756424903869629,0.07822602987289429,-0.21536317467689514,0.0492720901966095,-0.16609108448028564,-0.3489402234554291,False,False,False,False,True,True,False
137.70863315775378,47.061328877714,0.032406508922576904,0.10234463214874268,0.005411326885223389,0.07534945011138916,-0.2150282263755799,0.05061504244804388,-0.164413183927536,-0.3463650941848755,False,False,False,False,True,True,False
137.6952181917816,54.345591584827694,0.03233015537261963,0.09210085868835449,0.0054686665534973145,0.06523936986923218,-0.2141115963459015,0.03372278809547419,-0.1803888082504273,-0.36179384589195257,False,False,False,False,True,True,False
138.11317439429436,52.86492734382727,0.03190845251083374,0.10096073150634766,0.00588381290435791,0.07493609189987183,-0.2137219905853272,0.03622278571128851,-0.1774992048740387,-0.3575429618358612,False,False,False,False,True,True,False
138.5036962201782,55.78950688331767,0.031545042991638184,0.10824471712112427,0.005045294761657715,0.0817449688911438,-0.21313858032226568,0.028892040252685602,-0.18424654006958008,-0.3633631765842438,False,False,False,False,True,True,False
137.10202555242003,53.55033635639249,0.024697542190551758,0.09803318977355957,-0.0029485225677490234,0.07038712501525879,-0.21311074495315552,0.02922266721725464,-0.18388807773590088,-0.36224764585494995,False,False,True,False,True,True,False
137.7635315563284,53.717804194374665,0.026928961277008057,0.09833890199661255,-0.0006124973297119141,0.07079744338989258,-0.21250957250595098,0.02932235598564148,-0.1831872165203095,-0.36182227730751043,False,False,True,False,True,True,False
137.50301699216124,55.75380656498556,0.027431368827819824,0.10028141736984253,-0.00040608644485473633,0.07244396209716797,-0.2137831449508667,0.02857246994972229,-0.1852106750011444,-0.3628538548946381,False,False,True,False,True,True,False
136.8979584037394,56.798242156819974,0.027454078197479248,0.10735231637954712,-0.0006232261657714844,0.07927501201629639,-0.2139586508274079,0.02905744314193731,-0.18490120768547058,-0.36201345920562744,False,False,True,False,True,True,False
137.91791711601672,58.47646206313999,0.03149515390396118,0.10700255632400513,0.003222644329071045,0.07873004674911499,-0.215969979763031,0.02847468852996826,-0.18749529123306274,-0.36395907402038574,False,False,False,False,True,True,False
138.8916035109116,57.522935983976026,0.034114062786102295,0.09491688013076782,0.005391538143157959,0.06619435548782349,-0.22302833199501032,0.03294715285301203,-0.1900811791419983,-0.3665373325347901,False,False,False,False,True,True,False
138.80986011669953,58.59952768483383,0.03505277633666992,0.09075403213500977,0.005023539066314697,0.06072479486465454,-0.22416993975639343,0.029704630374908503,-0.19446530938148493,-0.36962130665779114,False,False,False,False,True,True,False
138.87191631989182,57.78458025101502,0.0357438325881958,0.08907186985015869,0.003724396228790283,0.057052433490753174,-0.22449827194213862,0.028023868799209595,-0.19647440314292902,-0.3708382844924927,False,False,False,False,True,True,False
138.96513629097615,58.88167106972514,0.03656423091888428,0.09814447164535522,0.0035697221755981445,0.06514996290206909,-0.22411754727363592,0.02707627415657049,-0.19704127311706543,-0.3712162375450134,False,False,False,False,True,True,False
139.324458569569,58.15587646618308,0.03942841291427612,0.09315478801727295,0.005675196647644043,0.05940157175064087,-0.2238132357597351,0.02615338563919073,-0.19765985012054438,-0.3718172013759613,False,False,False,False,True,True,False
139.58588233075744,57.433353358829,0.04140305519104004,0.08985942602157593,0.007094383239746094,0.05555075407028198,-0.22296234965324402,0.02495011687278753,-0.1980122327804565,-0.37259334325790405,False,False,False,False,True,True,False
139.81677788727876,54.82850268123856,0.04262077808380127,0.08320128917694092,0.00802677869796753,0.04860728979110718,-0.22133895754814148,0.02329275012016291,-0.19804620742797857,-0.3738872706890107,False,False,False,False,True,True,False
139.55354005540644,54.461120363445424,0.04365062713623047,0.082302987575531,0.00891202688217163,0.04756438732147217,-0.21630552411079412,0.018827319145202692,-0.19747820496559143,-0.3740499019622803,False,False,False,False,True,True,False
139.49938024336288,53.34329089786021,0.04437243938446045,0.08169078826904297,0.00926142930984497,0.04657977819442749,-0.21339133381843572,0.01655587553977972,-0.196835458278656,-0.37396737933158875,False,False,False,False,True,True,False
140.0174130016705,53.46101909173406,0.047796010971069336,0.08162671327590942,0.012499690055847168,0.046330392360687256,-0.20960545539855957,0.012510955333709661,-0.1970945000648499,-0.37434267997741705,False,False,False,False,True,True,False
140.04818599784156,53.65227965737549,0.04911571741104126,0.081723153591156,0.01357269287109375,0.046180129051208496,-0.2076169848442077,0.01043850183486933,-0.19717848300933838,-0.37406724691390997,False,False,False,False,True,True,False
139.92718255431637,53.74600364873338,0.049627065658569336,0.08154338598251343,0.012480437755584717,0.04439675807952881,-0.20752662420272827,0.010296463966369573,-0.1972301602363587,-0.37395346164703375,False,False,False,False,True,True,False
139.83119873950838,53.452385864614406,0.04975020885467529,0.07975494861602783,0.01229017972946167,0.04229491949081421,-0.2068259716033936,0.009628593921661432,-0.19719737768173218,-0.3742113709449768,False,False,False,False,True,False,False
139.61242013083094,52.93759129153631,0.04978102445602417,0.07850778102874756,0.012132406234741211,0.0408591628074646,-0.20589962601661682,0.009347736835479736,-0.19655188918113708,-0.3741854429244995,False,False,False,False,True,False,False
139.7225133551658,51.602920858875734,0.05035346746444702,0.07866513729095459,0.012445330619812012,0.04075700044631958,-0.2045148611068725,0.012444883584976196,-0.1920699775218963,-0.3709593713283539,False,False,False,False,True,True,False
139.78149120948555,50.519656433041774,0.0507504940032959,0.07880711555480957,0.01252448558807373,0.0405811071395874,-0.2019207775592804,0.014098316431045477,-0.18782246112823492,-0.36916339397430425,False,False,False,False,True,True,False
139.8030702753426,49.201152683708195,0.050836145877838135,0.07901090383529663,0.012401401996612549,0.040576159954071045,-0.20070990920066828,0.015248686075210516,-0.18546122312545776,-0.36843365430831915,False,False,False,False,True,True,False
135.72492600861477,41.93007804280519,0.050985515117645264,0.07591193914413452,0.012109458446502686,0.03703588247299194,-0.20021787285804749,0.015635430812835693,-0.1845824420452118,-0.36893695592880255,False,False,False,False,True,True,False
134.2319398737527,39.64837379945218,0.05169236660003662,0.07450366020202637,0.012125551700592041,0.03493684530258179,-0.2007251679897309,0.015975654125213623,-0.18474951386451727,-0.3697828352451325,False,False,False,False,True,True,False
133.89118519491453,39.66512310340763,0.05263429880142212,0.07416963577270508,0.012845814228057861,0.03438115119934082,-0.2005648314952851,0.015081346035003718,-0.18548348546028137,-0.37091368436813354,False,False,False,False,True,True,False
133.27696944582334,38.58090183241369,0.052925825119018555,0.07231849431991577,0.013106942176818848,0.032499611377716064,-0.2002517282962799,0.0148151814937591,-0.1854365468025208,-0.37131342291831976,False,False,False,False,True,True,False
132.98615513812595,38.108737293596974,0.053116440773010254,0.07042723894119263,0.013347446918487549,0.030658245086669922,-0.2003225982189179,0.015102595090866089,-0.1852200031280518,-0.37119406461715704,False,False,False,False,True,True,False
133.01299377514022,38.14089396722199,0.05309724807739258,0.06833654642105103,0.013402223587036133,0.02864152193069458,-0.2003825306892395,0.015167087316513062,-0.18521544337272644,-0.37115851044654846,False,False,False,False,True,True,False
133.27666588740112,38.22491172045695,0.05376708507537842,0.06742125749588013,0.014127910137176514,0.027782082557678223,-0.2004325687885285,0.01675388216972351,-0.183678686618805,-0.36957997083663946,False,False,False,False,True,True,False
134.28551181201044,39.516152963710866,0.0537949800491333,0.06713056564331055,0.014281630516052246,0.027617216110229492,-0.20045390725135798,0.017110526561737005,-0.18334338068962097,-0.36924088001251226,False,False,False,False,True,True,False
134.28908902467217,40.6567447859138,0.05371016263961792,0.06334805488586426,0.014436602592468262,0.0240744948387146,-0.20104125142097473,0.016166269779205322,-0.1848749816417694,-0.3706234693527222,False,False,False,False,True,True,False
134.41613006361996,41.73102770005696,0.05108809471130371,0.060710608959198,0.012150108814239502,0.02177262306213379,-0.20180162787437445,0.01566857099533081,-0.18613305687904363,-0.37137329578399664,False,False,False,False,True,True,False
134.11536135358747,45.14586643527553,0.05321604013442993,0.06072133779525757,0.014669597148895264,0.0221748948097229,-0.20231500267982477,0.01683568954467768,-0.1854793131351471,-0.3699608147144318,False,False,False,False,True,True,False
133.71090383928737,46.5545957227046,0.053659260272979736,0.06081300973892212,0.015344023704528809,0.02249777317047119,-0.20269683003425604,0.017459124326705933,-0.1852377057075501,-0.3690994083881379,False,False,False,False,True,True,False
130.73210958055796,47.23307241237376,0.04579663276672363,0.059996724128723145,0.007900059223175049,0.02210015058517456,-0.2035918533802033,0.016407698392868098,-0.1871841549873352,-0.36987048387527466,False,False,False,False,True,True,False
130.559076218637,47.983483269668724,0.04493701457977295,0.06010061502456665,0.0072217583656311035,0.022385358810424805,-0.20382779836654663,0.01632639765739441,-0.18750140070915222,-0.36850795149803167,False,False,False,False,True,True,False
130.52215433584738,48.05920771258372,0.04474979639053345,0.06012225151062012,0.007121622562408447,0.022494077682495117,-0.2046660184860229,0.017190277576446533,-0.18747574090957636,-0.3672126531600952,False,False,False,False,True,True,False
129.57907466098746,48.04761507001992,0.04284346103668213,0.05712217092514038,0.00554203987121582,0.019820749759674072,-0.20484238862991333,0.016237318515777643,-0.1886050701141357,-0.36819422245025635,False,False,False,False,True,True,False
128.94231370525296,48.038443483861656,0.0411829948425293,0.05573946237564087,0.004069864749908447,0.01862633228302002,-0.2050102949142456,0.015910744667053223,-0.18909955024719238,-0.36853706836700445,False,False,False,False,True,True,False
126.88154183045252,48.721604841548086,0.032010018825531006,0.06361216306686401,-0.004686534404754639,0.02691560983657837,-0.2053233683109283,0.01853632926940918,-0.1867870390415191,-0.365432471036911,False,False,False,False,True,True,False
125.6643197086606,49.17733403613491,0.02706688642501831,0.06972569227218628,-0.009582757949829102,0.03307604789733887,-0.20533370971679688,0.020202457904815674,-0.1851312518119812,-0.3634443283081055,False,False,True,False,True,True,False
124.62005046587063,49.82896360408712,0.02280646562576294,0.07312464714050293,-0.013772904872894287,0.0365452766418457,-0.2052096128463745,0.020689278841018732,-0.18452033400535578,-0.36239367723464966,False,False,True,False,True,True,False
122.92089305759242,50.55519429828835,0.01641005277633667,0.07537752389907837,-0.019948363304138184,0.039019107818603516,-0.20512360334396368,0.021135330200195312,-0.18398827314376837,-0.3608254492282868,False,False,True,False,True,True,False
121.59228417632039,50.81550131739557,0.011515140533447266,0.07536804676055908,-0.02472156286239624,0.039131343364715576,-0.20477747917175299,0.021169126033783014,-0.18360835313796997,-0.35969078540802,False,False,True,False,True,True,False
122.24972285700431,51.12867623442272,0.01290440559387207,0.0758814811706543,-0.023479878902435303,0.039497196674346924,-0.20471757650375366,0.021090179681777954,-0.1836273968219757,-0.3597450256347656,False,False,True,False,True,True,False
122.73360856320498,51.167855800288876,0.013441324234008789,0.0760725736618042,-0.0235898494720459,0.03904139995574951,-0.2047145962715149,0.02102300524711609,-0.1836915910243988,-0.35981702804565435,False,False,True,False,True,True,False
123.17594335868529,50.71330462019164,0.014546215534210205,0.07663887739181519,-0.02258610725402832,0.03950655460357666,-0.20460918545722961,0.021040946245193537,-0.18356823921203608,-0.35987454652786255,False,False,True,False,True,True,False
122.01516456123652,49.69314067974936,0.01461249589920044,0.076407790184021,-0.022877752780914307,0.03891754150390625,-0.20503640174865717,0.021511614322662298,-0.18352478742599487,-0.35987371206283575,False,False,True,False,True,True,False
122.24645459298263,48.748351867481084,0.015205204486846924,0.0681462287902832,-0.02260422706604004,0.03033679723739624,-0.2051888406276703,0.021709561347961426,-0.18347927927970886,-0.35984283685684204,False,False,True,False,True,True,False
123.88165808384794,50.2830159856662,0.015227437019348145,0.07083040475845337,-0.022626101970672607,0.03297686576843262,-0.20694559812545782,0.02305763959884649,-0.18388795852661133,-0.35986149311065674,False,False,True,False,True,True,False
125.40881101829889,51.77939376344468,0.015344500541687012,0.07350575923919678,-0.02245044708251953,0.035710811614990234,-0.2087141573429107,0.023686558008193914,-0.1850275993347168,-0.3598935008049012,False,False,True,False,True,True,False
126.75649488351395,52.15379062697855,0.015363693237304688,0.07619476318359375,-0.022819042205810547,0.038012027740478516,-0.2095467448234558,0.024048596620559692,-0.18549814820289612,-0.35993385314941406,False,False,True,False,True,True,False
128.03714002633592,51.52604106885434,0.0202866792678833,0.07844030857086182,-0.018044590950012207,0.04010903835296631,-0.2097498774528504,0.02429181337356573,-0.18545806407928467,-0.35991424322128296,False,False,True,False,True,True,False
129.29672339070927,52.148605952793375,0.024868369102478027,0.07897162437438965,-0.013450801372528076,0.040652453899383545,-0.2094864547252655,0.02145528793334961,-0.1880311667919159,-0.36303198337554937,False,False,True,False,True,True,False
130.28594234155764,52.49621744433068,0.028392493724822998,0.07934600114822388,-0.00996088981628418,0.0409926176071167,-0.20930156111717224,0.01980152726173401,-0.18950003385543823,-0.3647525906562805,False,False,True,False,True,True,False
131.4533909285443,51.93802331066624,0.032760441303253174,0.0792539119720459,-0.005386531352996826,0.0411069393157959,-0.20805206894874573,0.019895374774932806,-0.18815669417381292,-0.3640717566013337,False,False,False,False,True,True,False
132.62873194199872,52.831577971148526,0.0358617901802063,0.07961171865463257,-0.0022718310356140137,0.041478097438812256,-0.2071399986743927,0.016667008399963434,-0.19047299027442927,-0.3668471574783325,False,False,False,False,True,True,False
133.4585449101314,54.3969323702435,0.035445213317871094,0.0792892575263977,-0.002537369728088379,0.04130667448043823,-0.20713159441947931,0.013754755258560125,-0.1933768391609192,-0.36999121308326727,False,False,False,False,True,True,False
134.94654067660744,53.73674826833984,0.040313005447387695,0.07903110980987549,0.002547621726989746,0.04126572608947754,-0.20644071698188782,0.0128562450408935,-0.19358447194099432,-0.37103897333145147,False,False,False,False,True,True,False
135.93634416714656,51.74007080850098,0.04316699504852295,0.07198768854141235,0.005563914775848389,0.03438460826873779,-0.20551910996437073,0.012445569038391113,-0.19307354092597961,-0.37171530723571783,False,False,False,False,True,True,False
135.17595467332853,49.55667311241313,0.04517096281051636,0.06718039512634277,0.007563412189483643,0.02957284450531006,-0.2048386037349701,0.0130967497825622,-0.1917418539524079,-0.37161397933959966,False,False,False,False,True,True,False
134.98254203431156,47.53547960811144,0.048601388931274414,0.06595414876937866,0.011040210723876953,0.0283929705619812,-0.20412287116050726,0.013435840606689509,-0.19068703055381775,-0.3717232346534729,False,False,False,False,True,True,False
134.2700482587461,46.025722208750665,0.05002933740615845,0.06297093629837036,0.012528002262115479,0.025469601154327393,-0.203086107969284,0.013322770595550537,-0.18976333737373346,-0.37244725227355957,False,False,False,False,True,True,False
133.78415087889962,44.64982041083062,0.05153161287307739,0.06057131290435791,0.014049351215362549,0.023089051246643066,-0.2012904286384583,0.013012915849685724,-0.18827751278877258,-0.3726103603839874,False,False,False,False,True,True,False
133.49641249504077,44.87635339784315,0.05119270086288452,0.059808552265167236,0.013740360736846924,0.02235621213912964,-0.20032882690429693,0.01210242509841919,-0.18822640180587774,-0.3733957409858704,False,False,False,False,True,True,False
133.0605554682412,45.24298862763954,0.05161595344543457,0.05709165334701538,0.013554930686950684,0.019030630588531494,-0.1981828510761261,0.009494453668594305,-0.1886883974075318,-0.3748320639133454,False,False,False,False,True,False,False
131.8384478410988,46.015620668388976,0.04819601774215698,0.056819140911102295,0.009642243385314941,0.018265366554260254,-0.19740167260169983,0.008257001638412531,-0.1891446709632873,-0.3758088946342468,False,False,False,False,True,False,False
130.6821369269374,46.74561451449331,0.04591500759124756,0.05590027570724487,0.007232546806335449,0.017217814922332764,-0.197097510099411,0.007512837648391724,-0.1895846724510193,-0.37644171714782715,False,False,False,False,True,False,False
130.37368438429934,47.14976521432867,0.04493832588195801,0.05609554052352905,0.006176114082336426,0.01733332872390747,-0.1972944736480713,0.007087975740432684,-0.1902064979076386,-0.37717622518539434,False,False,False,False,True,False,False
129.89447052146636,47.40659864934418,0.04393583536148071,0.05641740560531616,0.004991054534912109,0.01747262477874756,-0.19754931330680853,0.006987482309341486,-0.19056183099746704,-0.37751609086990356,False,False,False,False,True,False,False
129.4930615074544,47.76873964734,0.042834579944610596,0.05705738067626953,0.003448188304901123,0.01767098903656006,-0.1983243823051452,0.00699460506439209,-0.19132977724075312,-0.37781965732574463,False,False,False,False,True,False,False
129.28319574192298,47.92443458172616,0.04237067699432373,0.05757582187652588,0.002725064754486084,0.017930209636688232,-0.1988909244537353,0.007017850875854492,-0.1918730735778808,-0.3780171275138855,False,False,False,False,True,False,False
130.0763154209749,48.60315196168173,0.038793861865997314,0.057702064514160156,-0.001056075096130371,0.01785212755203247,-0.20169436931610102,0.008888721466064398,-0.19280564785003662,-0.37823027372360235,False,False,False,False,True,False,False
130.98207206622558,48.56463598840383,0.037002503871917725,0.05763202905654907,-0.003122389316558838,0.01750713586807251,-0.20181545615196228,0.008765101432800293,-0.193050354719162,-0.3784260153770447,False,False,False,False,True,False,False
132.11026333811543,48.544350611013485,0.03621894121170044,0.057582080364227295,-0.004274547100067139,0.017088592052459717,-0.20197474956512446,0.008718341588973999,-0.19325640797615046,-0.37855538725852966,False,False,False,False,True,False,False
132.8039155025927,49.206085230037374,0.0354076623916626,0.05818980932235718,-0.0051691532135009766,0.017612993717193604,-0.20420435070991516,0.009968042373657282,-0.19423630833625788,-0.37838199734687805,False,False,False,False,True,False,False
133.6434361262736,50.265708510071974,0.03395223617553711,0.05854552984237671,-0.006638944149017334,0.017954349517822266,-0.20612415671348572,0.010887205600738525,-0.1952369511127472,-0.3785240650177002,False,False,False,False,True,True,False
134.5504278320577,50.73540875178429,0.03382062911987305,0.058790624141693115,-0.00829935073852539,0.016670644283294678,-0.2069691419601441,0.010952413082122803,-0.1960167288780213,-0.37859910726547247,False,False,False,False,True,True,False
135.37687942546108,51.042546864775645,0.03298312425613403,0.058726370334625244,-0.009649515151977539,0.016093730926513672,-0.20736855268478388,0.010914623737335205,-0.19645392894744867,-0.37864047288894653,False,False,False,False,True,True,False
135.7778108661569,51.555662526234116,0.032724082469940186,0.05865710973739624,-0.010088682174682617,0.015844345092773438,-0.20751824975013738,0.010970383882522583,-0.1965478658676148,-0.378660261631012,False,False,False,False,True,True,False
135.99063617243405,51.4411947226789,0.032651543617248535,0.058607280254364014,-0.010694265365600586,0.015261471271514893,-0.20759189128875738,0.011127263307571467,-0.1964646279811859,-0.37868836522102356,False,False,False,False,True,True,False
136.26905660370016,51.391867895942084,0.032620131969451904,0.05895882844924927,-0.011081039905548096,0.015257656574249268,-0.20776399970054632,0.01136830449104309,-0.19639569520950323,-0.3787249326705933,False,False,False,False,True,True,False
136.24213309760168,51.9316680226739,0.03300386667251587,0.059477269649505615,-0.010937213897705078,0.015536189079284668,-0.20769566297531122,0.011254817247390692,-0.19644084572792053,-0.3787176609039307,False,False,False,False,True,True,False
136.27565774326746,53.48825531994096,0.0336877703666687,0.060553789138793945,-0.010565578937530518,0.016300439834594727,-0.2081146240234375,0.011228412389755194,-0.1968862116336823,-0.3787373006343842,False,False,False,False,True,True,False
136.25248510678392,54.0471065518579,0.0338783860206604,0.0618552565574646,-0.010553836822509766,0.017423033714294434,-0.2083238065242768,0.0111342072486878,-0.197189599275589,-0.3787039816379547,False,False,False,False,True,True,False
136.238933580076,54.82186831921499,0.0344545841217041,0.07085210084915161,-0.009090065956115723,0.027307450771331787,-0.20816048979759222,0.011002063751220703,-0.19715842604637152,-0.37867009639739996,False,False,False,False,True,True,False
136.48724723807473,55.96695137537558,0.03539961576461792,0.07586997747421265,-0.007109701633453369,0.03336066007614136,-0.20771309733390808,0.010851770639419556,-0.19686132669448853,-0.3783929944038391,False,False,False,False,True,True,False
136.78011055224147,55.106532583649766,0.036760687828063965,0.08040964603424072,-0.005078315734863281,0.03857064247131348,-0.20637327432632446,0.014072597026824896,-0.19230067729949957,-0.3738804459571839,False,False,False,False,True,True,False
136.74801015458888,54.32098781048081,0.036877214908599854,0.08028072118759155,-0.004674077033996582,0.03872942924499512,-0.2063443958759308,0.015988707542419378,-0.1903556883335114,-0.37188142538070684,False,False,False,False,True,True,False
136.7711463518384,53.95692639013275,0.03697323799133301,0.08006960153579712,-0.004414975643157959,0.03868138790130615,-0.2063879370689392,0.017081797122955378,-0.18930613994598383,-0.3707302212715149,False,False,False,False,True,True,False
137.7792534833811,55.76277709666567,0.041221678256988525,0.07457965612411499,-0.00012570619583129883,0.033232271671295166,-0.20645847916603088,0.014062255620956476,-0.1923962235450744,-0.37354910373687744,False,False,False,False,True,True,False
138.39591858428395,55.90278958474938,0.043833792209625244,0.07097357511520386,0.0024310946464538574,0.02957087755203247,-0.20640218257904053,0.012117564678192139,-0.1942846179008484,-0.37558689713478094,False,False,False,False,True,True,False
138.59392435465364,56.530021369224556,0.04508256912231445,0.07520890235900879,0.0036844611167907715,0.03381079435348511,-0.2064028978347779,0.01126235723495489,-0.195140540599823,-0.3765144944190979,False,False,False,False,True,True,False
138.34542727303693,57.22852534492657,0.04382747411727905,0.07904434204101562,0.002588987350463867,0.03780585527420044,-0.206572413444519,0.010843157768249512,-0.19572925567626948,-0.37691470980644226,False,False,False,False,True,True,False
138.5563693264709,56.57863070233293,0.04500174522399902,0.07496273517608643,0.0040471553802490234,0.034008145332336426,-0.20729178190231323,0.011013984680175837,-0.1962777972221374,-0.3774745464324951,False,False,False,False,True,True,False
136.146482528966,55.982484281244,0.03481101989746094,0.08049732446670532,-0.005422353744506836,0.04026395082473755,-0.20741310715675348,0.01579615473747248,-0.191616952419281,-0.3721431195735932,False,False,False,False,True,True,False
135.7329310776526,55.30226267602809,0.032947540283203125,0.08184915781021118,-0.006978034973144531,0.041923582553863525,-0.2078133225440979,0.018376111984252874,-0.18943721055984503,-0.36952239274978643,False,False,False,False,True,True,False
135.39682764482302,54.879656763698925,0.03186601400375366,0.08221739530563354,-0.007763206958770752,0.04258817434310913,-0.20821857452392578,0.019688069820404053,-0.18853050470352173,-0.3681774139404297,False,False,False,False,True,True,False
135.15254786330212,54.43776648991566,0.030909836292266846,0.07764917612075806,-0.008474886417388916,0.038264453411102295,-0.20824173092842102,0.020129621028900146,-0.18811210989952087,-0.3677438199520111,False,False,False,False,True,True,False
135.06023176132317,54.00702738000975,0.030228853225708008,0.0741768479347229,-0.0088728666305542,0.03507512807846069,-0.2083123922348022,0.020569741725921575,-0.18774265050888062,-0.36734378337860113,False,False,False,False,True,True,False
134.51774258624627,52.13053384789077,0.029265403747558594,0.06930321455001831,-0.009405255317687988,0.03063255548477173,-0.2077962458133698,0.01800802350044256,-0.18978822231292725,-0.36978888511657715,False,False,True,False,True,True,False
133.97086451448914,51.19354451895989,0.029205262660980225,0.06907522678375244,-0.009344637393951416,0.0305253267288208,-0.2071231603622436,0.01901116967201233,-0.18811199069023127,-0.36886242032051086,False,False,True,False,True,True,False
133.66785220208848,50.54423477476893,0.029977798461914062,0.06904369592666626,-0.008567333221435547,0.03049856424331665,-0.20710131525993347,0.02046447992324829,-0.18663683533668518,-0.36775296926498413,False,False,True,False,True,True,False
133.95229994091127,50.64551773166127,0.03383219242095947,0.0702621340751648,-0.0052626729011535645,0.031167268753051758,-0.20689594745635986,0.020981699228286688,-0.18591424822807318,-0.36713233590126043,False,False,False,False,True,True,False
134.51427755675982,52.30519216078407,0.03748565912246704,0.07008183002471924,-0.0023341774940490723,0.030261993408203125,-0.2065304815769196,0.02095088362693792,-0.1855795979499817,-0.3666340708732605,False,False,False,False,True,True,False
135.27559903642057,54.38138964440184,0.041797637939453125,0.07799357175827026,0.0018241405487060547,0.03802007436752319,-0.2066119909286499,0.02156811952590948,-0.18504387140274042,-0.366371750831604,False,False,False,False,True,True,False
135.33076764058663,55.38821295064379,0.044837236404418945,0.08258891105651855,0.005737245082855225,0.043488919734954834,-0.20643863081932062,0.021830767393112127,-0.1846078634262085,-0.36610847711563116,False,False,False,False,True,True,False
131.49330344488655,54.73850630527749,0.04743540287017822,0.08024394512176514,0.009541928768157959,0.04235047101974487,-0.2058178186416626,0.021972805261611994,-0.1838450133800506,-0.36592113971710205,False,False,False,False,True,True,False
128.8511755211477,46.777429373962974,0.05167388916015625,0.07599455118179321,0.015508830547332764,0.03982949256896973,-0.2037615180015564,0.022265762090682983,-0.1814957559108734,-0.36599928140640264,False,False,False,False,True,True,False
127.95658839318615,43.87555878770171,0.05565708875656128,0.07267254590988159,0.02019256353378296,0.03720802068710327,-0.20236167311668396,0.022352010011672974,-0.180009663105011,-0.3662237524986267,False,False,False,False,True,True,False
128.0784121300627,41.05063033791847,0.05999499559402466,0.07290685176849365,0.02431589365005493,0.037227749824523926,-0.20134440064430237,0.021037817001342773,-0.1803065836429596,-0.3681469261646271,False,False,False,False,True,True,False
128.7627320510441,41.014054949170415,0.06388533115386963,0.0715339183807373,0.028031587600708008,0.035680174827575684,-0.2012348175048828,0.02017068862915039,-0.18106412887573242,-0.36949658393859863,False,False,False,False,True,True,False
128.83833704493398,41.75290406920101,0.06419825553894043,0.07030344009399414,0.028311491012573242,0.03441667556762695,-0.20106172561645502,0.019322514533996527,-0.1817392110824585,-0.370429813861847,False,False,False,False,True,True,False
128.89579910705643,41.65855820890838,0.06411707401275635,0.07214862108230591,0.02814459800720215,0.03617614507675171,-0.20082327723503113,0.01871773600578308,-0.18210554122924805,-0.37119626998901367,False,False,False,False,True,True,False
128.55778034542485,42.17583833680133,0.062429070472717285,0.07385772466659546,0.02638721466064453,0.037815868854522705,-0.2008499801158905,0.0177545845508576,-0.1830953955650329,-0.3722498416900635,False,False,False,False,True,True,False
129.11191411477134,43.522505840299004,0.059359848499298096,0.07601112127304077,0.02325958013534546,0.039910852909088135,-0.20090937614440918,0.016077935695648193,-0.184831440448761,-0.3739705979824066,False,False,False,False,True,True,False
129.61545523396063,44.23075452600671,0.057669103145599365,0.07705968618392944,0.021485745906829834,0.04087632894515991,-0.2011261284351349,0.015458106994628906,-0.18566802144050598,-0.374767154455185,False,False,False,False,True,True,False
129.82512586139924,44.91237983636622,0.05659288167953491,0.07804620265960693,0.020331740379333496,0.04178506135940552,-0.20145568251609808,0.014909148216247614,-0.18654653429985046,-0.3754582107067108,False,False,False,False,True,True,False
126.51314774847388,46.178613791809205,0.05612820386886597,0.0807962417602539,0.02007770538330078,0.04474574327468872,-0.19841140508651733,0.01569133996963501,-0.18272006511688232,-0.3719828128814698,False,False,False,False,True,True,False
125.11089944519009,46.500110020770975,0.055461764335632324,0.080727219581604,0.019517898559570312,0.04478335380554199,-0.19779902696609497,0.013913333415985052,-0.18388569355010992,-0.3733533620834351,False,False,False,False,True,True,False
113.46520689830533,40.04732313984954,0.05690354108810425,0.08274412155151367,0.023925364017486572,0.049765944480895996,-0.18559509515762335,0.01022261381149292,-0.17537248134613043,-0.36650913953781133,False,False,False,False,True,True,False
109.46322279322966,35.35424619567002,0.06526494026184082,0.08234542608261108,0.03484511375427246,0.051925599575042725,-0.17580151557922363,0.007524847984313909,-0.16827666759490972,-0.36413043737411505,False,False,False,False,True,False,False
106.74464442244062,33.527056254139985,0.06972241401672363,0.08229362964630127,0.04280668497085571,0.05537790060043335,-0.16752475500106812,0.004475474357605036,-0.16304928064346308,-0.35981324315071106,False,False,False,False,True,False,False
85.7399665668996,33.214817548739816,0.06925934553146362,0.09749698638916016,0.04411548376083374,0.07235312461853027,-0.15246009826660162,-0.01454213261604309,-0.1670022308826447,-0.36585056781768804,True,False,False,False,True,False,False
72.28889483247664,46.24951305427666,0.06794410943984985,0.12046867609024048,0.045424699783325195,0.09794926643371582,-0.11945617198944086,-0.0653289258480072,-0.18478509783744806,-0.3848184645175934,True,False,False,False,True,False,False
70.10073915975762,53.494848796485556,0.06617206335067749,0.12627661228179932,0.04558539390563965,0.10568994283676147,-0.11427870392799372,-0.0738595724105835,-0.18813827633857721,-0.3888435363769531,True,False,False,False,True,False,False
53.319244164384166,51.157895748299985,0.1518823504447937,0.032277047634124756,0.14233940839767456,0.022734105587005615,-0.0452603697776795,-0.1753618270158768,-0.2206221967935563,-0.4358333796262742,True,False,False,False,True,False,False
53.20849131982852,50.45958061595439,0.16666221618652344,0.018567204475402832,0.1626933217048645,0.014598309993743896,-0.03281140327453613,-0.19111590087413788,-0.223927304148674,-0.44597651064395905,True,False,False,True,True,False,False
74.56046623244733,58.94511120030904,0.2808898687362671,-0.06485092639923096,0.2799881100654602,-0.06575268507003784,-0.03255763649940491,-0.20573574304580688,-0.2382933795452118,-0.46367880702018743,True,False,False,False,True,False,False
86.69644187931127,60.74177746009457,0.32135725021362305,-0.04525256156921387,0.3333226442337036,-0.0332871675491333,-0.036170959472656194,-0.1846761405467987,-0.2208471000194549,-0.44829291105270386,True,False,False,False,True,False,False
89.14539227465369,62.64316351059494,0.32613515853881836,-0.03681880235671997,0.34252268075942993,-0.0204312801361084,-0.04103255271911621,-0.1750492453575134,-0.2160817980766296,-0.4430629312992096,True,False,False,False,True,False,False
81.71031144255039,57.68968857800189,0.2739493250846863,-0.041254520416259766,0.3006029725074768,-0.014600872993469238,-0.05060780048370367,-0.1150482296943664,-0.16565603017807007,-0.39049267768859863,True,False,False,False,True,False,False
82.87413503428809,68.88359098998122,0.27251654863357544,-0.04262852668762207,0.30648350715637207,-0.00866156816482544,-0.05180484056472778,-0.1034025251865387,-0.15520736575126648,-0.37834352254867554,True,False,False,False,True,False,False
61.79095541339707,43.178765278165926,0.19582808017730713,0.04101318120956421,0.2217768430709839,0.06696194410324097,-0.021385192871093806,0.12450581789016729,0.10312062501907349,-0.11387437582015991,True,False,False,False,True,True,False
43.135999678789446,76.99769121188636,0.11341321468353271,0.032115399837493896,0.14267700910568237,0.061379194259643555,0.04462042450904852,0.18613871932029724,0.23075914382934576,0.018060505390167236,True,False,False,False,False,True,False
41.131915105362,79.83888916445895,0.099709153175354,0.02830350399017334,0.13161557912826538,0.06020992994308472,0.05293744802474981,0.18416959047317505,0.23710703849792486,0.02486783266067505,True,False,False,True,False,True,False
21.095380777523523,97.41129694232663,0.06964373588562012,0.04720914363861084,0.10462832450866699,0.08219373226165771,0.1747042834758759,0.13297951221466064,0.30768379569053655,0.0942373275756836,True,False,False,False,False,True,False
19.88419803159127,96.58593910867505,0.043895423412323,0.05124843120574951,0.07803940773010254,0.08539241552352905,0.1706172525882721,0.14029943943023682,0.3109166920185089,0.09568184614181519,True,False,False,False,False,True,False
18.686641761843596,108.88187666005008,0.011352479457855225,0.07018190622329712,0.04920065402984619,0.10803008079528809,0.1241882741451264,0.24167907238006592,0.3658673465251923,0.1584804654121399,True,False,True,False,False,True,False
23.396908968437412,112.43384341983814,0.007633507251739502,0.07946896553039551,0.0438801646232605,0.1157156229019165,0.11292621493339539,0.2599382996559143,0.3728645145893097,0.1631793975830078,True,False,True,False,False,True,False
36.55024281911205,110.15227568712773,0.017625093460083008,0.08862870931625366,0.05167120695114136,0.12267482280731201,0.3142443001270294,0.05867820978164673,0.37292250990867615,0.17316460609436035,True,False,True,False,False,True,False
55.39142224647876,109.64645704444158,0.050904035568237305,0.09160959720611572,0.08966583013534546,0.13037139177322388,0.36139619350433355,0.026526272296905518,0.38792246580123907,0.1910197138786316,True,False,False,False,False,True,False
28.694691938969957,109.11145491069266,0.06342744827270508,0.08903974294662476,0.10320389270782471,0.12881618738174438,0.2930420637130738,0.08501070737838745,0.37805277109146124,0.18164139986038208,True,False,False,False,False,True,False
24.827593382231136,128.97771993356682,0.0740436315536499,0.08708608150482178,0.11244678497314453,0.1254892349243164,0.2825883626937867,0.10246044397354126,0.38504880666732794,0.1920396089553833,True,False,False,False,False,True,False
53.01087633611652,129.0430700720198,0.10872513055801392,0.08719360828399658,0.1454230546951294,0.12389153242111206,0.3286016881465912,0.061228275299072266,0.38982996344566345,0.1956183910369873,True,False,False,False,False,True,False
52.1042263049297,133.1659932363421,0.08674830198287964,0.08559679985046387,0.12287670373916626,0.12172520160675049,0.3387916088104248,0.05250149965286255,0.39129310846328735,0.2017751932144165,True,False,False,False,False,True,False
39.743036147073525,131.13915905222223,0.07548010349273682,0.07504099607467651,0.11874240636825562,0.11830329895019531,0.34792098402976995,0.035676419734954834,0.3835974037647248,0.19768476486206055,True,False,False,False,False,True,False
39.084336929706794,130.7591529715348,0.059554100036621094,0.057157158851623535,0.1151207685470581,0.11272382736206055,0.35106360912323,0.033735454082489014,0.384799063205719,0.19549483060836792,True,False,False,False,False,True,False
39.956743892844,131.96757448749,0.04955571889877319,0.04538971185684204,0.10618406534194946,0.10201805830001831,0.35721707344055176,0.033441245555877686,0.39065831899642944,0.20183908939361572,True,False,False,False,False,True,False
39.4892034459304,130.77057460758888,0.04030632972717285,0.038752734661102295,0.0987054705619812,0.09715187549591064,0.3549255132675171,0.03339105844497681,0.3883165717124939,0.20176982879638672,True,False,False,False,False,True,False
40.202118198527465,131.72326570600393,0.04056060314178467,0.02920067310333252,0.09885352849960327,0.08749359846115112,0.3600909113883973,0.02557671070098877,0.38566762208938604,0.1974610686302185,True,False,False,True,False,True,False
39.20954779558707,130.5638658513422,0.04026937484741211,0.024266958236694336,0.09750086069107056,0.08149844408035278,0.3610470592975617,0.026886820793151855,0.38793388009071356,0.19687920808792114,True,False,False,True,False,True,False
38.77862603705395,129.72020913542798,0.038786351680755615,0.023310065269470215,0.09467881917953491,0.07920253276824951,0.361543208360672,0.025655388832092285,0.3871985971927643,0.19477659463882446,True,False,False,True,False,True,False
41.92267774305395,130.59421948651433,0.03965771198272705,0.022805988788604736,0.09488457441329956,0.07803285121917725,0.36737242341041565,0.020419180393218994,0.38779160380363464,0.19500130414962769,True,False,False,True,False,True,False
36.99210209141004,129.99850767828445,0.027638792991638184,0.015172779560089111,0.08132016658782959,0.06885415315628052,0.3639165163040161,0.02302873134613037,0.3869452476501465,0.19122755527496338,True,False,True,True,False,True,False
33.8537985641794,128.82567135676226,0.025034725666046143,0.013695597648620605,0.07598876953125,0.06464964151382446,0.3597657382488251,0.026582717895507812,0.3863484561443329,0.18567633628845215,True,False,True,True,False,True,False
39.0266005509716,120.73662683257467,0.026836752891540527,0.0046103596687316895,0.07706373929977417,0.05483734607696533,0.3699862957000733,0.01734679937362671,0.3873330950737,0.18504738807678223,True,False,True,True,False,True,False
39.26179882112779,116.63797830181858,0.027646303176879883,0.000729978084564209,0.07730346918106079,0.05038714408874512,0.36820274591445923,0.019730091094970703,0.38793283700942993,0.1842302680015564,True,False,True,True,False,True,False
36.5082307227127,124.74338626354142,0.029988408088684082,-0.005131363868713379,0.07930600643157959,0.04418623447418213,0.36995756626129156,0.01908862590789795,0.3890461921691895,0.18397384881973267,True,False,True,True,False,True,False
42.237078386948724,127.99210864096275,0.03719973564147949,-0.00480729341506958,0.08577752113342285,0.04377049207687378,0.37109506130218506,0.0242079496383667,0.39530301094055176,0.194901704788208,True,False,False,True,False,True,False
45.057549863902615,116.61709215296038,0.04250067472457886,-0.0027916431427001953,0.0901229977607727,0.04483067989349365,0.3713870644569397,0.02404952049255371,0.3954365849494934,0.19672101736068726,True,False,False,True,False,True,False
47.95278535300573,124.05040208659273,0.044179677963256836,-0.00018906593322753906,0.09042322635650635,0.04605448246002197,0.3725296258926392,0.023063182830810547,0.39559280872344976,0.1987401843070984,True,False,False,True,False,True,False
48.554882280347066,127.66250665214105,0.04456573724746704,0.0008691549301147461,0.09062397480010986,0.04692739248275757,0.3726750612258911,0.022381067276000977,0.3950561285018921,0.19972723722457886,True,False,False,True,False,True,False
50.26490168685426,120.01736445234673,0.04386246204376221,0.0005481839179992676,0.09055465459823608,0.047240376472473145,0.3773271441459656,0.017510592937469482,0.39483773708343506,0.19939666986465454,True,False,False,True,False,True,False
50.8115378278073,116.42849350890813,0.043354034423828125,0.0003082752227783203,0.0903884768486023,0.04734271764755249,0.3789699673652649,0.015757203102111816,0.3947271704673767,0.19915324449539185,True,False,False,True,False,True,False
41.89156816630184,115.41320002484414,0.040597498416900635,-0.00035184621810913086,0.08820188045501709,0.047252535820007324,0.37811625003814703,0.016700327396392822,0.39481657743453985,0.196835458278656,True,False,False,True,False,True,False
39.16263555258417,114.83845523395135,0.03881293535232544,-0.0011565685272216797,0.08720797300338745,0.04723846912384033,0.37757524847984314,0.017271220684051514,0.39484646916389465,0.19492721557617188,True,False,False,True,False,True,False
38.12218801417447,114.09002589875988,0.031049013137817383,-0.0015268921852111816,0.07954871654510498,0.046972811222076416,0.377467691898346,0.017391443252563477,0.3948591351509095,0.19442760944366455,True,False,False,True,False,True,False
37.798272111923,112.77263472235212,0.02791464328765869,-0.000568687915802002,0.07560962438583374,0.04712629318237305,0.3776927590370179,0.016457021236419678,0.39414978027343756,0.19298845529556274,True,False,True,True,False,True,False
37.68690558234874,112.0466279538118,0.026207268238067627,-0.0003110170364379883,0.07376980781555176,0.04725152254104614,0.3781732320785523,0.015385448932647705,0.3935586810112,0.19187712669372559,True,False,True,True,False,True,False
37.04825785203452,126.19464031042914,0.023959219455718994,4.9054622650146484e-05,0.07130610942840576,0.047395944595336914,0.3780322670936585,0.01519542932510376,0.39322769641876226,0.1915389895439148,True,False,True,True,False,True,False
36.61162225595333,130.69060885560964,0.02363443374633789,0.00030308961868286133,0.07095956802368164,0.04762822389602661,0.3779648542404175,0.014886558055877686,0.39285141229629517,0.19112932682037354,True,False,True,True,False,True,False
37.84614558335186,137.67607457552538,0.023097574710845947,0.0002827644348144531,0.07058060169219971,0.04776579141616821,0.37783336639404297,0.014674067497253418,0.3925074338912964,0.191184401512146,True,False,True,True,False,True,False
35.99138429159796,141.8052710917223,0.021388232707977295,-0.001321256160736084,0.07051348686218262,0.04780399799346924,0.37690168619155884,0.015040755271911621,0.39194244146347046,0.19056487083435059,True,False,True,True,False,True,False
35.18700859623735,142.84210152201427,0.02050602436065674,-0.002239406108856201,0.07065391540527344,0.0479084849357605,0.3761337399482727,0.015006840229034424,0.39114058017730713,0.18976622819900513,True,False,True,True,False,True,False
34.43296269738349,143.69887200430284,0.020205259323120117,-0.0014789104461669922,0.07071810960769653,0.049033939838409424,0.37404945492744446,0.016592681407928467,0.3906421363353729,0.18855375051498413,True,False,True,True,False,True,False
33.80495081801763,144.1164736714507,0.01979011297225952,-0.0008444786071777344,0.07048052549362183,0.04984593391418457,0.37304994463920593,0.01734638214111328,0.3903963267803192,0.18738722801208496,True,False,True,True,False,True,False
33.560261578038514,143.52373089254425,0.02027106285095215,-0.0009058117866516113,0.07160210609436035,0.05042523145675659,0.3702196478843689,0.019382715225219727,0.3896023631095886,0.18787741661071777,True,False,True,True,False,True,False
33.555418521445006,142.4773162521984,0.01912689208984375,-0.0036748647689819336,0.07104063034057617,0.04823887348175049,0.36832520365715027,0.022339582443237305,0.3906647861003876,0.1909659504890442,True,False,True,True,False,True,False
33.55407210833999,141.82287696427142,0.01846855878829956,-0.00533139705657959,0.07063251733779907,0.04683256149291992,0.3671641945838929,0.023797214031219482,0.39096140861511236,0.192213237285614,True,False,True,True,False,True,False
33.54020992929234,142.17916216827734,0.018249452114105225,-0.006845712661743164,0.07030528783798218,0.04521012306213379,0.36594122648239136,0.027268528938293457,0.3932097554206848,0.1944819688796997,True,False,True,True,False,True,False
33.46912921830992,141.93597445865862,0.016974449157714844,-0.007994592189788818,0.06920528411865234,0.04423624277114868,0.36567896604537964,0.0283469557762146,0.39402592182159424,0.195034921169281,True,False,True,True,False,True,False
33.32022192006643,142.18841235937302,0.01656019687652588,-0.009022772312164307,0.06927841901779175,0.04369544982910156,0.3646014332771302,0.031259119510650635,0.3958605527877808,0.19717258214950562,True,False,True,True,False,True,False
32.87446277963421,142.12182077205392,0.01598179340362549,-0.009849607944488525,0.0689924955368042,0.043161094188690186,0.3631402254104615,0.03318852186203003,0.3963287472724915,0.1977366805076599,True,False,True,True,False,True,False
32.683896468131636,141.79349573627437,0.016225695610046387,-0.010686933994293213,0.06968390941619873,0.04277127981185913,0.3622785806655884,0.034233808517456055,0.39651238918304443,0.19823628664016724,True,False,True,True,False,True,False
33.334831548175735,141.4065776592246,0.015432953834533691,-0.010986030101776123,0.07030445337295532,0.04388546943664551,0.36532717943191534,0.030958890914916992,0.39628607034683233,0.19818896055221558,True,False,True,True,False,True,False
34.43316404523732,141.3842562001721,0.015066444873809814,-0.012060403823852539,0.07047021389007568,0.04334336519241333,0.36909979581832886,0.0279732346534729,0.39707303047180176,0.19910293817520142,True,False,True,True,False,True,False
35.21583158508232,141.258498429198,0.019131839275360107,-0.012982726097106934,0.07474559545516968,0.04263103008270264,0.3707574605941773,0.026912331581115723,0.397669792175293,0.19976377487182617,True,False,True,True,False,True,False
35.456109860177314,141.22894346077828,0.023616135120391846,-0.01371675729751587,0.07963424921035767,0.04230135679244995,0.37089622020721436,0.02666771411895752,0.3975639343261719,0.19948607683181763,True,False,True,True,False,True,False
35.66648084627559,141.21774410846328,0.026077866554260254,-0.013780713081359863,0.08209705352783203,0.042238473892211914,0.37071946263313293,0.026703834533691406,0.39742329716682434,0.19966912269592285,True,False,True,True,False,True,False
35.584094605294425,141.17007248115925,0.024792492389678955,-0.013912618160247803,0.08098763227462769,0.04228252172470093,0.37057816982269287,0.026675403118133545,0.3972535729408264,0.19974756240844727,True,False,True,True,False,True,False
34.705123447842226,141.1077363909103,0.020885169506072998,-0.013972640037536621,0.0772048830986023,0.042347073554992676,0.3690153360366822,0.028162002563476562,0.39717733860015875,0.1995496153831482,True,False,True,True,False,True,False
34.35805492013293,141.10175876796015,0.01871049404144287,-0.013964176177978516,0.07515150308609009,0.0424768328666687,0.36842110753059387,0.02869969606399536,0.39712080359458923,0.1995369791984558,True,False,True,True,False,True,False
40.596922729364294,123.0393294666819,0.020197391510009766,-0.009699404239654541,0.0742729902267456,0.0443761944770813,0.37058708071708685,0.026393771171569824,0.39698085188865667,0.2000705599784851,True,False,True,True,False,True,False
39.96954464834955,116.81419140722792,0.020085036754608154,-0.008410155773162842,0.07348912954330444,0.04499393701553345,0.3705441951751709,0.024497926235198975,0.3950421214103699,0.19774150848388672,True,False,True,True,False,True,False
41.44712165295251,125.28707340604244,0.02029341459274292,-0.0068528056144714355,0.07275855541229248,0.045612335205078125,0.3704776167869568,0.02259761095046997,0.39307522773742676,0.1958150863647461,True,False,True,True,False,True,False
39.292425128388366,122.04450566584893,0.018600821495056152,-0.007327675819396973,0.07248795032501221,0.04655945301055908,0.3707788288593292,0.021430492401123047,0.39220932126045227,0.19400572776794434,True,False,True,True,False,True,False
38.560052260711004,129.62360186576393,0.02270454168319702,-0.007085919380187988,0.07674741744995117,0.04695695638656616,0.3711858987808228,0.01989006996154785,0.39107596874237066,0.19143593311309814,True,False,True,True,False,True,False
35.963481298278936,131.84368815696683,0.021100223064422607,-0.008640766143798828,0.0765562653541565,0.04681527614593506,0.37105548381805425,0.01892828941345215,0.3899837732315064,0.18727821111679077,True,False,True,True,False,True,False
35.27486921252635,133.51819974270956,0.021029889583587646,-0.00859910249710083,0.07653123140335083,0.046902239322662354,0.37104156613349915,0.01817554235458374,0.3892171084880829,0.18589574098587036,True,False,True,True,False,True,False
34.74707782808672,134.52215069104537,0.019352972507476807,-0.008549511432647705,0.07466155290603638,0.046759068965911865,0.36934968829154974,0.018918931484222412,0.38826861977577215,0.1847597360610962,True,False,True,True,False,True,False
33.9136674752545,134.99686537365793,0.017749249935150146,-0.008940041065216064,0.07335931062698364,0.04667001962661743,0.368112862110138,0.019688427448272705,0.3878012895584107,0.18333733081817627,True,False,True,True,False,True,False
33.34504098616579,136.05691869358733,0.013858556747436523,-0.009943008422851562,0.07043731212615967,0.04663574695587158,0.3676325678825379,0.020130693912506104,0.387763261795044,0.1832646131515503,True,False,True,True,False,True,False
32.694531320442294,137.61908324976883,0.013153076171875,-0.008697211742401123,0.0701456069946289,0.04829531908035278,0.36664074659347534,0.021009862422943115,0.38765060901641846,0.1832372546195984,True,False,True,True,False,True,False
32.204554734190936,138.57599180201706,0.012782275676727295,-0.00822901725769043,0.07022571563720703,0.04921442270278931,0.3656610846519471,0.02179044485092163,0.3874515295028687,0.18323230743408203,True,False,True,True,False,True,False
31.526061218239015,139.53064312132128,0.010672271251678467,-0.009461581707000732,0.07038277387619019,0.050248920917510986,0.36487257480621343,0.022436559200286865,0.3873091340065003,0.18283802270889282,True,False,True,True,False,True,False
31.240908870174056,140.75606618075489,0.010884463787078857,-0.009530961513519287,0.07142335176467896,0.05100792646408081,0.3638861477375031,0.023173034191131592,0.3870591819286347,0.1825236678123474,True,False,True,True,False,True,False
31.213045911601416,141.72936965789867,0.010748326778411865,-0.009118914604187012,0.07179814577102661,0.051930904388427734,0.3631781041622162,0.023585200309753418,0.3867633044719696,0.1825757622718811,True,False,True,True,False,True,False
31.289695464797102,142.24252663129434,0.010081350803375244,-0.008549988269805908,0.07134318351745605,0.0527118444442749,0.362953245639801,0.023224234580993652,0.3861774802207947,0.18209725618362427,True,False,True,True,False,True,False
31.47474856900112,142.78924203585197,0.01030057668685913,-0.007191061973571777,0.07157129049301147,0.054079651832580566,0.36271393299102783,0.022814810276031494,0.3855287432670593,0.1817592978477478,True,False,True,True,False,True,False
31.507342528921615,143.11469189428078,0.010319709777832031,-0.007046997547149658,0.07156407833099365,0.05419737100601196,0.362030953168869,0.02329796552658081,0.38532891869544983,0.18178749084472656,True,False,True,True,False,True,False
35.270665417947804,143.45558834833122,0.010481774806976318,-0.006451070308685303,0.0717695951461792,0.05483675003051758,0.36188694834709173,0.023189425468444824,0.38507637381553655,0.1822805404663086,True,False,True,True,False,True,False
36.380304761756015,143.71025928061022,0.010716617107391357,-0.005745112895965576,0.07170265913009644,0.0552409291267395,0.36186254024505615,0.02312690019607544,0.3849894404411316,0.18260693550109863,True,False,True,True,False,True,False
33.98743928718532,144.17395782467526,0.009297490119934082,-0.005924880504608154,0.07061386108398438,0.05539149045944214,0.36221915483474737,0.022350192070007324,0.3845693469047547,0.1814340353012085,True,False,True,True,False,True,False
33.06048682419611,144.65121753336183,0.008585870265960693,-0.0051081180572509766,0.06998234987258911,0.05628836154937744,0.3626268804073334,0.02163088321685791,0.3842577636241913,0.18045318126678467,True,False,True,True,False,True,False
36.03948036779443,129.97608294869795,0.008583009243011475,-0.003816366195678711,0.06980246305465698,0.0574030876159668,0.3647558093070984,0.01936042308807373,0.3841162323951721,0.18017268180847168,True,False,True,True,False,True,False
35.15070400557985,133.51581156633128,0.008970975875854492,-0.0032259225845336914,0.07009398937225342,0.057897090911865234,0.3660457730293274,0.01802074909210205,0.38406652212142944,0.1795697808265686,True,False,True,True,False,True,False
34.21326381953952,136.27699252267354,0.010040819644927979,-0.003884434700012207,0.07208645343780518,0.05816119909286499,0.367452621459961,0.016408145427703857,0.38386076688766485,0.17830336093902588,True,False,True,True,False,True,False
33.35201958229922,138.0021167473756,0.0054360032081604,-0.004005730152130127,0.06736713647842407,0.057925403118133545,0.36728727817535406,0.01657038927078247,0.38385766744613653,0.17822957038879395,True,False,True,True,False,True,False
32.97622445497579,138.9285224868859,-0.0008242130279541016,-0.004280507564544678,0.06132042407989502,0.05786412954330444,0.3667084872722626,0.01736050844192505,0.3840689957141876,0.17850780487060547,True,False,True,True,False,True,False
32.46059369899784,139.53546856785024,-0.004777848720550537,-0.004333376884460449,0.05768895149230957,0.05813342332839966,0.3657841682434082,0.01854121685028076,0.38432538509368896,0.17861580848693848,True,False,True,True,False,True,False
31.952231487089946,138.9950356662621,-0.0009305477142333984,-0.006923079490661621,0.06136804819107056,0.055375516414642334,0.3628571629524231,0.020830154418945312,0.3836873173713684,0.17772555351257324,True,False,True,True,False,True,False
31.504277768480247,138.7962170760279,0.0019154548645019531,-0.008717715740203857,0.06405717134475708,0.05342400074005127,0.3613206744194031,0.022347092628479004,0.3836677670478821,0.17752641439437866,True,False,True,True,False,True,False
29.59952125325538,138.03688848948985,0.003623068332672119,-0.012310385704040527,0.06552428007125854,0.0495908260345459,0.3533618450164795,0.030323565006256104,0.3836854100227356,0.1755504608154297,True,False,True,True,False,True,False
29.079320386516848,137.68976227711553,0.007102072238922119,-0.013815164566040039,0.06779825687408447,0.046881020069122314,0.35168376564979553,0.032385945320129395,0.3840697109699249,0.175359308719635,True,False,True,True,False,True,False
28.898807339942948,137.58240899365168,0.007633507251739502,-0.015523016452789307,0.06766271591186523,0.044506192207336426,0.35157039761543274,0.033345699310302734,0.3849160969257355,0.17553818225860596,True,False,True,True,False,True,False
28.055674993895078,136.77229242708864,0.007127165794372559,-0.016937077045440674,0.06711834669113159,0.04305410385131836,0.3513997197151184,0.03358662128448486,0.38498634099960327,0.17339587211608887,True,False,True,True,False,True,False
27.675159277848532,136.11322581712264,0.006318151950836182,-0.01896733045578003,0.06644338369369507,0.04115790128707886,0.35135737061500555,0.033698856830596924,0.3850562274456025,0.17230862379074097,True,False,True,True,False,True,False
27.222123417968966,135.90610060138607,-0.003561854362487793,-0.019384682178497314,0.05660867691040039,0.04078584909439087,0.35101535916328436,0.03416961431503296,0.3851849734783173,0.17131125926971436,True,False,True,True,False,True,False
27.079976329264735,135.6169964073386,-0.003226637840270996,-0.02055048942565918,0.05709916353225708,0.039775311946868896,0.35060998797416687,0.034978628158569336,0.3855886161327362,0.17149633169174194,True,False,True,True,False,True,False
27.064113462923086,135.44763409956403,-0.003260374069213867,-0.021596968173980713,0.057290732860565186,0.03895413875579834,0.35062539577484136,0.03515714406967163,0.385782539844513,0.17144638299942017,True,False,True,True,False,True,False
26.981306256413546,135.32966817556556,-0.009788870811462402,-0.021899282932281494,0.05118298530578613,0.03907257318496704,0.35056257247924805,0.03517955541610718,0.3857421278953552,0.17124533653259277,True,False,True,True,False,True,False
27.016527647624503,135.3134071279501,-0.009426891803741455,-0.022190392017364502,0.05172067880630493,0.038957178592681885,0.3506540060043335,0.03514206409454346,0.38579607009887695,0.17120730876922607,True,False,True,True,False,True,False
27.050725643283915,135.2323091571515,-0.015283346176147461,-0.02208167314529419,0.04585367441177368,0.03905534744262695,0.35026615858078003,0.035587310791015625,0.38585346937179565,0.17125868797302246,True,False,True,True,False,True,False
26.81310677715745,135.4513837345389,-0.017273128032684326,-0.022040724754333496,0.04390174150466919,0.03913414478302002,0.35029661655426025,0.03547084331512451,0.38576745986938477,0.17041254043579102,True,False,True,True,False,True,False
26.54749032919613,135.99408557023816,-0.018840491771697998,-0.021625220775604248,0.04236811399459839,0.03958338499069214,0.35052973031997686,0.035176753997802734,0.3857064843177796,0.16927027702331543,True,False,True,True,False,True,False
26.46720152025843,137.07943856986967,-0.018860161304473877,-0.01981675624847412,0.04093444347381592,0.039977848529815674,0.3507984280586243,0.03504675626754761,0.38584518432617193,0.16940993070602417,True,False,True,True,False,True,False
26.620115239317045,138.28148217894608,-0.0168226957321167,-0.017307817935943604,0.04051154851913452,0.04002642631530762,0.3510615825653076,0.03499406576156616,0.3860556483268738,0.17015832662582397,True,False,True,True,False,True,False
27.00192081981818,139.41619338384226,-0.0134543776512146,-0.01689457893371582,0.04330945014953613,0.03986924886703491,0.35158550739288336,0.03461039066314697,0.38619589805603033,0.17102748155593872,True,False,True,True,False,True,False
27.90923794473655,139.90339171541302,-0.011535823345184326,-0.016885757446289062,0.04491227865219116,0.039562344551086426,0.35553768277168274,0.030799031257629395,0.38633671402931213,0.17158478498458862,True,False,True,True,False,True,False
28.500103682234016,140.31780576920266,-0.008904516696929932,-0.016883492469787598,0.04738682508468628,0.03940784931182861,0.3577704727649689,0.028679728507995605,0.38645020127296453,0.17214840650558472,True,False,True,True,False,True,False
28.794103502223187,140.66597593927693,-0.008858025074005127,-0.01687711477279663,0.04743516445159912,0.03941607475280762,0.3599286675453186,0.026723504066467285,0.3866521716117859,0.17224526405334473,True,False,True,True,False,True,False
28.53377220640683,140.9453167877195,-0.008723855018615723,-0.016874611377716064,0.04758584499359131,0.03943508863449097,0.3592883050441742,0.027441084384918213,0.3867293894290924,0.17214888334274292,True,False,True,True,False,True,False
28.274507466871782,141.03271312550103,-0.008265018463134766,-0.017000138759613037,0.04816591739654541,0.03943079710006714,0.358745276927948,0.02764713764190674,0.38639241456985474,0.1715461015701294,True,False,True,True,False,True,False
28.104917755698896,141.02823251812381,-0.0072737932205200195,-0.017037153244018555,0.04918873310089111,0.03942537307739258,0.35798525810241705,0.028201162815093994,0.38618642091751104,0.17129629850387573,True,False,True,True,False,True,False
27.766617027465404,141.05965003069062,-0.006698787212371826,-0.01702284812927246,0.049728572368621826,0.03940451145172119,0.35590600967407227,0.030243277549743652,0.3861492872238159,0.17135369777679443,True,False,True,True,False,True,False
27.595683301026725,141.07755474367613,-0.005780041217803955,-0.01629716157913208,0.050370991230010986,0.03985387086868286,0.35506460070610046,0.031101226806640625,0.3861658275127411,0.17160725593566895,True,False,True,True,False,True,False
27.45321691313351,140.90670672877204,-0.004576504230499268,-0.014803111553192139,0.05131053924560547,0.0410839319229126,0.3539631664752961,0.03202921152114868,0.38599237799644476,0.1718955636024475,True,False,True,True,False,True,False
25.425284062719165,138.87001085492992,-0.0036919116973876953,-0.013081967830657959,0.05197036266326904,0.04258030652999878,0.3431661427021027,0.042884886264801025,0.38605102896690374,0.17257815599441528,True,False,True,True,False,True,False
24.874676918556872,137.54397667232897,-0.0035511255264282227,-0.012621581554412842,0.05213218927383423,0.04306173324584961,0.3393982350826264,0.04675239324569702,0.3861506283283234,0.17318511009216309,True,False,True,True,False,True,False
24.79134645449932,136.9534056918633,-0.007988274097442627,-0.011522889137268066,0.047676026821136475,0.044141411781311035,0.3376317322254181,0.04857444763183594,0.38620617985725403,0.1739712357521057,True,False,True,True,False,True,False
25.525276851061342,136.44249854224284,-0.011775314807891846,-0.010998368263244629,0.043968141078948975,0.04474508762359619,0.34094637632369995,0.045178771018981934,0.3861251473426819,0.17414170503616333,True,False,True,True,False,True,False
25.993245859480474,136.58707056688687,-0.01345360279083252,-0.010262131690979004,0.04233109951019287,0.04552257061004639,0.3426578640937806,0.04347187280654907,0.38612973690032965,0.17476540803909302,True,False,True,True,False,True,False
26.909923819713857,136.61123811892355,-0.010738193988800049,-0.010446667671203613,0.045367419719696045,0.04565894603729248,0.34430152177810674,0.04179280996322632,0.38609433174133306,0.1761813759803772,True,False,True,True,False,True,False
29.458735777195262,137.02769394303073,-0.0092354416847229,-0.01210862398147583,0.04779404401779175,0.04492086172103882,0.3463812470436096,0.039511263370513916,0.38589251041412354,0.1766795516014099,True,False,True,True,False,True,False
29.721357395168322,136.81700088709474,-0.010626137256622314,-0.013890683650970459,0.047725141048431396,0.04446059465408325,0.3480567336082459,0.037463605403900146,0.38552033901214605,0.1763019561767578,True,False,True,True,False,True,False
29.94380915427087,136.53998333836475,-0.010619401931762695,-0.014880359172821045,0.04832881689071655,0.0440678596496582,0.3490006625652313,0.03649657964706421,0.38549724221229553,0.1763346791267395,True,False,True,True,False,True,False
29.99311875455439,136.36696720408884,-0.010193169116973877,-0.01532977819442749,0.04895693063735962,0.043820321559906006,0.3493988811969757,0.03602474927902222,0.3854236304759979,0.17633098363876343,True,False,True,True,False,True,False
32.66051807484193,136.44797886924596,-0.008450090885162354,-0.015354812145233154,0.05062347650527954,0.04371875524520874,0.3495400547981262,0.03588980436325073,0.38542985916137695,0.17784839868545532,True,False,True,True,False,True,False
34.411874413483126,136.1212610603692,-0.006987571716308594,-0.015611827373504639,0.05236804485321045,0.043743789196014404,0.3542787730693817,0.030800282955169678,0.3850790560245514,0.17879652976989746,True,False,True,True,False,True,False
34.282027295726394,135.847102463527,-0.006573677062988281,-0.016373515129089355,0.05345982313156128,0.043659985065460205,0.3565466701984406,0.02852475643157959,0.3850714266300202,0.17931067943572998,True,False,True,True,False,True,False
33.68062257730315,135.68738846026858,-0.0074610114097595215,-0.017390847206115723,0.053320229053497314,0.04339039325714111,0.356399267911911,0.028850138187408447,0.38524940609931946,0.17980217933654785,True,False,True,True,False,True,False
32.50327007874788,136.88783181265458,-0.008883237838745117,-0.018893063068389893,0.053292930126190186,0.04328310489654541,0.35629028081893926,0.029074907302856445,0.3853651881217957,0.1799013614654541,True,False,True,True,False,True,False
32.48287441724387,138.1236114921655,-0.00812596082687378,-0.019410014152526855,0.05464887619018555,0.04336482286453247,0.3561985492706299,0.02908247709274292,0.3852810263633728,0.1798885464668274,True,False,True,True,False,True,False
30.329442724343796,139.29861992579245,-0.005006372928619385,-0.019431769847869873,0.05775958299636841,0.04333418607711792,0.3440613150596619,0.04139351844787598,0.3854548335075379,0.1803799867630005,True,False,True,True,False,True,False
25.294887296105593,140.51185669419604,-0.0013454556465148926,-0.019571006298065186,0.06151467561721802,0.043289124965667725,0.32149988412857056,0.06401216983795166,0.3855120539665222,0.1806907057762146,True,False,True,True,False,True,False
22.34115586689455,140.82338238876957,0.019063830375671387,-0.019704699516296387,0.08130961656570435,0.04254108667373657,0.31042927503585815,0.07513922452926636,0.3855684995651245,0.1804559826850891,True,False,True,True,False,True,False
11.605981523614691,140.96152355152347,0.030266761779785156,-0.019387245178222656,0.0917009711265564,0.042046964168548584,0.2707303762435913,0.11485213041305542,0.38558250665664673,0.17947280406951904,True,False,False,True,False,True,False
19.769882654297213,141.2033486560906,0.030296504497528076,-0.018512248992919922,0.09083783626556396,0.04202908277511597,0.296766996383667,0.08882606029510498,0.385593056678772,0.17974752187728882,True,False,False,True,False,True,False
28.520623892314813,141.26806056710626,0.024659574031829834,-0.018622279167175293,0.08523029088973999,0.04194843769073486,0.3322874903678894,0.05333226919174194,0.38561975955963135,0.17969167232513428,True,False,True,True,False,True,False
28.199774997051875,141.2807639601819,0.022977352142333984,-0.018516182899475098,0.08341997861862183,0.041926443576812744,0.33344680070877075,0.05217248201370239,0.38561928272247314,0.1796824336051941,True,False,True,True,False,True,False
32.674119416204945,141.42432487187588,0.016036152839660645,-0.018065452575683594,0.07631844282150269,0.04221683740615845,0.3456690907478333,0.03993576765060425,0.38560485839843756,0.17982220649719238,True,False,True,True,False,True,False
34.838257477493286,141.52913346085742,0.013498961925506592,-0.017658531665802002,0.07378023862838745,0.04262274503707886,0.3491257429122925,0.03644782304763794,0.3855735659599304,0.18047547340393066,True,False,True,True,False,True,False
39.171475728026635,120.5916561706866,0.009538352489471436,-0.016736388206481934,0.06938666105270386,0.04311192035675049,0.3584882616996765,0.02701592445373535,0.38550418615341187,0.18201345205307007,True,False,True,True,False,True,False
37.55973836846312,113.63724642566946,0.0063193440437316895,-0.016727209091186523,0.06618684530258179,0.043140292167663574,0.3616671562194824,0.023911774158477783,0.3855789303779602,0.18169498443603516,True,False,True,True,False,True,False
35.77676260338721,111.02633702064715,0.0050852298736572266,-0.01676654815673828,0.06499797105789185,0.04314619302749634,0.35883229970932007,0.027556419372558594,0.38638871908187866,0.1826152205467224,True,False,True,True,False,True,False
36.58927572208204,112.27909609849802,0.0029813647270202637,-0.0168800950050354,0.06285995244979858,0.04299849271774292,0.35737982392311096,0.029624998569488525,0.3870048224925995,0.18318527936935425,True,False,True,True,False,True,False
35.27865588098776,126.98602592614452,0.0019358992576599121,-0.016998112201690674,0.061859071254730225,0.04292505979537964,0.3565075099468231,0.030698418617248535,0.38720592856407166,0.18334060907363892,True,False,True,True,False,True,False
35.13449838896245,133.52534445657096,0.0011629462242126465,-0.017016053199768066,0.061122238636016846,0.04294323921203613,0.3597421348094941,0.027733266353607178,0.38747540116310125,0.18358510732650757,True,False,True,True,False,True,False
35.18562082994573,136.89786939472586,0.0014593005180358887,-0.01645827293395996,0.061214566230773926,0.043296992778778076,0.3618460893630982,0.025747060775756836,0.38759315013885504,0.18365627527236938,True,False,True,True,False,True,False
35.01837551371539,138.18783241977357,0.001513361930847168,-0.01581650972366333,0.06071752309799194,0.043387651443481445,0.36334007978439337,0.024206817150115967,0.38754689693450933,0.18317747116088867,True,False,True,True,False,True,False
33.80574021405965,139.87659479375353,-0.009629905223846436,-0.01533210277557373,0.04908430576324463,0.043382108211517334,0.3619405627250672,0.025459468364715576,0.38740003108978277,0.1814098358154297,True,False,True,True,False,True,False
33.048234966586406,140.64992917608743,-0.01520448923110962,-0.015156447887420654,0.043125927448272705,0.04317396879196167,0.36061045527458196,0.026739060878753662,0.3873495161533356,0.18088728189468384,True,False,True,True,False,True,False
33.33230298855992,119.04229208091651,-0.01376885175704956,-0.014917433261871338,0.04570513963699341,0.04455655813217163,0.36002558469772344,0.027611255645751953,0.3876368403434754,0.18230801820755005,True,False,True,True,False,True,False
33.200998794528545,113.3162265990307,-0.013635993003845215,-0.014949440956115723,0.046143174171447754,0.044829726219177246,0.35916662216186523,0.028877735137939453,0.3880443572998047,0.18282246589660645,True,False,True,True,False,True,False
32.97273846571949,111.65195028575374,-0.01818525791168213,-0.015234529972076416,0.04214078187942505,0.04509150981903076,0.35853123664855957,0.02981269359588623,0.3883439302444458,0.18300676345825195,True,False,True,True,False,True,False
32.98345443473293,112.98570375392653,-0.0206986665725708,-0.015914976596832275,0.04043084383010864,0.04521453380584717,0.35849830508232117,0.030160367488861084,0.38865867257118225,0.18322783708572388,True,False,True,True,False,True,False
35.063611390538924,113.6503879497354,-0.022498667240142822,-0.015986621379852295,0.03888815641403198,0.04540020227432251,0.3581181764602661,0.03064584732055664,0.38876402378082275,0.18354517221450806,True,False,True,True,False,True,False
34.787274964300885,113.98591509702148,-0.022145330905914307,-0.015910685062408447,0.039584457874298096,0.045819103717803955,0.35730084776878357,0.03139150142669678,0.38869234919548035,0.18350434303283691,True,False,True,True,False,True,False
34.81366154350129,114.16115072591941,-0.015949249267578125,-0.0161857008934021,0.046249985694885254,0.04601353406906128,0.3562121391296387,0.03236794471740723,0.38858008384704595,0.1839592456817627,True,False,True,True,False,True,False
35.9633441531466,114.30633642343774,-0.012257754802703857,-0.016292691230773926,0.05029243230819702,0.04625749588012695,0.3556927442550659,0.031630516052246094,0.387323260307312,0.18269360065460205,True,False,True,True,False,True,False
34.8708830827686,133.29947629168274,-0.0142403244972229,-0.016286492347717285,0.048624634742736816,0.04657846689224243,0.355366051197052,0.03135406970977783,0.38672012090682983,0.18178468942642212,True,False,True,True,False,True,False
32.516179419506024,139.2898796670686,-0.014608204364776611,-0.01627570390701294,0.048467397689819336,0.04679989814758301,0.3475278317928314,0.03878378868103027,0.3863116204738617,0.18125247955322266,True,False,True,True,False,True,False
30.829281546979153,142.97842228263272,-0.01650172472000122,-0.017939388751983643,0.04828828573226929,0.046850621700286865,0.3438412845134735,0.04230237007141113,0.38614365458488464,0.18093079328536987,True,False,True,True,False,True,False
31.315851074067286,143.7719298659225,-0.01294785737991333,-0.018590211868286133,0.05243557691574097,0.046793222427368164,0.3454040884971619,0.040866315364837646,0.38627040386199957,0.18137353658676147,True,False,True,True,False,True,False
31.45056858381303,144.2313944281853,-0.011759161949157715,-0.01903301477432251,0.05405622720718384,0.04678237438201904,0.346307635307312,0.04007875919342041,0.3863863945007324,0.18149572610855103,True,False,True,True,False,True,False
31.860716981951327,144.71385326805208,-0.010500669479370117,-0.019087255001068115,0.055264949798583984,0.046678364276885986,0.3473712801933289,0.03967082500457764,0.38704210519790655,0.1828421950340271,True,False,True,True,False,True,False
32.07453644576658,144.531641647645,-0.009618103504180908,-0.01915585994720459,0.05609983205795288,0.0465620756149292,0.34803518652915955,0.03989619016647339,0.38793137669563293,0.18386101722717285,True,False,True,True,False,True,False
26.32920063636251,144.10232862324224,-0.00631260871887207,-0.019170045852661133,0.059347689151763916,0.046490252017974854,0.32749873399734497,0.05981558561325073,0.3873143196105957,0.18113428354263306,True,False,True,True,False,True,False
24.740589568430465,142.36646975193298,-0.009586751461029053,-0.022609353065490723,0.05727732181549072,0.04425472021102905,0.33073961734771734,0.05588048696517944,0.3866201043128968,0.17857426404953003,True,False,True,True,False,True,False
24.34722088099835,141.62785636828738,-0.020019054412841797,-0.02543550729751587,0.04719573259353638,0.041779279708862305,0.3328178524971009,0.05381983518600464,0.3866376876831055,0.1771833896636963,True,False,True,True,False,True,False
25.553544957343675,118.05043043294376,-0.012701213359832764,-0.023156344890594482,0.05283123254776001,0.04237610101699829,0.3409814536571503,0.045440852642059326,0.38642230629920965,0.17440283298492432,True,False,True,True,False,True,False
