left_elbow_angle,right_elbow_angle,left_hand_alignment,right_hand_alignment,left_eye_ear_y_diff,right_eye_ear_y_diff
172.4641790483545,171.60004942458667,0.04297289252281189,0.01073306798934942,0.03540843725204468,0.04064452648162842
172.6748316692955,171.82645788992883,0.04291772842407232,0.013390868902206421,0.0352757573127746,0.04054060578346247
172.76538933693845,172.38199932084288,0.04313752055168152,0.01443073153495783,0.035112619400024414,0.04043763875961309
172.85842736532345,172.76878610055297,0.04288080334663391,0.014646798372268732,0.035111457109451294,0.04042357206344599
173.01278515855614,173.09202499976627,0.042614996433258,0.014760375022888184,0.03508523106575018,0.04036816954612732
173.2191017202815,173.69803287700447,0.041922420263290405,0.015252381563186701,0.03500011563301092,0.040259152650833074
173.45561217495015,174.15074135350912,0.0409798920154571,0.0160990953445434,0.034958809614181574,0.040235280990600586
173.6511398426643,174.2433592538883,0.039692997932434027,0.016185969114303533,0.03496342897415167,0.04026862978935247
173.7731150591581,174.12017969333942,0.039146244525909424,0.0161513090133667,0.03498604893684387,0.0402580201625824
173.8308207768846,174.05320769800974,0.0391029417514801,0.01606535911560053,0.03499254584312439,0.040256619453430176
173.8358581683187,173.98401456778996,0.03900325298309332,0.015758335590362493,0.03500130772590632,0.040239185094833374
173.87955927627286,173.89472357642694,0.03898113965988159,0.0157318115234375,0.03502562642097473,0.0402365624904632
173.87551694844944,173.8458895744607,0.03907918930053711,0.015247434377670288,0.03503581881523138,0.040240317583084106
173.89964413743093,173.80435601889812,0.03896927833557129,0.014683544635772705,0.03531026840209961,0.04048073291778559
173.84635504602127,173.75209797663854,0.03902563452720642,0.014505505561828613,0.03541547060012812,0.040539056062698364
173.72035240500156,173.3995722822717,0.039184063673019354,0.01431882381439209,0.03545650839805603,0.04055711627006531
173.7147909649956,173.27238244312292,0.039139002561569214,0.014217913150787298,0.03560203313827509,0.040647625923156794
173.64537564946596,173.09019690779513,0.039207279682159424,0.014147818088531494,0.03570136427879339,0.04070943593978882
173.6295163066625,172.84985151267858,0.03926664590835577,0.013990491628646795,0.03584253787994385,0.040830075740814264
173.51481249428474,172.76167522220314,0.039516717195510864,0.013947814702987671,0.03595888614654541,0.0408718585968017
173.53742970823882,172.93427259798142,0.04035571217536932,0.013942033052444402,0.035984933376312256,0.0409584641456604
173.34237017393906,172.8218361190921,0.04125708341598511,0.013737797737121582,0.03600844740867609,0.04096761345863342
173.26327208535983,172.81429949546117,0.04178720712661749,0.013719677925109863,0.036023080348968506,0.04098743200302124
173.3191640050841,172.82450536311688,0.04178720712661743,0.013717591762542669,0.03603863716125488,0.04103237390518194
173.38179880104119,172.9575658688456,0.04179379343986517,0.013717204332351685,0.03604406118392944,0.0410397052764892
173.45044113825543,172.97707700728597,0.04189842939376831,0.013708412647247314,0.036056578159332275,0.041045099496841375
173.51304288201962,173.08238159187425,0.04191860556602478,0.013879776000976507,0.03610756993293762,0.041030764579773005
173.41226512893317,173.06216810901708,0.042415112257003784,0.013875633478164728,0.036115497350692805,0.041034996509552
173.12753710863942,173.022504169691,0.04385626316070551,0.014093160629272516,0.036155045032501276,0.041047126054763794
173.04323329587112,173.11324356244174,0.04464259743690491,0.014865249395370483,0.0361609160900116,0.04104596376419073
173.16538843622692,172.88115058198798,0.0449556410312652,0.015342563390731812,0.03608939051628113,0.04098284244537348
173.2932586212388,172.7770212086952,0.04521745443344111,0.015795141458511297,0.03595519065856939,0.04082661867141729
173.43428558970763,172.76462316316844,0.04545828700065613,0.01634949445724493,0.035786718130111694,0.040619611740112305
173.63754041303028,172.95857843664623,0.045702457427978516,0.016997665166854803,0.0357300341129303,0.040422648191452026
173.86465630365004,173.18070828199117,0.045674473047256414,0.01742276549339289,0.0357660055160523,0.040333300828933716
173.9483838281472,173.31095842328912,0.04568430781364441,0.01808112859725952,0.03578287363052368,0.04023456573486328
173.97761519888363,173.29603244291508,0.045854985713958796,0.018849790096282903,0.03575804829597473,0.040069460868835505
174.06097656811716,173.19518289477787,0.046269506216049194,0.019849330186843928,0.03573548793792719,0.03990137577056885
174.05103505104887,173.23670828338558,0.0464150607585907,0.0208282470703125,0.03567522764205927,0.03976798057556152
173.99148272782872,173.28715372817283,0.046661108732223566,0.0217914879322052,0.0356259942054748,0.03965681791305542
173.8181829898803,173.35910495685738,0.046816438436508234,0.02212679386138916,0.03556379675865168,0.03954309225082392
173.65732442145364,173.553358579802,0.04702386260032648,0.02247029542922968,0.03554663062095642,0.03944876790046692
173.4192236697751,173.80837897650224,0.04665893316268921,0.022471189498901367,0.03557384014129639,0.03943780064582819
173.2704781073995,173.91731029118753,0.04656243324279791,0.022335112094879095,0.03559121489524841,0.03935655951499939
173.00463019277004,173.81513792803167,0.046205490827560425,0.02264457941055298,0.03552526235580439,0.03925216197967529
172.7300786923748,173.7387649839284,0.04620477557182312,0.023086190223693792,0.0355166494846344,0.039192974567413386
172.5817525597484,173.6840752792025,0.04580757021903997,0.023838520050048773,0.035521805286407415,0.03918835520744329
172.346007124428,173.67391356514622,0.04578498005866999,0.024742633104324396,0.03546211123466497,0.03918227553367609
171.7691849284621,173.45184406397834,0.04570591449737549,0.025286883115768488,0.035437196493148804,0.03917863965034485
171.46309265951248,173.21074295929571,0.04567292332649231,0.02562922239303589,0.035376995801925715,0.03917691111564631
171.23453712528251,172.8955426673172,0.04557374119758606,0.02698081731796259,0.0353313684463501,0.03917014598846441
171.00120977798866,172.71338611493516,0.04557672142982483,0.027710437774658203,0.035289466381073,0.03917261958122259
170.6882431817743,172.59357792477857,0.04562738537788391,0.028143733739852905,0.03523150086402893,0.039169371128082275
170.5352242324674,172.5234067009058,0.04562839865684509,0.028353959321975708,0.034876734018325806,0.039055973291397095
170.58994934518998,172.45293279442376,0.046084821224212646,0.028598129749298096,0.034409612417221014,0.038855671882629395
170.54529186853202,172.4021361753196,0.046477288007736206,0.028926461935043335,0.03407803177833557,0.03879019618034368
170.49758793537262,172.22869938782782,0.04673099517822271,0.029403656721115112,0.03390797972679138,0.03870964050292969
170.29500598841622,172.37503638704254,0.04640793800354004,0.029918044805526733,0.03388768434524536,0.0386896431446076
170.38982709167823,172.25929970428524,0.04570260643959051,0.03018352389335638,0.03389906883239746,0.03865921497344971
170.20256154837688,172.2425777764179,0.04536101222038269,0.03020268678665161,0.03389549255371094,0.038642615079879816
170.16218775654517,172.21321836955275,0.04493477940559387,0.02999547123908991,0.03391808271408081,0.03860121965408331
169.99261421764436,171.97862633551446,0.04441994428634638,0.029687881469726507,0.03387033939361572,0.038605719804763794
169.67456886538787,172.09136322226345,0.04410487413406372,0.029521256685257014,0.03393995761871338,0.038699120283126776
169.67809584245666,172.07315973735052,0.04375773668289179,0.029313355684280396,0.03395652770996099,0.0386694073677063
169.7676286341423,172.06162442062703,0.043621718883514404,0.029287666082382202,0.03396323323249811,0.03868481516838074
169.8336278155582,172.11117381197403,0.0436148345470429,0.02964645624160772,0.03396233916282648,0.0386623740196228
169.87526065921887,172.19107785860967,0.043617844581604004,0.029963582754135132,0.03397542238235479,0.03865513205528259
169.91629389957686,172.78793197112378,0.043613761663436834,0.030806511640548706,0.034011900424957275,0.038642227649688665
170.0753636858133,172.93003074675514,0.04364943504333496,0.031211167573928777,0.034079194068908636,0.03863239288330078
170.3576491890403,173.5921922136847,0.04423984885215759,0.0314785242080689,0.03419110178947449,0.038628190755844116
170.53942449102283,173.61013071445416,0.044837951660156194,0.03150460124015808,0.034250557422637995,0.03863194584846491
170.61488623693785,173.70427995970977,0.0459882915019989,0.031489163637161255,0.03429347276687622,0.038626343011856024
170.53252042534808,173.8568547439026,0.04846993088722229,0.03155586123466492,0.03437680006027222,0.03861197829246521
170.64772900895557,174.20039435886332,0.05164429545402527,0.031846821308135986,0.034446477890014704,0.0386405885219574
170.65649576416575,174.44877438642683,0.05441482365131378,0.03190910816192627,0.03450122475624079,0.038634687662124634
170.68050102534792,174.56072522460929,0.05656985938549042,0.03195863962173462,0.03452166914939875,0.0386292040348053
170.81570888782616,174.73457369265967,0.058794438838958796,0.032001346349716187,0.034530699253082275,0.03862008452415472
170.8259919501868,174.77348380504287,0.06000509858131409,0.0319999754428863,0.03453630208969111,0.03862848877906799
170.90526803881164,174.68305494316223,0.0607690811157226,0.031926035881042536,0.03456583619117737,0.038670271635055486
170.9152158725731,174.62948999057951,0.061349213123321505,0.031874954700469915,0.034584373235702515,0.03868323564529419
171.16746714209194,174.5912826033576,0.06132481992244723,0.0317055881023407,0.034604281187057495,0.03870990872383123
171.32195485769938,174.49155220173895,0.0613272190093995,0.03166729211807251,0.034633159637451116,0.038700759410858154
171.38668106447255,174.43737548098954,0.061303555965423584,0.031779527664184515,0.03465217351913452,0.038682579994201716
171.74675735362104,174.5160397797809,0.06127740442752838,0.031925737857818604,0.0346848070621491,0.03873705863952637
172.11063937961427,174.82506186995025,0.06128573417663569,0.03214079141616821,0.03479310870170599,0.03881022334098816
172.2932331524539,175.1604105411381,0.0613815784454346,0.03248181939125061,0.034828692674636896,0.0387035608291626
172.32697183884918,175.071959203905,0.06139364838600159,0.0325474739074707,0.034845113754272516,0.03863880038261419
172.3200894172435,174.93623242331026,0.06139111518859858,0.032803684473037775,0.034847080707550104,0.038574159145355225
172.37899038587665,174.82292335797516,0.06160824000835419,0.03350025415420532,0.03486219048500061,0.03856083750724787
172.52892258279374,174.68495602633593,0.061831414699554416,0.03369966149330139,0.0348818302154541,0.03853675723075861
172.70899236009836,174.6281218767235,0.062132328748703,0.034067898988723755,0.03485092520713812,0.03848272562026972
172.5795396986857,174.49516528685498,0.06259787082672122,0.03487145900726313,0.034779906272888184,0.03836360573768621
172.58535526011244,174.32343887388186,0.06313556432724002,0.035466939210891724,0.034717440605163574,0.0382746160030365
172.79528530241924,174.28836096668132,0.06363685429096222,0.035613805055618286,0.03471693396568298,0.03826498985290522
172.76858604844753,174.3312865820943,0.06425908207893369,0.035636276006698664,0.03472620248794561,0.03828492760658264
172.66602930426865,174.3220992636696,0.06453987956047061,0.03559881448745733,0.034767419099807684,0.03831085562705988
172.7150235304808,174.21572077403493,0.0650482326745987,0.03545829653739929,0.03488990664482111,0.03850874304771429
172.85862937879827,174.16550136267492,0.06504949927330023,0.03527060151100164,0.035191297531127874,0.038821518421173096
172.97654027077445,174.15638522775495,0.0646804273128509,0.034902423620224,0.035625845193862915,0.0393846333026886
173.10808201783456,174.32369403449212,0.0644971132278443,0.03474169969558716,0.036060631275177,0.03994360566139221
172.8630815114082,174.5075962971904,0.0641393810510636,0.03457394242286682,0.03635621070861811,0.0402454137802124
173.01056565400262,174.9759579719678,0.06374138593673712,0.034064084291458074,0.03664541244506836,0.0403603613376618
173.2308134274735,175.5686153617933,0.06338360905647278,0.03331974148750305,0.03678411245346075,0.04027274250984192
173.37428436839318,175.85480406850593,0.06309530138969421,0.03276103734970087,0.03699979186058039,0.04022806882858282
173.3728998135535,175.63675533370497,0.06273388862609869,0.03229427337646479,0.037011563777923584,0.040113031864166315
173.34568468804792,175.45166880147548,0.06223635375499731,0.031524449586868286,0.03704062104225159,0.04014313220977783
173.3492797870259,175.36701460071433,0.061971813440322904,0.03120136260986328,0.03705704212188721,0.04027450084686279
173.39686919492007,175.35097454459583,0.061714589595794705,0.03107601404190069,0.03703111410140991,0.04043048620223999
173.44860987284594,175.30811802408758,0.06160627305507657,0.031096994876861572,0.036955833435058594,0.04046696424484253
173.4324465969441,175.31770021250193,0.06140178442001337,0.030875802040100098,0.0368274450302124,0.04051932692527771
173.37462270722273,175.33147295013933,0.06120894849300393,0.030630141496658325,0.03678825497627258,0.040624827146530096
173.43038626660888,175.34511398368542,0.06078658998012543,0.03009763360023493,0.03690126538276667,0.040737211704254206
173.36641422714976,175.41272680035576,0.06046573817729953,0.02949663996696472,0.037006765604019165,0.04082536697387701
173.27930801442744,175.41180868070822,0.060204342007637024,0.029174089431762695,0.037018150091171265,0.0406984388828277
173.06227905427806,175.37778103640386,0.060084432363510104,0.029108285903930664,0.03682824969291687,0.04050901532173162
173.0566240593884,175.5010135182318,0.05999988317489621,0.02851143479347229,0.036876231431961115,0.040305495262145996
172.97653751148022,175.54952917245748,0.06004264950752261,0.028248906135559082,0.036828130483627264,0.040158569812774714
172.9113454387792,175.00012904701288,0.0605345964431763,0.028147667646408026,0.036726593971252386,0.039962649345398005
172.7808790945859,174.98619877374614,0.060983836650848416,0.027841240167617798,0.036672741174697876,0.039834111928939764
172.66764499148854,174.83413410311772,0.06122967600822449,0.02791696786880493,0.036552488803863525,0.03968855738639826
172.7304375576697,174.76545636964573,0.06137116253376007,0.027864724397659302,0.0365059077739715,0.03934264183044439
172.5965758744105,174.60206622295306,0.061603680253028925,0.027765780687332098,0.03629165887832636,0.03882813453674322
172.77274193270168,174.59371324430745,0.06179213523864749,0.027108639478683527,0.03619492053985601,0.03852665424346918
172.93636338611924,174.0574569780751,0.06175547838211062,0.026790171861648615,0.03599065542221069,0.03834033012390137
172.9869563027637,174.0655885188169,0.06157696247100827,0.0258847177028656,0.03598380088806152,0.03829342126846308
173.01076176610533,173.35362910322465,0.06151530146598819,0.025435388088226374,0.0360140204429627,0.038286030292510986
172.95651634998634,173.01118652191812,0.06139223277568817,0.0245741605758667,0.03604471683502203,0.03832203149795538
172.9164321639203,172.67730438091056,0.06130491197109217,0.023498445749282837,0.03600424528121954,0.03833037614822388
172.78064877609583,172.55519315219763,0.06140927970409388,0.022810071706771795,0.035882383584976196,0.03834718465805059
172.6456556027246,172.4512925022423,0.0613867342472077,0.02244696021080017,0.03575712442398071,0.03824937343597412
172.67688992246522,172.60537469418287,0.061092808842659024,0.02188098430633545,0.03578880429267889,0.03823667764663696
172.94081509208155,172.64350828612322,0.06082625687122348,0.021464437246322632,0.03575894236564631,0.03821694850921631
172.96896231495558,172.5973614547923,0.06076802313327789,0.021033108234405518,0.035741835832595825,0.03823363780975342
173.04616510335097,172.6135371737648,0.060806259512901306,0.020869404077529907,0.035802572965622004,0.03834384679794306
173.2280095226706,172.43323861165246,0.06138858199119568,0.0207569301128388,0.03579133749008173,0.0383513867855072
173.17795556237093,172.16687817291188,0.06237640976905823,0.02175316214561457,0.03578928112983709,0.03835949301719671
172.99497908757897,171.8007895833091,0.0627735704183579,0.023401319980621282,0.03579598665237421,0.03841689229011541
172.7269564297358,171.39020569353724,0.0640390515327453,0.02511411905288702,0.03575658798217779,0.03834560513496399
172.61155484254695,170.8543242945947,0.06477376818656921,0.027236789464950617,0.035758137702941895,0.038355916738510076
172.86539818417862,170.70704379225452,0.06525593996047979,0.02801352739334112,0.035750955343246404,0.03831997513771057
172.91846242555408,170.71046273988435,0.0656930357217789,0.028650581836700384,0.03570547699928278,0.038295239210128784
173.0914431814725,170.58376843343953,0.0656676143407822,0.02858719229698181,0.03569334745407099,0.03829279541969299
173.0854120431673,170.98820885583913,0.06479223072528836,0.028458625078201294,0.03575086593627935,0.038354396820068415
173.10284759924795,171.1066276613369,0.06311340630054468,0.027570128440856934,0.03591296076774603,0.03876316547393799
173.17385168337995,171.39744201310884,0.061176836490631104,0.026335924863815308,0.03591775894165039,0.039106488227844294
173.16795135734827,171.60161221986849,0.05966457724571231,0.025066465139389038,0.035951167345047,0.0391391515731811
173.43561932442367,171.76229540336928,0.05830870568752297,0.024175614118575994,0.03595063090324402,0.039239078760147095
173.29045186651342,171.92075565665266,0.057292446494102534,0.023482829332351685,0.03598436713218689,0.03938770294189459
173.21019549502128,171.95567625850032,0.057001546025276184,0.023192614316940308,0.035988956689834595,0.03965473175048828
173.07614193644437,172.0389186525948,0.0566968768835068,0.0226747989654541,0.036011636257171686,0.04010814428329462
173.09210162684977,171.97801530447077,0.05659143626689911,0.02250078320503235,0.03597217798233027,0.04029464721679682
173.01808845510078,172.09737783448108,0.056538164615631104,0.022418886423111017,0.035990893840789795,0.04041486978530878
172.95887074723728,172.42482745069887,0.056639164686203,0.02324500679969793,0.0359901487827301,0.04045239090919489
172.9475041535157,172.55786579235016,0.05706813931465152,0.023877054452896118,0.03593960404396057,0.04053997993469238
172.99489599589177,172.68757597811546,0.05750925838947296,0.02432063221931463,0.03589189052581793,0.04061266779899597
173.091717800704,172.78724232351215,0.057784438133239774,0.024858206510543768,0.03592041134834284,0.0406302809715271
173.13963227757577,172.87978311738337,0.058061465620994596,0.02554604411125183,0.035907089710235596,0.04065844416618347
173.23514584674277,173.04949910032363,0.0584118068218232,0.025953799486160334,0.035975694656372015,0.040644735097885076
173.31137433030509,173.3729270660535,0.05855683982372287,0.02624225616455078,0.03599110245704651,0.040724486112594604
173.3738412057055,173.4286916753146,0.05872800946235662,0.026486665010452326,0.0359748899936676,0.04064232110977167
173.4717474577584,173.51994828660563,0.05891136825084692,0.026790380477905273,0.0360148549079895,0.04055604338645935
173.5446288404316,173.65191202108855,0.0590699911117554,0.026878595352172907,0.03605625033378601,0.04049798846244812
173.5425824355735,173.9340849290078,0.05931846797466281,0.027005404233932495,0.03608611226081848,0.040439754724502563
173.60438726656957,174.12646529912809,0.059423565864563016,0.027037322521209772,0.0361317098140716,0.040400803089141846
173.61965709830724,174.33295415353018,0.05939131975173953,0.02716994285583496,0.03613552451133728,0.040393918752670344
173.5777213020318,174.41856654451107,0.05958008766174319,0.0273048877716065,0.036098599433898926,0.040341913700103704
173.62255691686562,174.4366538651676,0.05970846116542822,0.027358978986740112,0.0360837578773498,0.040408790111541804
173.63504407581283,174.46776924446013,0.05987134575843808,0.02734380960464483,0.03611016273498541,0.0405032336711883
173.50689630670252,174.5457036827626,0.06021496653556832,0.027303755283355713,0.03611117601394648,0.040502786636352595
173.32444111124894,174.52820964065654,0.06058342754840851,0.027335762977600098,0.036078572273254395,0.04050210118293762
173.22212280032647,174.56505839377843,0.060926228761672974,0.027309179306030273,0.0360298752784729,0.04049918055534363
173.13393875944948,174.5093322330169,0.06110900640487671,0.027140319347381592,0.03601059317588812,0.04049807786941528
173.09304685380624,174.58512555127018,0.061191275715828025,0.027142971754074097,0.035986959934234564,0.0405198335647583
173.10271018072228,174.70717157386582,0.06129592657089239,0.027221262454986572,0.03600463271141052,0.040576547384262085
173.1082952133176,174.84686438156575,0.061417296528816195,0.027043700218200684,0.0359824001789093,0.04060870409011841
173.09586072437477,174.92196769207914,0.06151655316352839,0.026510357856750433,0.03604081273078924,0.04065769910812378
173.17823239635223,175.0249848998739,0.061596438288688715,0.025365352630615234,0.036002963781356756,0.04063025116920471
173.24528638097567,175.26446196410697,0.061667457222938565,0.02369916439056402,0.03597909212112421,0.040597677230834905
173.25082550754556,175.05067869148002,0.061817482113838224,0.022134125232696478,0.03589746356010437,0.0405267477035523
173.34339883332166,174.55706873050306,0.06201161444187159,0.021846801042556707,0.03579995036125189,0.040379017591476496
173.348007234419,173.7544512955467,0.06228218972682961,0.021743357181549072,0.0356578528881073,0.04016920924186701
173.2964061188251,173.77515718247668,0.06259982287883759,0.021824181079864502,0.0356090664863587,0.0401233434677124
173.18000481346897,173.9248995387098,0.06295630335807809,0.02177119255065918,0.03551757335662842,0.04012250900268549
173.08329906648834,174.02183879898342,0.06315165758132937,0.02136269211769104,0.03538873791694641,0.04018747806549078
172.92292907064524,174.07956056083972,0.06336694955825811,0.020917564630508423,0.03530958294868469,0.040290176868438665
172.6672140427113,174.1564359639293,0.0634638965129852,0.02018240094184881,0.035250663757324274,0.040405929088592474
172.77573774436394,174.2332988902192,0.06347836554050454,0.019583880901336614,0.03538355231285095,0.04055577516555792
172.8679445549054,174.09963425209807,0.06394331157207492,0.018888622522354126,0.035591572523117065,0.040765732526779175
173.02774187100434,173.85588082240898,0.06425301730632779,0.0182839035987854,0.03564852476120001,0.04079777002334589
173.1560540424449,173.27241544216892,0.06448890268802651,0.017280131578445435,0.03569459915161127,0.04079955816268921
173.45586942391654,173.34462534415604,0.0646434277296066,0.01658031344413763,0.03587642312049871,0.04092949628829956
173.64329506304261,173.56534483981065,0.06482136249542239,0.016273200511932373,0.03608676791191101,0.04115226864814758
174.0163938286371,173.24849962106566,0.0649527907371521,0.01614657044410711,0.03615531325340271,0.04132407903671259
174.37926423669538,172.80280750450729,0.0653030127286911,0.015387147665023804,0.03613770008087158,0.04137054085731512
174.54192828815056,172.84215757001434,0.06578020751476288,0.015389800071716309,0.03611433506011963,0.04136607050895691
174.53876989888735,172.79421269912424,0.06617085635662082,0.015296608209609985,0.03621178865432739,0.041286915540695246
174.56831377771164,172.66012342689976,0.0665367841720581,0.015252798795700073,0.036166578531265314,0.04125562310218811
174.66483834416545,172.45841121609664,0.06711640954017642,0.01510000228881836,0.03606390953063959,0.0412352979183197
174.76844960544727,172.52294752587483,0.06766439974308017,0.014805495738983099,0.03607851266860962,0.041288495063781794
174.7625162677557,172.2391719362659,0.06821788847446439,0.01458293199539179,0.036022335290908813,0.04113379120826721
174.8826875403871,172.30442569430173,0.0684407651424408,0.014081299304962103,0.03600761294364929,0.04111325740814209
174.92209108151354,172.21311825618437,0.06881676614284513,0.013739228248596136,0.036039113998413086,0.0410678386688233
175.1260390341233,172.1871995126783,0.0691128522157669,0.013572424650192316,0.03607609868049627,0.04102367162704468
175.23012949087487,172.23808377186643,0.06937000155448919,0.013720631599426325,0.0361534059047699,0.040957242250442505
175.40797966230315,172.2578114016907,0.06972157955169672,0.014219969511032104,0.03626105189323431,0.040884256362915095
175.5527604337831,172.34990219501927,0.06985142827034,0.014422744512557983,0.036287128925323486,0.0408284068107605
175.62869604890182,172.3163831198772,0.07003471255302432,0.014528274536132757,0.03639289736747736,0.040782213211059626
175.66344332414687,172.2833971691814,0.07022459805011749,0.014687985181808472,0.03640222549438471,0.04079481959342951
175.66962083062998,172.44066850774738,0.07036620378494268,0.01517021656036377,0.03644570708274841,0.040844887495040894
175.57738215247497,172.4209384770069,0.07045760750770577,0.01565966010093689,0.036453455686569214,0.040860265493393
175.5268201987984,172.5155915205889,0.07049746811389929,0.015873223543167114,0.036440044641494695,0.040864795446395874
175.47231471151463,172.8370226252772,0.07063020765781397,0.01619288325309759,0.0363572239875794,0.040844857692718506
175.38924206568814,173.0562966545133,0.07067416608333582,0.016381800174713135,0.03632280230522161,0.04095593094825739
175.36967609117235,173.13025458950386,0.07070855796337128,0.01683670282363886,0.03628680109977722,0.04099160432815552
175.31318023399754,173.44474808492512,0.07070502638816833,0.017014503479003906,0.036288172006607056,0.04095789790153509
175.23363078339042,173.44973486919056,0.07071363925933838,0.017208456993103083,0.036286294460296686,0.04094278812408442
175.16886018139914,173.41934542003685,0.07070939242839808,0.01732513308525091,0.036282509565353394,0.04094809293746948
175.12552516955103,173.44578738745145,0.0708346217870712,0.0173952579498291,0.03622108697891241,0.04095706343650818
175.07845877714925,173.39447396280804,0.07094188034534457,0.0174360573291778,0.03615725040435791,0.04095256328582769
175.11453672745287,173.34883612194147,0.07125955820083618,0.01760837435722351,0.036120504140853826,0.0409432053565979
175.24756423917842,173.30120754131545,0.07155647873878479,0.018079817295074407,0.03605329990386963,0.040936946868896484
175.26765842355329,173.3965847888494,0.0719501525163651,0.018322825431823675,0.036004722118377686,0.040937453508377075
175.25123870717397,173.30354438932488,0.072232261300087,0.018852323293685858,0.03597462177276611,0.040930360555648804
175.28621723548497,173.17190147996064,0.07243672013282779,0.019796580076217596,0.03592339158058172,0.040946364402770996
175.26956343475845,173.1163134615567,0.07253102958202357,0.02051964402198786,0.03577879071235662,0.04085671901702881
175.34504407896154,173.0831452557533,0.07265546917915347,0.021589428186416626,0.0356864333152771,0.04084265232086187
175.46953647240397,173.31071605446832,0.07284769415855402,0.022894650697708185,0.035679250955581665,0.04084417223930353
175.62368975430974,173.37859393733174,0.07299381494522098,0.02345910668373108,0.03564822673797602,0.040830433368682806
175.60940499630595,173.24050773442607,0.07319295406341561,0.024317950010299683,0.03558993339538569,0.0407005250453949
175.64731631919412,173.09447509667453,0.07335539162158969,0.025319576263427734,0.035513043403625544,0.040537118911743164
175.61909675631335,173.06456836888285,0.07351887226104731,0.025944143533706665,0.035403907299041804,0.04038646817207331
175.68385464195214,173.03965654085698,0.0735864788293838,0.02727055549621582,0.03542390465736389,0.04042965173721308
175.76141488176637,172.8565777906521,0.0737910121679306,0.029062807559967097,0.03545057773590088,0.04039192199707031
175.81455165031292,172.58974218888272,0.07407853007316592,0.030901551246643066,0.03532102704048157,0.04021197557449341
175.85989127560148,172.5700341995864,0.07422083616256708,0.0320905447006225,0.03522142767906189,0.040056049823760986
175.8577546390474,172.1575448321615,0.0742927193641662,0.0336170494556427,0.035162866115570124,0.040011703968048096
175.78056995903228,171.87285380570466,0.07428799569606781,0.03516155481338501,0.0351532399654389,0.039921879768371527
175.59823189395576,171.79514350673395,0.07432632148265841,0.03682348132133478,0.03508985042572016,0.03986120223999029
175.4568728277912,171.81783672924243,0.07446266710758209,0.037917107343673706,0.03505024313926691,0.03980928659439087
175.40881910658683,171.64630686169693,0.0745789706707001,0.039502292871475275,0.03496319055557251,0.03973042964935303
175.35536347331816,171.99735677497344,0.07418657839298251,0.03988125920295721,0.03495797514915461,0.03965824842453003
175.2780417202491,171.95669467393134,0.0739296674728393,0.0406081378459931,0.03493916988372808,0.03960362076759333
175.314993084331,171.86234279464944,0.07398270070552829,0.0428489744663238,0.03503888845443731,0.03952604532241821
175.36188763834497,171.87058954564657,0.07376737892627719,0.044632688164711,0.03503891825675959,0.03950676321983332
175.3577025617527,171.89207969259684,0.0733795315027237,0.046698689460754395,0.03503680229187012,0.039493978023529
175.36269489710634,171.74720995135215,0.07309424877166748,0.04796476662158969,0.0349899828433991,0.0394403338432312
175.33862312500096,171.5544450381265,0.07255159318447121,0.04981541633605957,0.034959435462951605,0.03941062092781061
175.3655519161817,171.67150774944471,0.0718826949596405,0.05078153312206268,0.034905910491943415,0.03936943411827093
175.33024600911196,171.69424093414912,0.07164333760738378,0.0516908913850784,0.034901171922683716,0.03931483626365667
175.3488456087476,171.7319296583236,0.07159951329231268,0.052199855446815574,0.03488889336585993,0.03930196166038513
175.33526279762,171.86357919616418,0.07148911058902749,0.052523910999298096,0.03487721085548401,0.03929620981216431
175.26477536729516,171.81318669063216,0.071339026093483,0.05258004367351529,0.034849524497985784,0.03927260637283331
175.3401097953229,171.8810496292285,0.07124890387058261,0.052602499723434476,0.03483960032463068,0.03920850157737732
175.34078833904525,171.64968262936634,0.07133543491363531,0.052627518773078974,0.034742891788482666,0.039158374071121216
175.30923023185775,170.82300313781178,0.07160361111164099,0.052640080451965304,0.034536927938461304,0.039075702428817805
175.2988666903779,170.607077529739,0.0717618465423584,0.05242243409156799,0.0344704389572143,0.03902563452720642
175.28369526924172,170.63876456688874,0.0718279331922532,0.0522584468126297,0.03447598218917841,0.0389748215675354
175.28860028140747,170.5965789055898,0.07183559238910678,0.05224838852882388,0.0344732403755188,0.038930088281631414
175.3116629078393,170.4406275826202,0.07190284132957458,0.05215424299240112,0.03442296385765081,0.038853466510772705
175.2854001187368,170.36093735400792,0.07198026776313779,0.05187614262104037,0.03442755341529852,0.03884339332580561
175.35988479448739,170.30844384441966,0.07195836305618289,0.051422610878944425,0.03453144431114191,0.038990497589111384
175.36335410423723,170.08267283252044,0.07202428579330453,0.05096864700317391,0.03457581996917719,0.03904610872268677
175.33335400585028,169.54885368745272,0.07214917242527003,0.05084690451622009,0.034581720829010065,0.03905123472213751
175.34104779218137,169.47083336760684,0.07229140400886538,0.05067375302314758,0.03457614779472351,0.039040446281433105
175.4379484051201,169.40672041208762,0.07239177823066717,0.05018728971481318,0.03456765413284302,0.03901132941246033
175.4143360236819,169.40331481729012,0.07239679992198941,0.04926460981369021,0.03455138206481939,0.038970232009887695
175.50771674925946,169.43407001020887,0.07244324684143069,0.04890170693397522,0.0345447957515716,0.03892889618873596
175.46368946155258,169.51249803414805,0.07249526679515841,0.04866616427898407,0.03452694416046137,0.038881868124008234
175.28464784007122,169.75968269645873,0.07239806652069097,0.04779025912284851,0.0344968438148498,0.03886467218399048
175.24141353679798,169.94569783956126,0.07245184481143951,0.04658424854278559,0.034458100795745794,0.038893163204193115
175.22736598256355,170.0337358808531,0.07232758402824399,0.04589337110519412,0.034454733133316096,0.03894203901290888
175.25823307215444,170.08296569959433,0.07222279906272888,0.045911610126495306,0.03446346521377569,0.03904196619987488
175.37146778857658,170.1142790104591,0.0721875131130218,0.045859411358833396,0.03448361158370972,0.03907674551010132
175.39624632319607,170.1080542550903,0.07218669354915619,0.045419216156005915,0.03446328639984131,0.03907996416091919
175.4088883767652,170.0692826606862,0.07217706739902502,0.04479154944419861,0.03443872928619379,0.039072334766387884
175.4418688784504,170.12029640429841,0.07215267419815058,0.04425355792045588,0.03443047404289251,0.039049059152603205
175.56632000392514,170.2180486353287,0.0721643567085267,0.04369845986366272,0.034433215856552124,0.039025783538818304
175.62567557158,170.34155486494268,0.07221576571464541,0.04321771860122686,0.03442707657814026,0.039004355669021606
175.68160832166296,170.432787214672,0.07223635911941531,0.04273352026939392,0.03440439701080328,0.038997918367385864
175.69409591280004,170.51601146500624,0.07227098941802979,0.042659252882003784,0.034394592046737615,0.038983613252639715
175.73333981400793,170.65111452728652,0.07227304577827451,0.042555868625640814,0.0343922376632691,0.0389773845672608
175.77581096878043,170.77957700686542,0.07227274775505069,0.04253968596458435,0.03439295291900629,0.03896594047546381
175.72870940745364,170.88060632061885,0.0722975134849548,0.0425337553024292,0.034365445375442505,0.03895559906959539
175.70203717701628,171.01026207285977,0.07230964303016668,0.04247108101844793,0.03434938192367554,0.03892651200294489
175.61686861127214,171.0681457463604,0.07242992520332339,0.042416840791702215,0.0342684388160705,0.03883779048919683
175.63313290257176,171.1295915263891,0.07254658639431,0.042391777038574274,0.034240454435348566,0.03880205750465393
175.49478622508744,171.17012929889933,0.07264661788940432,0.04238623380661011,0.034189105033874456,0.03874450922012329
175.32185065271415,171.14675145342292,0.07276861369609833,0.04244273900985718,0.03411722183227539,0.03873473405838018
175.2338299547662,171.19894829032637,0.07296915352344507,0.04264682531356806,0.0339321494102478,0.038578808307647705
175.21362927811725,171.18035879082987,0.07313902676105499,0.042791604995727484,0.0338786244392395,0.03847131133079529
175.35177517634477,171.14410345644538,0.0732181370258331,0.0428105890750885,0.03385052084922796,0.038468360900878906
175.31020579350493,171.05007058094827,0.07333961129188538,0.042801022529601995,0.03382295370101923,0.038464516401290894
175.3356311256181,171.07754086233226,0.07340924441814431,0.04279479384422302,0.03376409411430359,0.03845486044883728
175.16754207825662,171.15310738343882,0.07341943681240082,0.04273971915245062,0.033717334270477295,0.038460373878479004
175.05823471585464,171.00759572923442,0.07342901825904852,0.04271203279495245,0.03371956944465637,0.038486927747726385
175.00919886256136,171.14048019617414,0.0734456330537796,0.042674243450164795,0.03372138738632202,0.03854098916053772
174.9720502573605,171.1930638463814,0.07350985705852509,0.04266336560249323,0.03373289108276373,0.03858643770217901
174.91414038875587,171.33757954000296,0.07355773448944089,0.04264882206916809,0.03372135758399969,0.03859835863113398
174.83587268832005,171.44486777361192,0.07349701225757599,0.042527854442596436,0.0337043702602387,0.03866174817085266
174.8151577930563,171.35132049918954,0.07356184720993036,0.042286366224288996,0.0337055921554566,0.038742244243621826
174.73064564632986,171.33993627573105,0.07365120947360992,0.042117416858673096,0.033697813749313354,0.03873738646507269
174.71784747078942,171.27768768523615,0.07382403314113622,0.04197978973388672,0.03369250893592829,0.03873550891876221
174.6970185602887,171.27272389958497,0.07394577562808988,0.041889697313308716,0.03367814421653753,0.03872823715209961
174.68528453788466,171.2920201169343,0.0740400701761246,0.041516661643981934,0.033672928810119684,0.03871229290962219
174.65458408531794,171.36905624965493,0.07487927377223969,0.041183024644851685,0.03363093733787531,0.038691103458404486
174.6362514141362,171.42929712482365,0.07637733221054083,0.041034370660781916,0.03366577625274658,0.03871077299118042
174.53994633084403,171.52612554150397,0.07787023484706879,0.04090705513954168,0.03370231389999384,0.0387113094329834
174.41972057399644,171.75607612437423,0.07874539494514474,0.04082751274108881,0.03370624780654907,0.038714796304702814
174.2836281246419,171.91940737788175,0.08037927746772769,0.04060012102127081,0.03369894623756403,0.03871482610702509
174.19096271093272,172.02683460747983,0.08216084539890287,0.040489971637725886,0.033660233020782526,0.038732171058654785
174.20383268840672,172.09178667520865,0.08355841040611267,0.04045218229293823,0.03364184498786921,0.038743793964385986
174.100866187091,172.03944204755732,0.08442124724388131,0.04041504859924322,0.0336408913135528,0.038726806640625
173.95306962689688,171.91980874861716,0.08543252944946289,0.0404030978679657,0.033609151840210016,0.03871175646781916
173.9621762494965,171.87371578585373,0.08628012239933011,0.04044446349143982,0.03353852033615118,0.03866267204284668
173.93618940060293,171.93735866846464,0.08752639591693881,0.04047030210494995,0.03349575400352478,0.038639634847640936
173.87278616740227,172.03371274756995,0.08850982785224917,0.04017463326454157,0.03349334001541143,0.03863373398780828
173.85429612193536,172.29285070740897,0.08929246664047241,0.03905558586120611,0.033453732728958185,0.03859111666679377
174.0500305707584,172.46150719190248,0.08957117795944211,0.03793707489967352,0.033434927463531494,0.03856483101844782
174.2485821285517,172.6343438597272,0.08957880735397342,0.03727146983146662,0.03342136740684509,0.03854209184646612
174.33308904874698,172.76451928047763,0.08961574733257299,0.03674319386482239,0.033415287733078,0.038529008626937866
174.42916172450194,173.03673870434545,0.08962178230285647,0.03555011749267578,0.033410847187042236,0.03849765658378601
174.57668786916318,173.41261656567684,0.08956079185009011,0.03480461239814764,0.03343683481216431,0.03846418857574457
174.8284598129077,173.7411694551059,0.0895459204912186,0.03402212262153631,0.03345504403114319,0.038478583097457886
174.92436229321154,173.95927435994741,0.0895296931266785,0.0335029661655426,0.03345420956611633,0.03838342428207403
174.93308458643938,173.9980648443662,0.08950324356555939,0.033062577247619684,0.0334433913230896,0.03836148977279663
174.97335159667725,174.26628647523168,0.08933830261230472,0.032301068305969294,0.03347247838973999,0.03837388753890991
174.86787350686265,174.4414619646641,0.08925531804561618,0.03148108720779419,0.033484965562820435,0.038334757089614924
174.7947651823315,174.50907705417578,0.08916601538658142,0.030876874923706,0.03348925709724426,0.038328856229782104
174.79523117694404,174.428935341701,0.08903621137142181,0.0308940708637237,0.03351745009422297,0.03830844163894659
174.79811931422012,174.1314569656865,0.08898328244686132,0.030777543783187866,0.033490300178527777,0.03827503323554993
174.7397263490703,173.75503864622866,0.088897168636322,0.03078979253768921,0.03342422842979431,0.038212269544601496
174.72756901185187,173.60043780502937,0.08869729936122892,0.030818462371826116,0.03336289525032049,0.038168698549270685
174.68490118512807,173.5129204853875,0.08872020244598391,0.031087517738342285,0.033160001039505005,0.037959873676300104
174.70667107024377,173.43316560605865,0.08884215354919439,0.031144917011260986,0.033021003007888794,0.03781738877296453
174.73921657879106,173.5600749439203,0.08880643546581268,0.031257897615432795,0.0329586267471314,0.0377657413482666
174.93176795199014,173.9281500116023,0.0879826247692109,0.03126218914985651,0.032983243465423584,0.03776705265045166
174.9470171096363,174.19297770799605,0.08651624619960788,0.031369209289550726,0.03295490145683283,0.03771218657493597
175.22370997283014,174.3413824419068,0.08482609689235687,0.03143060207366949,0.03294268250465393,0.0376969575881958
175.22938556169572,174.5006586661326,0.08385752141475677,0.031473428010940496,0.03293943405151373,0.037698894739151
175.18183519152964,174.54388377832888,0.08336086571216589,0.0314794778823852,0.032931506633758545,0.037691682577133234
175.19979741484482,174.7001540652458,0.08296999335289001,0.03151240944862371,0.03294003009796137,0.03769618272781372
175.15869701350647,175.1429305249397,0.08262903988361359,0.03152874112129206,0.03307175636291504,0.037841469049453735
174.8968181383899,175.47989361640523,0.08230723440647128,0.031475365161895696,0.03318655490875244,0.03796613216400152
174.85558409174843,175.4512352817195,0.08207182586193087,0.03139215707778931,0.0332553386688233,0.03804057836532593
174.9154223121412,175.45689025325416,0.08205689489841461,0.03138613700866694,0.03328156471252436,0.038075745105743464
174.93089774500945,175.48319166820232,0.08201797306537631,0.0314008891582489,0.03331643342971802,0.03810262680053711
174.95726129208728,175.4564556130372,0.08211685717105871,0.03149721026420599,0.03332620859146118,0.038145214319229126
174.96233852977784,175.39104924425155,0.08209900557994848,0.031734794378280695,0.03334566950798035,0.03819605708122248
174.97964790087866,175.24711540000848,0.08200977742671967,0.03203824162483221,0.033379435539245605,0.03822511434555054
175.01799203944782,175.08317058101076,0.08166956901550299,0.032461017370224,0.03340998291969299,0.03825375437736511
175.0295548439825,174.84903538593457,0.0810201168060303,0.03225401043891907,0.03354549407958979,0.03840711712837219
175.00731305178073,174.84193605996265,0.08044514060020452,0.03186389803886419,0.033754706382751465,0.0385178923606872
175.02950264831765,174.44026611632006,0.0799615681171418,0.0315876305103302,0.033772617578506414,0.03859966993331915
175.0429365800941,174.3529769838557,0.0797486901283265,0.03130567073822016,0.033827841281890814,0.038748592138290405
175.0056325771503,174.19212360346333,0.07945525646209722,0.030966192483901978,0.033838242292404175,0.038803040981292725
174.91045111476157,174.13174674481968,0.07920433580875397,0.030665874481201116,0.03382334113121033,0.03864887356758118
174.81969158279392,174.01395488560394,0.07918025553226471,0.03051260113716131,0.033777445554733276,0.038596272468566895
174.7250837896667,173.97207466030488,0.079232782125473,0.030435085296630804,0.03370869159698492,0.03855979442596441
174.70175655752755,173.94832612802836,0.07923595607280737,0.03029611706733709,0.0337253212928772,0.038504004478454534
174.73813639007804,173.95740265458764,0.07875397801399228,0.029940903186798096,0.03373414278030401,0.03861522674560547
174.76229051280853,173.87657216774647,0.07886806130409241,0.029865413904190008,0.033703237771987915,0.03864911198616028
174.79602610428813,173.81592184003892,0.07866886258125314,0.0299433171749115,0.03365811705589289,0.0386732816696167
174.78578398437074,173.7033097798406,0.0785128325223923,0.030140876770019587,0.03360643982887268,0.03851974010467529
174.84631605872414,173.66851815850646,0.07831649482250208,0.03007063269615179,0.03365042805671692,0.0384261012077331
174.83317331948064,173.5760712960542,0.0781140178442001,0.02998575568199152,0.033644974231720026,0.038421958684921265
174.83597436229567,173.42751240168116,0.0780482888221741,0.029959559440612793,0.03360256552696228,0.03840959072113037
174.6918216090513,173.43744682616435,0.07803523540496829,0.030147910118102972,0.03359654545783991,0.03837838768959051
174.47683240077686,173.43019910240716,0.0779062807559967,0.03001880645751953,0.0336319506168366,0.03829202055931086
174.45556052393127,173.35630112089862,0.07785603404045108,0.030128747224807684,0.033692628145217896,0.03829178214073181
174.4215756148688,173.42531943430515,0.07782468199729922,0.030281364917755127,0.03371775150299067,0.038293629884719904
174.52025844653835,173.48797220647253,0.0780505239963531,0.030646443367004395,0.033549815416336115,0.03817859292030329
174.55405171750138,173.5536974001733,0.07835511863231662,0.03121203184127802,0.03334644436836237,0.038101911544799805
174.56158872504923,173.54041786673014,0.07857327163219452,0.0317155122756958,0.033133298158645574,0.03797701001167303
174.56954553557387,173.56534048764073,0.07892055809497842,0.03222343325614929,0.032996982336044256,0.03784492611885071
174.55856056906202,173.43729443611613,0.07915560901165011,0.03280282020568842,0.03285270929336548,0.0377627313137055
174.5477664060038,173.1715143077616,0.07933220267295837,0.03315505385398859,0.0327359139919281,0.0376982986927033
174.43668666010245,172.66049982491057,0.0794146507978439,0.03336900472640986,0.03259184956550598,0.0375951230525971
174.37262496060097,172.4311134792197,0.07937176525592798,0.0334631204605102,0.032569110393524225,0.037615716457367
174.42300835666072,172.37547373488286,0.0792390257120133,0.033500611782073975,0.03255718946456909,0.03762152791023249
174.54319233361215,172.25973190449668,0.079116702079773,0.03391468524932861,0.032561540603637695,0.03768804669380188
174.55093724103824,172.11464228437282,0.07908302545547491,0.03436911106109619,0.03257572650909418,0.03773766756057739
174.67539801047405,172.06358611435883,0.07905806601047519,0.0348943173885346,0.032569885253906306,0.03772649168968201
174.69291073811684,171.83298726766392,0.0789403915405274,0.035498231649398804,0.032307207584381104,0.037678599357605036
174.8200774670793,171.47212551585804,0.0780835449695588,0.035474032163619995,0.03195995092391962,0.03748232126235962
175.03231274272136,171.40185914310905,0.07797977328300482,0.03548115491867071,0.031837701797485296,0.03741329908370972
175.0997426597258,171.03100338700173,0.07793183624744421,0.035845160484313965,0.031816720962524414,0.037287622690200806
174.78333574984487,171.004836411836,0.07775497436523432,0.03688287734985346,0.031829655170440674,0.0372559130191803
174.76987793842713,171.1557826596456,0.07747988402843484,0.03815606236457819,0.031848758459091187,0.03721460700035101
174.90713828942623,171.10439752849854,0.07713949680328366,0.03920593857765203,0.03187626600265503,0.03724217414855957
175.0791497412643,170.79803773784988,0.07664789259433749,0.04054638743400568,0.03189870715141291,0.037247419357299805
175.20705862510542,170.7626982531047,0.0759309828281402,0.04165135324001312,0.03194147348403931,0.03733313083648676
175.3477531285672,170.65217562797147,0.0748022198677063,0.04224094748497012,0.03197693824768072,0.03735378384590149
175.31310277395156,170.8041409827304,0.0739356875419617,0.0426692515611648,0.03199145197868347,0.03737032413482666
175.3999263295066,170.80529470400023,0.07334481179714211,0.042948946356773404,0.032026648521423284,0.03737321496009821
175.34260354812213,170.94110291298037,0.0729138702154159,0.0432269424200058,0.03206738829612732,0.037383139133453314
175.30738495457726,171.08125241901863,0.07214117050170898,0.04345555603504181,0.03212669491767883,0.03740009665489191
175.38270097195195,171.1454741149188,0.07133050262928009,0.043951541185379,0.03220087289810181,0.03741076588630682
175.37453834845076,171.42087640677724,0.0709718912839889,0.04432252049446109,0.032232582569122314,0.03741851449012762
175.35901572442444,171.4236039625227,0.0708573609590531,0.044731855392456,0.032337963581085205,0.03745079040527349
175.40848294048428,171.42197001901238,0.07028847932815549,0.04498493671417239,0.03246867656707764,0.03751984238624573
175.46907017893966,171.5271164384621,0.06952595710754389,0.045144379138946505,0.032504975795745905,0.03749346733093267
175.42700958218032,171.54946086820985,0.06912067532539362,0.04523198306560519,0.03253802657127386,0.03747802972793579
175.5043559215361,171.7901842326561,0.06852647662162789,0.04522551596164709,0.032559335231781006,0.03748476505279541
175.5104118695098,172.13715022957544,0.0684102475643158,0.04521393775939947,0.032586812973022516,0.037487089633941595
175.53699001685666,172.24446450965382,0.06834821403026581,0.04518666863441462,0.03264427185058599,0.037530601024627686
175.49446864689236,172.3187441556184,0.0682369023561478,0.04507501423358912,0.03272324800491333,0.03759264945983887
175.45385762894975,172.32107688563838,0.06825196743011477,0.044990524649620084,0.032726168632507324,0.03750193119049072
175.37743549152384,172.34250469409926,0.06821492314338679,0.04487971961498269,0.03274989128112793,0.0374723076820373
175.26995291706876,172.17439378743865,0.06821741163730621,0.04477182030677801,0.032756507396698,0.03737527132034302
175.20746886493973,171.98248823412348,0.06807312369346621,0.04475325345993039,0.032735198736190796,0.037311851978302
175.1489789721746,172.0095526161491,0.06802980601787573,0.04468461871147161,0.03270497918128967,0.03726309537887568
175.1005847508856,171.86589446258998,0.06790037453174591,0.04434908926486969,0.03269258141517639,0.03716936707496643
175.05137822422606,171.9375282868665,0.0678948312997818,0.04402238130569461,0.03269064426422119,0.037142723798751776
175.0109701064513,171.78840926305247,0.06823223829269409,0.04379564523696902,0.03269335627555853,0.037143260240554754
174.97939769087333,171.77609567280487,0.0684067308902741,0.043566644191741916,0.03269782662391657,0.03707870841026312
175.0575562708181,171.94268078715046,0.06867896020412448,0.043149486184120234,0.032807856798172,0.03700494766235346
175.27000524845633,172.22015347451284,0.06874960660934451,0.04264773428440102,0.032995373010635376,0.037009537220001165
175.3670373357095,172.2077093486308,0.06886675953865051,0.0423050671815873,0.03302031755447388,0.03693974018096918
175.36992668970328,172.1179789987689,0.06938579678535461,0.04190021753311163,0.03308120369911188,0.03690400719642639
175.43487086266066,171.8596872090059,0.06957367062568673,0.041303083300590515,0.03333643078804016,0.03692677617073059
175.41933732555884,171.966273313907,0.06917959451675423,0.04079042375087738,0.03362581133842468,0.036957174539566096
175.3775294105253,171.82351045355048,0.0688811391592026,0.04060751199722293,0.03378203511238098,0.03693860769271845
175.31779099352224,171.91362403483987,0.06898058950901029,0.0404764860868454,0.03377830982208252,0.036896973848342896
175.1277740278236,171.81387080644515,0.0692315101623536,0.0404301136732102,0.03378191590309143,0.03663459420204157
175.06668614985387,171.7632316747982,0.06953425705432889,0.04023545980453491,0.033803641796112116,0.0365423858165741
174.8512145620595,171.82426670263263,0.06947636604309079,0.039553105831146185,0.0340079665184021,0.036622375249862726
174.82801140926406,171.48525914118008,0.06953629851341248,0.03880661725997919,0.034057736396789606,0.03655323386192327
