left_elbow_angle,right_elbow_angle,shoulder_alignment,left_shoulder_hand_alignment,right_shoulder_hand_alignment
170.9178628734382,178.6524840585263,-0.01960134506225586,-0.03312087059020996,-0.03647333383560181
168.0622212105095,177.24510577410732,-0.016415119171142578,-0.030080676078796387,-0.03509199619293213
165.6083727543892,175.12928744817344,-0.014176487922668457,-0.028118252754211426,-0.03459399938583374
164.811692277135,173.83271521166975,-0.013168752193450928,-0.027592599391937256,-0.03433138132095337
164.5871499531998,172.26263278424346,-0.012767612934112549,-0.027313709259033203,-0.03406912088394165
164.36311237256692,171.84281463021878,-0.012596368789672852,-0.027305543422698975,-0.03394418954849243
164.00484353149324,171.6658521145899,-0.012464165687561035,-0.0273246169090271,-0.03393363952636719
163.837099002997,171.6296209922951,-0.012344419956207275,-0.027331888675689697,-0.03390246629714966
163.73583621951232,171.65416099984245,-0.012285888195037842,-0.027449429035186768,-0.03369981050491333
163.2365930330579,171.3995257153324,-0.011759698390960693,-0.027329623699188232,-0.033471882343292236
162.8848532432634,171.39507313628653,-0.011379420757293701,-0.027218759059906006,-0.03329658508300781
163.55770404228372,171.65156206673322,-0.011181116104125977,-0.02741372585296631,-0.032986342906951904
163.33890125827162,171.67380325442184,-0.011066079139709473,-0.0282362699508667,-0.03290224075317383
162.91113046096766,172.02096632465592,-0.010878145694732666,-0.02909862995147705,-0.03353363275527954
162.4481284252849,173.02813278456847,-0.0106431245803833,-0.030013203620910645,-0.0366436243057251
162.184380824534,173.6106697481862,-0.010645389556884766,-0.031657278537750244,-0.04130268096923828
163.0790240191186,174.07982341277642,-0.010886430740356445,-0.033529460430145264,-0.04509329795837402
165.1909759954335,174.83067757053297,-0.010639846324920654,-0.035872578620910645,-0.0503077507019043
168.91585654608744,174.18591169456994,-0.009723901748657227,-0.037515878677368164,-0.05595678091049194
171.35810811624302,174.1759842855053,-0.009398102760314941,-0.0387798547744751,-0.05849719047546387
172.3337563523899,175.34164630759776,-0.009211063385009766,-0.040132224559783936,-0.06089383363723755
171.9777964871984,175.87511123358473,-0.008873045444488525,-0.0405200719833374,-0.06287229061126709
171.3984248555179,176.01429914070832,-0.008343040943145752,-0.04103362560272217,-0.0641481876373291
171.24179158803068,176.07065371402317,-0.008216142654418945,-0.04114025831222534,-0.06477880477905273
171.7407170185403,176.23463422018804,-0.008105039596557617,-0.040974974632263184,-0.0647435188293457
171.80101242456342,176.3300862891692,-0.008079171180725098,-0.0408899188041687,-0.06441015005111694
171.78631588393182,176.39868253503457,-0.008174300193786621,-0.04097253084182739,-0.06419354677200317
171.66364325673786,176.51434879308093,-0.00817638635635376,-0.040924072265625,-0.06404685974121094
170.60804190620755,176.7586577611536,-0.008645892143249512,-0.04119664430618286,-0.06354779005050659
170.02622018633787,177.0492116662796,-0.008840322494506836,-0.04107457399368286,-0.06315362453460693
169.67955227245054,176.92550181380932,-0.009663164615631104,-0.040919363498687744,-0.06247866153717041
170.11347974146065,177.14440450567164,-0.010342180728912354,-0.04073822498321533,-0.06211322546005249
170.4970828929906,177.54272648859794,-0.010493457317352295,-0.04057043790817261,-0.06223326921463013
170.54107464089492,177.80453375127394,-0.01086282730102539,-0.040472567081451416,-0.06191033124923706
170.6835779713986,177.84373174708352,-0.011191844940185547,-0.04033428430557251,-0.061650872230529785
170.97916291756866,177.9292022918751,-0.011420726776123047,-0.04037731885910034,-0.06155049800872803
171.18165931364774,178.0424151573475,-0.011630833148956299,-0.04054546356201172,-0.061661362648010254
171.44879236898544,178.10738105922857,-0.011680305004119873,-0.04079550504684448,-0.06161147356033325
171.60930984662696,178.2155292198893,-0.011218786239624023,-0.04070413112640381,-0.06132584810256958
170.94943733154602,178.5217946160383,-0.011156022548675537,-0.040682077407836914,-0.06105417013168335
170.65633821879285,178.6394614114801,-0.011282145977020264,-0.04066044092178345,-0.06013083457946777
170.98149369123095,178.00975312964937,-0.012457966804504395,-0.04146432876586914,-0.05996745824813843
169.83493464131996,177.56284957969098,-0.012354671955108643,-0.041131019592285156,-0.061085522174835205
170.01178057499598,178.30003276318078,-0.013525545597076416,-0.042346060276031494,-0.06239718198776245
171.6946933752958,178.58525905187483,-0.014762639999389648,-0.039948105812072754,-0.06269717216491699
174.3961972074703,179.53234486516735,-0.017194807529449463,-0.03709763288497925,-0.061839401721954346
175.6453630346893,179.9555340291102,-0.018739521503448486,-0.03482931852340698,-0.06161576509475708
175.13350477157468,179.6677582209091,-0.01933389902114868,-0.03360217809677124,-0.06057536602020264
174.8532551774665,179.50385682744258,-0.019112586975097656,-0.0326116681098938,-0.06064009666442871
174.24310618027286,179.44761567886908,-0.018995940685272217,-0.03212958574295044,-0.05981302261352539
172.45630578265119,179.8822471744928,-0.01771259307861328,-0.03103727102279663,-0.058648884296417236
171.2143221911616,179.4927194544104,-0.015718162059783936,-0.02913832664489746,-0.057061195373535156
169.68451651716794,179.29925895324382,-0.014622688293457031,-0.028694629669189453,-0.0561407208442688
168.81109035850014,178.26622778878803,-0.014051616191864014,-0.028917551040649414,-0.056333720684051514
168.4297812801358,177.4707552140677,-0.013926982879638672,-0.030269920825958252,-0.0564194917678833
167.8453558843262,177.65081463233665,-0.01273953914642334,-0.03148031234741211,-0.057111501693725586
166.36272780857183,178.79077004904894,-0.01214742660522461,-0.03354513645172119,-0.05759340524673462
165.6320352717885,179.6951566669937,-0.012019097805023193,-0.03538393974304199,-0.058206915855407715
164.83845310499672,178.96700365062193,-0.012080490589141846,-0.03660941123962402,-0.05832260847091675
164.65543450734978,177.97752463136206,-0.012201070785522461,-0.03851515054702759,-0.05846381187438965
165.07873925962357,177.1665326728893,-0.012494087219238281,-0.04033923149108887,-0.058704912662506104
164.9179550667708,177.00809121705305,-0.012896835803985596,-0.041689157485961914,-0.05882382392883301
164.75860884792155,176.83570557030743,-0.013175368309020996,-0.04259222745895386,-0.05844837427139282
165.11668357153647,176.69896296235788,-0.014087438583374023,-0.04375922679901123,-0.058229148387908936
166.1964794030713,176.17703424384422,-0.013925313949584961,-0.044077515602111816,-0.05694270133972168
167.36869101651968,175.9830854754616,-0.013953566551208496,-0.044438838958740234,-0.056179583072662354
168.60711241696808,176.05816252511812,-0.013944029808044434,-0.04479306936264038,-0.056132972240448
169.16395801564934,176.10900614534953,-0.013903558254241943,-0.045046448707580566,-0.05612605810165405
170.26465444668895,176.45164375318694,-0.013948142528533936,-0.04544079303741455,-0.056284308433532715
170.83709979467403,176.74337374412255,-0.013827323913574219,-0.04560798406600952,-0.05652451515197754
170.9668977418876,177.11045059419234,-0.013806402683258057,-0.04533648490905762,-0.05703240633010864
170.76107958006878,177.97249821104865,-0.013697326183319092,-0.04547840356826782,-0.05937039852142334
170.9958224541212,178.28433744045782,-0.013393163681030273,-0.045641541481018066,-0.061357200145721436
171.46378524806852,177.8793966351695,-0.013952016830444336,-0.046189725399017334,-0.06210315227508545
171.69467660634675,176.55631227861267,-0.013950228691101074,-0.047074854373931885,-0.06319653987884521
172.9148525676242,175.56153054683315,-0.014000356197357178,-0.048380136489868164,-0.06499844789505005
172.9759557142971,175.18372001917973,-0.014119982719421387,-0.04951286315917969,-0.06598842144012451
172.59078686843745,174.884270987217,-0.014602601528167725,-0.05206143856048584,-0.06779086589813232
172.86527431478464,174.12054104141802,-0.014935314655303955,-0.052986204624176025,-0.06986582279205322
172.6941004127363,174.75709419877813,-0.014873206615447998,-0.05365645885467529,-0.07294595241546631
172.63092666940523,174.7188318207142,-0.014433085918426514,-0.05527818202972412,-0.0751504898071289
174.23607258361886,175.4589974072346,-0.014421403408050537,-0.05688256025314331,-0.07794970273971558
176.13822958501868,175.41862146642407,-0.014290809631347656,-0.05807989835739136,-0.07923650741577148
177.35058564713748,175.99263123544551,-0.01440894603729248,-0.058372676372528076,-0.08031207323074341
178.92524088858377,176.1212223075955,-0.014036178588867188,-0.05822598934173584,-0.08180153369903564
179.3222529243829,176.07584124511737,-0.013945698738098145,-0.05825382471084595,-0.08294516801834106
179.15036549840178,176.11615451188183,-0.014163792133331299,-0.058248162269592285,-0.08374154567718506
179.0332461713609,176.1546773068385,-0.01420438289642334,-0.05830448865890503,-0.08437925577163696
178.70525911438716,176.1356888785447,-0.014263749122619629,-0.05862504243850708,-0.08473140001296997
178.41036189647738,174.4786494569154,-0.014449536800384521,-0.05924350023269653,-0.08469611406326294
178.68251990034526,172.68725610604884,-0.014537811279296875,-0.060525596141815186,-0.08501327037811279
179.18451253832754,171.81098603207985,-0.01420605182647705,-0.061987102031707764,-0.08511734008789062
178.7558852868743,171.33744045690318,-0.01336658000946045,-0.06460237503051758,-0.08523249626159668
177.2179228009002,170.5015186491117,-0.012336790561676025,-0.06543231010437012,-0.08564823865890503
175.29423549551572,170.41781812290913,-0.011902034282684326,-0.06688070297241211,-0.08602315187454224
173.31217767130607,170.04743548109215,-0.011344373226165771,-0.06838619709014893,-0.0866057276725769
172.81306168429379,170.16183903693423,-0.010804891586303711,-0.07023370265960693,-0.08695316314697266
173.3243063056033,170.20548236189794,-0.010688066482543945,-0.07158327102661133,-0.08705508708953857
173.98890607717397,170.73762456103952,-0.010663628578186035,-0.07247388362884521,-0.08691275119781494
174.4723317870565,171.93369098050232,-0.01020878553390503,-0.07304120063781738,-0.08654868602752686
174.5470430628906,174.11945654183685,-0.009347796440124512,-0.07334232330322266,-0.0870659351348877
174.6884972252448,175.91242900701815,-0.008596479892730713,-0.073505699634552,-0.0851793885231018
175.71493420977478,176.67961172911455,-0.008212149143218994,-0.07349240779876709,-0.08300310373306274
176.4382345008323,176.35009704358035,-0.0075865983963012695,-0.07273781299591064,-0.07985061407089233
177.19990040490043,176.12743746720815,-0.006581485271453857,-0.07224375009536743,-0.07876557111740112
177.78704233314647,177.2856324412549,-0.006358623504638672,-0.07162314653396606,-0.07686471939086914
178.17747817436688,178.04487875297562,-0.006033658981323242,-0.07127624750137329,-0.07596135139465332
178.1775717200442,178.67985944175078,-0.005813002586364746,-0.07114052772521973,-0.0751718282699585
178.01145862709274,178.97574036941725,-0.005768537521362305,-0.07122504711151123,-0.07535660266876221
177.4786021771425,179.0849328017278,-0.0054648518562316895,-0.07185876369476318,-0.07553577423095703
176.65460328852333,179.20973287974098,-0.005114912986755371,-0.07257604598999023,-0.0763433575630188
175.90674259951695,179.18539850551082,-0.0047383904457092285,-0.0732264518737793,-0.07717710733413696
175.39013788088565,179.22264672094414,-0.0043089985847473145,-0.07447201013565063,-0.07814985513687134
174.8533473373146,179.3020354670627,-0.0037464499473571777,-0.0751911997795105,-0.07988423109054565
174.63813806848447,179.1636763363814,-0.003240227699279785,-0.07577395439147949,-0.08103835582733154
174.64720405247607,178.97792437985717,-0.00317227840423584,-0.0760919451713562,-0.08155936002731323
174.76811522458868,178.92181469599515,-0.0031446218490600586,-0.07636779546737671,-0.0817561149597168
174.76424566480466,178.42484552593754,-0.002989530563354492,-0.07647186517715454,-0.082053542137146
174.9573268846146,178.45558202354093,-0.002983987331390381,-0.07647562026977539,-0.0822136402130127
175.167867919177,178.23094081709866,-0.002978026866912842,-0.07646763324737549,-0.08226937055587769
175.38722425923834,178.30690426749808,-0.0029175281524658203,-0.0764877200126648,-0.08262211084365845
175.35122622683474,178.28253621638567,-0.0029549598693847656,-0.07679647207260132,-0.08282202482223511
175.29808548016172,178.24942438709778,-0.0028792619705200195,-0.07694512605667114,-0.0830959677696228
175.2184707731628,177.99495074842068,-0.0029231905937194824,-0.07721644639968872,-0.08330237865447998
175.10208686092747,178.35932551317478,-0.0029807090759277344,-0.07732558250427246,-0.08400779962539673
174.97627256207215,178.55457494585917,-0.003016650676727295,-0.0771864652633667,-0.08438378572463989
174.90137617225585,178.44260186740698,-0.003268897533416748,-0.07716143131256104,-0.0848880410194397
174.85280426436728,178.5994333095476,-0.0033638477325439453,-0.07716673612594604,-0.08582216501235962
174.84046337179547,179.09025550635184,-0.0034164786338806152,-0.07719755172729492,-0.08662986755371094
174.90640707354416,179.32071892307422,-0.0034563541412353516,-0.07723885774612427,-0.08686041831970215
174.95123140863893,179.3123705726896,-0.0034773945808410645,-0.07732486724853516,-0.08686554431915283
174.99777215398368,179.19457936369054,-0.003452301025390625,-0.07736790180206299,-0.08694279193878174
175.1218286055174,179.11304228267383,-0.0032194852828979492,-0.07735061645507812,-0.08707839250564575
175.25495568652462,178.91069515011625,-0.002841949462890625,-0.07745516300201416,-0.08714818954467773
175.42367953264116,178.97394283049096,-0.0027506351470947266,-0.0776209831237793,-0.08703440427780151
175.43958140182596,178.99755206745976,-0.0027344226837158203,-0.07760041952133179,-0.0868602991104126
175.56754152614636,179.05054958155122,-0.0028241872787475586,-0.07759302854537964,-0.0866391658782959
175.6804763366405,179.1013367080559,-0.0027170777320861816,-0.07763421535491943,-0.08663791418075562
175.9613897352984,179.40546789259153,-0.0032427310943603516,-0.0778152346611023,-0.0861462950706482
176.0118839727715,179.48798979039194,-0.003453552722930908,-0.07781928777694702,-0.08593767881393433
176.12134094290235,179.62228812363637,-0.0036844611167907715,-0.07778000831604004,-0.08563512563705444
176.3147778296694,179.63207869263618,-0.003862440586090088,-0.0777096152305603,-0.08466458320617676
176.52147404307104,179.9308048452244,-0.0038314461708068848,-0.07758861780166626,-0.08421295881271362
176.5217570186313,179.97970639874512,-0.0039008259773254395,-0.07745260000228882,-0.08409106731414795
176.5571130753776,179.966369861216,-0.004025816917419434,-0.07742863893508911,-0.08391702175140381
176.5189064294374,179.92496646261154,-0.0044171810150146484,-0.07741588354110718,-0.08320951461791992
176.54234033784283,179.8151173496604,-0.004449188709259033,-0.0773693323135376,-0.08250594139099121
176.4584039470005,179.35027465165743,-0.00434112548828125,-0.07718425989151001,-0.08156371116638184
176.43371774706387,179.15033849835226,-0.004304647445678711,-0.07708019018173218,-0.08127552270889282
176.30784789131565,178.58040671452923,-0.004386782646179199,-0.0768136978149414,-0.07971715927124023
176.30454374853886,177.95513011682297,-0.004419088363647461,-0.07650893926620483,-0.07828402519226074
176.40739970185075,177.26337508244964,-0.004525721073150635,-0.07603532075881958,-0.07663649320602417
176.67499497676073,176.93493820568358,-0.004546821117401123,-0.07579797506332397,-0.07580119371414185
176.8989830787281,176.97393085500747,-0.0046425461769104,-0.07533901929855347,-0.07543766498565674
176.71657070798543,177.0599211272609,-0.00457388162612915,-0.07403886318206787,-0.07526075839996338
176.88260191023377,176.80868313974,-0.004582703113555908,-0.07279711961746216,-0.07467079162597656
177.90296694844437,176.78304315547823,-0.004561722278594971,-0.07198351621627808,-0.07438033819198608
179.92826418245787,176.5513601287388,-0.004566609859466553,-0.07136744260787964,-0.07392311096191406
178.971325758432,176.38817330139415,-0.004376709461212158,-0.07104331254959106,-0.07400864362716675
178.61048051073342,176.03558473437397,-0.004148006439208984,-0.07086890935897827,-0.07405978441238403
178.53043369286237,175.7617122168554,-0.0042130351066589355,-0.07065415382385254,-0.07404202222824097
178.56685812953324,175.692720965576,-0.004258990287780762,-0.0704450011253357,-0.0739060640335083
178.5392845499652,175.83264645365406,-0.004259705543518066,-0.07030338048934937,-0.07386553287506104
178.62143366742873,175.81045978872916,-0.004257917404174805,-0.06998187303543091,-0.0736575722694397
178.67705822492155,175.94756363651243,-0.0042035579681396484,-0.06981998682022095,-0.07365643978118896
178.9226226270143,175.87838471319117,-0.0041356682777404785,-0.06963324546813965,-0.07327359914779663
179.00496268482738,176.18087218714822,-0.0040683746337890625,-0.06949782371520996,-0.07314741611480713
179.24046358109277,176.42977348261257,-0.003992259502410889,-0.06941395998001099,-0.07305234670639038
179.35648507897366,176.60888083256825,-0.003948867321014404,-0.06939166784286499,-0.07265079021453857
179.38407114779815,176.41942511774,-0.0039234161376953125,-0.0693659782409668,-0.07196086645126343
179.4699168836172,176.60944109641616,-0.0038051605224609375,-0.06937187910079956,-0.07140320539474487
179.58059300306726,176.54585331845723,-0.0037336349487304688,-0.06926590204238892,-0.07075893878936768
179.6168328276129,176.4541415742137,-0.003720104694366455,-0.06933867931365967,-0.07056295871734619
179.71855531825585,176.42560406140475,-0.0036165714263916016,-0.06938958168029785,-0.07049810886383057
179.78790935342252,176.48776187638026,-0.0034478306770324707,-0.06960588693618774,-0.07010191679000854
179.33602778038966,176.5461339000626,-0.0030663013458251953,-0.06987965106964111,-0.06938755512237549
179.0887296217346,176.60671914116008,-0.0027754902839660645,-0.07006669044494629,-0.06917881965637207
178.85318544281776,176.71775902501145,-0.0026373863220214844,-0.07007068395614624,-0.06889480352401733
178.83800379182333,176.87899815304033,-0.002601325511932373,-0.07009673118591309,-0.06890213489532471
178.64197204491975,176.79232363214325,-0.002507925033569336,-0.07012242078781128,-0.06866049766540527
178.30347042412308,176.01694895645272,-0.0023546218872070312,-0.07004565000534058,-0.06710231304168701
178.09378091561945,175.93263944338915,-0.0023241043090820312,-0.06999945640563965,-0.06641703844070435
178.0245583824661,175.7355542187449,-0.002195119857788086,-0.06999289989471436,-0.06598770618438721
177.71940589421445,175.75169348428938,-0.002004265785217285,-0.07008326053619385,-0.06582862138748169
177.32312614571208,175.76458383342185,-0.0019684433937072754,-0.07021981477737427,-0.06576132774353027
176.4663636238941,175.8319639880112,-0.0017022490501403809,-0.07029938697814941,-0.06553828716278076
176.39517147287285,175.829272874408,-0.0016039609909057617,-0.07039260864257812,-0.06523394584655762
176.30259134511067,175.84879136912798,-0.001495659351348877,-0.07048630714416504,-0.06479305028915405
176.17701371589968,175.80661330749663,-0.0012595653533935547,-0.07050216197967529,-0.06461888551712036
176.26382726526387,175.91731219192565,-0.001230001449584961,-0.07114845514297485,-0.06452643871307373
176.37385015786856,175.96839867972048,-0.000995039939880371,-0.07143157720565796,-0.06443703174591064
176.38474160740526,175.95695909422128,-0.0007666349411010742,-0.07146239280700684,-0.06393402814865112
176.33198799188523,175.88574097855567,-0.0004559755325317383,-0.07128143310546875,-0.06379687786102295
176.43370851131107,175.87726930786647,-7.587671279907227e-05,-0.07087898254394531,-0.06363075971603394
176.34454443471535,175.89176644340495,0.0001348257064819336,-0.07069170475006104,-0.0634535551071167
176.44981803495153,176.01576103379244,8.273124694824219e-05,-0.07069426774978638,-0.06346815824508667
176.63616535075093,176.1747623824851,-0.00015109777450561523,-0.07069092988967896,-0.06323516368865967
176.68104900765852,176.30413627779257,-0.00010317564010620117,-0.07059884071350098,-0.06319427490234375
176.81620531996592,176.42084256672683,-0.0003616213798522949,-0.0705987811088562,-0.06291788816452026
176.831283557355,176.41031237460868,-0.0003345012664794922,-0.07054048776626587,-0.06292355060577393
177.001280398988,176.4048373246971,-0.0003248453140258789,-0.07051777839660645,-0.06291496753692627
177.12182216386913,176.42219412127037,-0.00017011165618896484,-0.07043129205703735,-0.06309115886688232
177.16509776706633,176.57352257281673,0.0003777742385864258,-0.07031357288360596,-0.0634927749633789
177.33808536439068,176.66093630086024,0.00023597478866577148,-0.07037043571472168,-0.06341314315795898
177.2447613756819,176.56678244781358,0.00017154216766357422,-0.07028597593307495,-0.06297022104263306
177.28645137062477,176.520983866514,8.028745651245117e-05,-0.07019984722137451,-0.06286519765853882
177.5048472496953,176.35128477788527,3.68952751159668e-05,-0.0700993537902832,-0.06271713972091675
177.56361653512536,176.20920311038307,-5.602836608886719e-06,-0.06945222616195679,-0.06242942810058594
177.8778012260007,175.66135912781186,-7.873773574829102e-05,-0.06923365592956543,-0.061265528202056885
178.41413925352612,174.93516922561878,-0.0002453327178955078,-0.06895911693572998,-0.05973255634307861
179.23487511132402,174.27363467262705,-0.0006715655326843262,-0.0686500072479248,-0.05864298343658447
179.1761755174277,173.8599456550576,-0.0013819336891174316,-0.06795036792755127,-0.058068931102752686
178.02557736440664,173.855761405343,-0.0020028352737426758,-0.0673111081123352,-0.05796164274215698
177.17682427944732,173.74348869412154,-0.002155303955078125,-0.06664276123046875,-0.05781131982803345
176.84273755220505,173.54245293904393,-0.0022038817405700684,-0.06588447093963623,-0.05721801519393921
176.5244798065664,173.40913110265316,-0.0023236870765686035,-0.06560271978378296,-0.057172954082489014
176.229517429527,173.30731156243132,-0.002416670322418213,-0.06538999080657959,-0.057160019874572754
176.31540142075488,173.22655638738988,-0.0024185776710510254,-0.06551516056060791,-0.057294607162475586
176.47304576485283,173.18842502870893,-0.0021228790283203125,-0.06572872400283813,-0.05781114101409912
176.2368951410177,173.30926609938965,-0.002084970474243164,-0.06562060117721558,-0.05784642696380615
176.08205816166932,173.32903797607443,-0.002026677131652832,-0.06542408466339111,-0.05785876512527466
176.02160308192103,173.2853883341888,-0.001986980438232422,-0.06517547369003296,-0.05783259868621826
176.17947994905248,173.18749465547185,-0.0018526315689086914,-0.06483650207519531,-0.0578804612159729
176.37529337885448,173.08822523881466,-0.001877427101135254,-0.06439077854156494,-0.057707250118255615
176.7895113745018,173.0732556931796,-0.0018910765647888184,-0.06393849849700928,-0.05766189098358154
177.19496156907633,173.09702787938505,-0.0019220709800720215,-0.06315052509307861,-0.05756735801696777
177.21095993563497,173.06907424873523,-0.0019176602363586426,-0.0625423789024353,-0.0575861930847168
177.5966361801668,173.0259107186166,-0.001954376697540283,-0.06171673536300659,-0.05760514736175537
177.91507847897813,173.06428998502597,-0.0021733641624450684,-0.06141716241836548,-0.057497620582580566
177.93439219883214,173.03338684863706,-0.0024985074996948242,-0.06146872043609619,-0.057337939739227295
177.82796762016213,173.02406706138765,-0.0025578737258911133,-0.06150937080383301,-0.05754810571670532
177.77709058159672,173.21576887284277,-0.0027068257331848145,-0.06154352426528931,-0.057746052742004395
177.730384135951,173.32386712244278,-0.0027310848236083984,-0.061559855937957764,-0.05794447660446167
177.67928439026866,173.53950642753696,-0.002993464469909668,-0.06153208017349243,-0.05778247117996216
177.5816670575838,173.7121738181504,-0.002993166446685791,-0.06116282939910889,-0.057769715785980225
177.96540194560703,173.77201291284072,-0.0032951831817626953,-0.060951054096221924,-0.05782115459442139
178.302376147805,173.83313690143476,-0.0035063624382019043,-0.06074255704879761,-0.05775761604309082
178.54636587518584,173.95635047182674,-0.0037389397621154785,-0.060337722301483154,-0.05755949020385742
178.86598899608356,173.98673350847065,-0.0037978291511535645,-0.05965989828109741,-0.05757719278335571
179.13519026735784,174.14309821725013,-0.0038492679595947266,-0.05941492319107056,-0.05791521072387695
179.3257737556789,174.22268267558945,-0.003841221332550049,-0.059312283992767334,-0.058271706104278564
179.51318396790714,174.54066051013845,-0.0037537813186645508,-0.059241652488708496,-0.05913954973220825
179.86559638739752,175.0223226801735,-0.0036513805389404297,-0.0590437650680542,-0.06069016456604004
179.8845623497631,175.3239230704026,-0.0036785006523132324,-0.05903196334838867,-0.06103968620300293
179.9427026108628,175.4895527713535,-0.0036852359771728516,-0.059051573276519775,-0.06114310026168823
179.97714068619666,175.58328100910444,-0.003434419631958008,-0.058987200260162354,-0.061379194259643555
179.70914063263237,175.70120539593754,-0.0030587315559387207,-0.058946192264556885,-0.06169337034225464
179.7356583408796,175.80363848116477,-0.00303727388381958,-0.05886387825012207,-0.06164735555648804
179.71660273456982,175.65909409382218,-0.0029070377349853516,-0.058781325817108154,-0.06157028675079346
179.87820289953314,175.72598239297005,-0.002509474754333496,-0.05833250284194946,-0.06157869100570679
179.95986349333316,175.801999415139,-0.002209901809692383,-0.058024823665618896,-0.061314940452575684
179.83506243524582,175.71274929663605,-0.0020862817764282227,-0.05791705846786499,-0.060654520988464355
179.84970005909412,176.34726580543958,-0.0017753839492797852,-0.05780309438705444,-0.06038123369216919
179.77745583570058,176.65273705656963,-0.0013710260391235352,-0.05750715732574463,-0.05989181995391846
179.56087036779337,177.30997951402168,-0.0011115670204162598,-0.05741429328918457,-0.05950331687927246
179.5777881351738,177.8343994471446,-0.0009858012199401855,-0.0578194260597229,-0.059261322021484375
179.62491276488552,178.2491906794574,-0.0006481409072875977,-0.05863749980926514,-0.05933225154876709
179.74696464362552,178.13123634128212,-0.00022542476654052734,-0.05989760160446167,-0.059568047523498535
179.83693328088216,178.16146573269376,-9.465217590332031e-05,-0.060633301734924316,-0.059421658515930176
179.84282810106757,178.1316870302413,-0.00013631582260131836,-0.06155228614807129,-0.059291839599609375
179.72483467013092,178.0045573048959,-0.00015920400619506836,-0.06254076957702637,-0.05909371376037598
179.8991055327009,177.97255114987658,-0.00011348724365234375,-0.06342834234237671,-0.059027671813964844
179.99816502789693,177.96995636738194,-3.635883331298828e-06,-0.06389725208282471,-0.05901247262954712
179.93729808219751,178.05125414393896,-3.2067298889160156e-05,-0.06392961740493774,-0.05894029140472412
179.8784928213689,178.13470075814254,-1.4066696166992188e-05,-0.06392443180084229,-0.05893850326538086
179.87022334825105,178.46097053872904,0.00012362003326416016,-0.06382691860198975,-0.05891561508178711
179.82755573754855,178.67643912484738,0.00018733739852905273,-0.06381577253341675,-0.058887481689453125
179.79452976653738,178.6543539407584,0.0002995729446411133,-0.06374877691268921,-0.058759212493896484
179.93033988790833,178.6050095874626,0.0003439784049987793,-0.06346297264099121,-0.05886268615722656
179.87704597690572,178.00368394891612,0.00045245885848999023,-0.06333190202713013,-0.05909067392349243
179.7107834800242,177.88614844308754,0.00048595666885375977,-0.06312686204910278,-0.05921083688735962
179.61713632609417,177.81636735842955,0.0005248188972473145,-0.0628862977027893,-0.0590595006942749
179.7123603132312,177.81870121416054,0.0004971027374267578,-0.062389373779296875,-0.059034645557403564
179.68493228208712,177.87199500246143,0.000537872314453125,-0.06206834316253662,-0.05901443958282471
179.64544312873693,177.9264216645713,0.0005993247032165527,-0.0619734525680542,-0.059123873710632324
179.55802759216087,178.01933051334615,0.0006431341171264648,-0.06182575225830078,-0.059299468994140625
179.44890235578788,178.0295445399923,0.0006515979766845703,-0.06176704168319702,-0.05952596664428711
179.39239857162272,178.0590671897756,0.0006566643714904785,-0.0616762638092041,-0.05963164567947388
179.41876597144287,178.27349353075138,0.0007299184799194336,-0.06156665086746216,-0.05991333723068237
179.32659239732615,178.32776130563687,0.0007951855659484863,-0.06130111217498779,-0.060079872608184814
179.21580931736247,178.47865026025235,0.0008187294006347656,-0.061106741428375244,-0.060418903827667236
179.0368449664706,178.54443683597452,0.0008705854415893555,-0.06102842092514038,-0.06065171957015991
178.94232668811745,178.59841054845484,0.0008750557899475098,-0.06037706136703491,-0.06074666976928711
178.51690694960877,178.61342846434616,0.0008251070976257324,-0.05933487415313721,-0.06075429916381836
178.39881199560634,178.75880876050448,0.0006931424140930176,-0.05822718143463135,-0.060857951641082764
178.45446655099147,178.9245011647311,0.0005524754524230957,-0.057322680950164795,-0.06088554859161377
178.2432308519424,179.07456700412715,0.00047028064727783203,-0.05656790733337402,-0.06106466054916382
178.4430772331345,179.11854909496614,0.0005783438682556152,-0.05565357208251953,-0.06113111972808838
178.9912889985713,179.20557214318478,0.0006566047668457031,-0.05501532554626465,-0.06118804216384888
179.53952053126525,179.35422893614867,0.0007004141807556152,-0.05452913045883179,-0.06116056442260742
179.85437545243812,179.5068140552593,0.0008680820465087891,-0.053974032402038574,-0.06124812364578247
179.98851648323136,179.51691145601978,0.000903785228729248,-0.05356001853942871,-0.06126272678375244
179.6157398360048,179.60570109486966,0.0011878609657287598,-0.053022801876068115,-0.06149327754974365
179.43085070920532,179.51688252640784,0.001204848289489746,-0.05273127555847168,-0.061621129512786865
179.39023174976052,179.48150431721444,0.0012226104736328125,-0.052460670471191406,-0.06184124946594238
179.27146635635492,179.30599458964076,0.0011629462242126465,-0.05216735601425171,-0.06193947792053223
178.85037132860697,178.9836844926793,0.001094520092010498,-0.05186784267425537,-0.062011003494262695
177.88367825488314,179.2356925097052,0.0005845427513122559,-0.05158102512359619,-0.061802446842193604
177.19810008412378,179.70858124514177,-7.486343383789062e-05,-0.05129581689834595,-0.061728477478027344
176.820652201536,179.7181493339554,-0.00018858909606933594,-0.051052749156951904,-0.062090516090393066
176.3462286517566,179.94482219146266,-0.0003483891487121582,-0.05061441659927368,-0.06272661685943604
175.91979228305144,179.5114808482776,-0.0004870295524597168,-0.050080299377441406,-0.06384027004241943
175.6850528398667,178.794916183054,-0.000722050666809082,-0.05002504587173462,-0.06527137756347656
175.79947122281789,178.30496281964935,-0.0007990598678588867,-0.04997771978378296,-0.06633490324020386
175.7737364379554,177.76798238223327,-0.0008113980293273926,-0.04996377229690552,-0.06770592927932739
175.7965588135959,177.76894355016208,-0.0010271668434143066,-0.04999232292175293,-0.06794077157974243
175.8425494933524,177.3937546753836,-0.0012148618698120117,-0.05005288124084473,-0.06877243518829346
175.82217097877174,176.93564671715788,-0.0013059377670288086,-0.05005908012390137,-0.06984859704971313
175.8240965417314,176.31641938038334,-0.0013449788093566895,-0.05008822679519653,-0.07128262519836426
175.68479525728108,176.18881077792963,-0.001521766185760498,-0.05034780502319336,-0.07241618633270264
175.61745613844425,176.36775865774038,-0.0016111135482788086,-0.05044269561767578,-0.07280528545379639
176.04423186760843,176.40426188402444,-0.001611173152923584,-0.05043834447860718,-0.07277703285217285
176.4340041782113,176.45226754731536,-0.0015916228294372559,-0.050364553928375244,-0.07273906469345093
176.45758269251857,176.98210495486452,-0.0017687678337097168,-0.050344109535217285,-0.0725439190864563
176.47155784569418,176.96148144116125,-0.002112150192260742,-0.05034792423248291,-0.07247084379196167
176.76100125383627,176.99167271509046,-0.002449333667755127,-0.05035400390625,-0.07209712266921997
176.88620561205983,177.06304246163654,-0.0025495290756225586,-0.05041319131851196,-0.07192963361740112
177.0630843650862,177.05743728853938,-0.0025762319564819336,-0.05036443471908569,-0.071819007396698
177.0727422059571,177.05729745215243,-0.0025925636291503906,-0.05041146278381348,-0.07179337739944458
177.38254918687804,177.10124140205707,-0.002585113048553467,-0.05045217275619507,-0.07180529832839966
177.3415524830442,177.11197733459878,-0.002530694007873535,-0.05062568187713623,-0.07184731960296631
177.05357857402637,177.04234841513835,-0.002360105514526367,-0.050942063331604004,-0.071988046169281
176.5508796151143,177.02379929447662,-0.002034485340118408,-0.05159801244735718,-0.07238537073135376
176.6841792215772,177.07353983418804,-0.001973748207092285,-0.0521664023399353,-0.0724075436592102
176.47937928282158,177.06921206628243,-0.0018499493598937988,-0.05237096548080444,-0.07248073816299438
176.72746756543953,177.16143981524078,-0.0018457770347595215,-0.05246543884277344,-0.07249397039413452
176.72363957399506,177.10010370337756,-0.001986384391784668,-0.05251199007034302,-0.07231301069259644
176.56456469179855,177.18721011671147,-0.00186920166015625,-0.052503764629364014,-0.07205408811569214
176.39722352963693,177.35781498769146,-0.0018651485443115234,-0.0525515079498291,-0.0713847279548645
176.42648096530795,177.57426861128926,-0.0018396377563476562,-0.05256354808807373,-0.07020944356918335
176.43518843329946,177.63729146630456,-0.0018349885940551758,-0.052583158016204834,-0.06949746608734131
176.49862953628815,177.81467539758,-0.0017895698547363281,-0.05275380611419678,-0.06843030452728271
176.3757580548888,177.874311556265,-0.0016894936561584473,-0.05273938179016113,-0.06810116767883301
176.1788902253713,177.83208106255813,-0.0015357136726379395,-0.052665114402770996,-0.06802815198898315
176.1607354393809,177.6748678917549,-0.0015497803688049316,-0.05256563425064087,-0.06808352470397949
176.1735964122211,177.518479358591,-0.001559436321258545,-0.05237555503845215,-0.06825321912765503
176.21270934260238,177.2510720016832,-0.0016911029815673828,-0.05205404758453369,-0.0684504508972168
176.4340155181335,177.12457107682846,-0.0015839934349060059,-0.05141019821166992,-0.0687633752822876
175.89242473479288,176.83915625424135,-0.0015527606010437012,-0.050766944885253906,-0.06935638189315796
174.9004004443529,176.823132905893,-0.0013553500175476074,-0.049824059009552,-0.06985354423522949
174.73292845034436,177.00896419684958,-0.0010491609573364258,-0.04891777038574219,-0.07002174854278564
174.6470148832274,177.16849319999716,-0.0010037422180175781,-0.048364460468292236,-0.0698513388633728
175.91004086591838,177.82423833163617,-0.0005843639373779297,-0.04576343297958374,-0.06924498081207275
175.74307239950312,178.3371074115699,-0.0005018115043640137,-0.04469031095504761,-0.06756073236465454
174.82670988853891,178.58908493559275,-0.00025844573974609375,-0.04411649703979492,-0.06408053636550903
174.15793560253496,179.22703288969424,0.00030243396759033203,-0.04353463649749756,-0.06013756990432739
173.73917557440004,179.55753603917202,0.0004922151565551758,-0.042775094509124756,-0.058010995388031006
173.99274040992088,177.97000106980437,0.0006989240646362305,-0.04208672046661377,-0.05593317747116089
173.83215779139053,176.8927762716784,0.00041103363037109375,-0.04213231801986694,-0.05369764566421509
173.77184345042295,176.63779715606026,-5.078315734863281e-05,-0.04205882549285889,-0.05199873447418213
173.5699846297811,176.98146470821624,-0.00015985965728759766,-0.04186922311782837,-0.049750566482543945
173.61605071531272,176.90911929569722,-8.58306884765625e-05,-0.04161691665649414,-0.047067344188690186
173.43916011048918,176.6657326808933,-2.4497509002685547e-05,-0.041459083557128906,-0.046093881130218506
173.1832670709778,176.59837829988172,-2.2351741790771484e-05,-0.04132115840911865,-0.044914424419403076
172.59072689639564,176.6998052182184,-4.303455352783203e-05,-0.041094839572906494,-0.04407298564910889
172.58338998515714,177.1074522091055,-1.6033649444580078e-05,-0.04070711135864258,-0.043670654296875
172.62464199984487,177.1447960214573,-1.7881393432617188e-06,-0.040463030338287354,-0.0435643196105957
172.67697114343716,177.33996002976627,-6.973743438720703e-06,-0.04025036096572876,-0.043285250663757324
172.4425075534633,178.20666624345918,-3.993511199951172e-05,-0.03997260332107544,-0.042638182640075684
172.17726778967523,178.88012055705371,-0.00017583370208740234,-0.039571523666381836,-0.04205310344696045
171.50371682789446,179.65748293452808,-0.00029462575912475586,-0.038724422454833984,-0.04186201095581055
170.85457390098236,179.80580574404203,-0.00028514862060546875,-0.03817099332809448,-0.04189175367355347
170.48020539261364,179.83449516770463,-0.0001812577247619629,-0.03748905658721924,-0.04187583923339844
169.71605125218363,179.81849406229242,-3.0338764190673828e-05,-0.03669959306716919,-0.041905224323272705
169.24694903634776,179.51187766317446,0.000370025634765625,-0.03633993864059448,-0.0423048734664917
168.85124792491786,179.39239870055872,0.0004819631576538086,-0.03575104475021362,-0.042385220527648926
168.89813618473374,179.289005986506,0.00046241283416748047,-0.03523290157318115,-0.04235208034515381
169.0287882364942,179.2292333978809,0.000525057315826416,-0.03469669818878174,-0.04231619834899902
169.20464257307717,179.20286900518855,0.0005356669425964355,-0.033944904804229736,-0.04235053062438965
168.84298134405537,179.41696479732227,0.00023597478866577148,-0.033096253871917725,-0.042365849018096924
168.5830955037402,179.7054689483339,0.00016039609909057617,-0.03230941295623779,-0.042333245277404785
168.61578038752688,179.88389912098623,2.9802322387695312e-06,-0.03154730796813965,-0.04215061664581299
168.79799785833274,179.88170155711674,3.1113624572753906e-05,-0.031058192253112793,-0.04217737913131714
168.69969554733785,179.29879692407494,-2.7000904083251953e-05,-0.03040260076522827,-0.04216575622558594
168.47646445115407,179.1424784037992,6.9141387939453125e-06,-0.029855310916900635,-0.042230069637298584
168.07845805898666,179.19545464040075,-0.0002607107162475586,-0.028992295265197754,-0.041797101497650146
168.13966350419113,179.32300133648846,-0.0008137822151184082,-0.02876877784729004,-0.041304588317871094
168.26940997633443,179.3001042609395,-0.0016619563102722168,-0.02884840965270996,-0.040123581886291504
168.32702771100998,179.44441417348915,-0.002337813377380371,-0.028724372386932373,-0.03919094800949097
168.00512470313924,179.6274308629423,-0.002707958221435547,-0.02866661548614502,-0.03855562210083008
167.8705211355178,179.82498039425886,-0.00290602445602417,-0.028520703315734863,-0.03805243968963623
167.6997837754648,179.86532435491222,-0.0032926201820373535,-0.02842843532562256,-0.03742969036102295
167.67116645002608,179.71549533747813,-0.0034480690956115723,-0.028216540813446045,-0.0372394323348999
167.7121525312285,179.5635156336191,-0.0034514665603637695,-0.02797389030456543,-0.037014544010162354
167.59715267440708,179.55440928259097,-0.0033135414123535156,-0.02778702974319458,-0.0367010235786438
167.48212541396316,179.56479920202742,-0.003265202045440674,-0.02755063772201538,-0.03629237413406372
167.49795798724324,179.62125121659307,-0.003196120262145996,-0.02734816074371338,-0.03606659173965454
167.61706684011145,179.57050016133743,-0.0033116936683654785,-0.027194678783416748,-0.03593921661376953
167.78418346070245,179.2434541366555,-0.0031996965408325195,-0.02692168951034546,-0.03589266538619995
167.84294100141932,179.20181046100876,-0.0031810402870178223,-0.02671992778778076,-0.035684406757354736
167.9959741947777,178.79350115694186,-0.0031821131706237793,-0.026580452919006348,-0.03537803888320923
168.0664502445083,177.87252429861647,-0.0029727816581726074,-0.02625483274459839,-0.035224080085754395
168.23862841453877,177.47192320610054,-0.0028139352798461914,-0.02610689401626587,-0.03511250019073486
168.36089629181296,177.32579754126306,-0.0026944875717163086,-0.0259016752243042,-0.034804582595825195
168.5513144140034,177.51138067645138,-0.0026967525482177734,-0.02548384666442871,-0.03433328866958618
168.72952787302643,177.5776434603203,-0.0028145313262939453,-0.025055527687072754,-0.03416246175765991
168.97091208643462,177.9982221931697,-0.00308990478515625,-0.02483457326889038,-0.03402668237686157
169.10133665665606,178.5993550091119,-0.003375828266143799,-0.024676859378814697,-0.03390759229660034
169.20094718967988,179.242769988119,-0.0035141706466674805,-0.024347662925720215,-0.03381854295730591
169.36122954811475,179.47093625476097,-0.0035123825073242188,-0.023937463760375977,-0.033817946910858154
169.48104785195076,179.72679975083318,-0.0034943819046020508,-0.023538053035736084,-0.03383314609527588
169.4821625829074,179.90197218286065,-0.0034842491149902344,-0.02336287498474121,-0.03387117385864258
169.5530336352783,179.97917450483686,-0.003428161144256592,-0.022952020168304443,-0.03387331962585449
169.6608035214925,179.68771284199192,-0.0038033127784729004,-0.022583067417144775,-0.03342604637145996
169.81812593907716,179.5676132740563,-0.003994166851043701,-0.022212743759155273,-0.03315633535385132
169.9115020899482,179.28199627070472,-0.004270017147064209,-0.021926045417785645,-0.03279078006744385
169.8631986130852,178.70989998523072,-0.00435483455657959,-0.02157437801361084,-0.03257113695144653
169.86457469777775,177.56774931448652,-0.0044168829917907715,-0.021022558212280273,-0.032239437103271484
169.5509745308747,176.69944596466095,-0.004424631595611572,-0.020289242267608643,-0.030967772006988525
169.37433269327528,175.95318728377632,-0.004309952259063721,-0.019925713539123535,-0.030224502086639404
169.20913051306442,176.02141297817528,-0.004261434078216553,-0.019647836685180664,-0.02976125478744507
169.1803726158911,176.1346416051393,-0.004419803619384766,-0.01936858892440796,-0.029081642627716064
169.15383737773814,175.78638705526458,-0.004477977752685547,-0.019188344478607178,-0.02890866994857788
169.1438567511675,175.7387055209299,-0.004574179649353027,-0.019207775592803955,-0.028859376907348633
168.86805710587598,175.60297798198349,-0.004715144634246826,-0.02057504653930664,-0.028856098651885986
168.71396480596027,175.51012728447213,-0.0047248005867004395,-0.021973252296447754,-0.02884840965270996
168.30089716785196,175.2331268552631,-0.0045278072357177734,-0.023012757301330566,-0.029678285121917725
167.94529613883034,175.6193961462393,-0.004269778728485107,-0.024635493755340576,-0.03028172254562378
168.23844304984146,176.04425675565938,-0.004112958908081055,-0.02595597505569458,-0.030786573886871338
168.64699331991986,176.52875927891608,-0.004042983055114746,-0.02678126096725464,-0.031019389629364014
168.72921951279812,176.6220950172634,-0.003958761692047119,-0.026906847953796387,-0.031055748462677002
168.67298589214985,176.6746487391123,-0.0038726329803466797,-0.02710103988647461,-0.031131327152252197
168.65360350946696,176.89824449030058,-0.0038317441940307617,-0.027175962924957275,-0.0312272310256958
168.6623041446154,176.55050164679025,-0.003648519515991211,-0.027066290378570557,-0.03178948163986206
168.70204075117798,176.41014227818005,-0.0032791495323181152,-0.026732802391052246,-0.03225445747375488
168.74568836472463,176.5816984888916,-0.003088235855102539,-0.02668660879135132,-0.032663583755493164
168.75910179235794,176.6409171834656,-0.0021305084228515625,-0.02670067548751831,-0.03499007225036621
168.73507688964787,177.4686807228826,-0.0013899803161621094,-0.026770293712615967,-0.03872334957122803
168.77097699774944,177.69607212182402,-0.0012426972389221191,-0.027002036571502686,-0.042704105377197266
168.79104884976368,178.15420267446382,-0.0007870197296142578,-0.027221202850341797,-0.045559704303741455
169.71221041544186,179.15091412143894,0.0002187490463256836,-0.027441024780273438,-0.04807549715042114
169.76854520713928,179.60722886198462,0.0008012056350708008,-0.027506113052368164,-0.04970425367355347
169.73097997720564,179.41943346367896,0.0010295510292053223,-0.02757495641708374,-0.05087310075759888
169.66527849703348,179.49582133214233,0.0011189579963684082,-0.02787691354751587,-0.05196923017501831
169.54668545955974,179.80445309024557,0.0011126995086669922,-0.02832740545272827,-0.053009092807769775
170.0528133937983,179.6144388533267,0.0011586546897888184,-0.02865159511566162,-0.05492198467254639
170.39928423245354,179.41598568275614,0.0011369585990905762,-0.028862953186035156,-0.056382179260253906
170.80787200888562,179.1981959113134,0.0011881589889526367,-0.0290377140045166,-0.05737042427062988
171.56495153040123,179.14923276707566,0.0014103055000305176,-0.02917337417602539,-0.058060288429260254
171.70000370807648,179.05728450448507,0.0014107227325439453,-0.029192805290222168,-0.05833858251571655
171.77825979554828,179.19200011464713,0.0014449357986450195,-0.02919447422027588,-0.058341383934020996
171.8775037215366,179.48694527207198,0.001471400260925293,-0.0291861891746521,-0.05852788686752319
171.92284700008938,179.74530476312117,0.0016420483589172363,-0.029183685779571533,-0.05876404047012329
172.04918600879685,179.9180939868239,0.0016326308250427246,-0.029513537883758545,-0.059152841567993164
172.2015395102311,179.8410291825769,0.0018143653869628906,-0.029839813709259033,-0.05995684862136841
172.7090745111404,179.97370467175392,0.0017486214637756348,-0.03023815155029297,-0.060693562030792236
172.55269142512927,179.5899351294465,0.0017502307891845703,-0.031069159507751465,-0.06153905391693115
172.53680935007665,179.5091996605118,0.0018298625946044922,-0.031714797019958496,-0.062030017375946045
172.1463595225706,179.03909213170922,0.001598060131072998,-0.03314542770385742,-0.06320834159851074
172.34707732574844,178.6639023238742,0.0016070008277893066,-0.03405451774597168,-0.06432294845581055
172.65514909475695,178.4610540341125,0.0015633106231689453,-0.03480643033981323,-0.06477111577987671
173.3906536445695,178.19109701007886,0.0014511346817016602,-0.03600257635116577,-0.06498241424560547
174.12641908048985,178.0079587709905,0.0014699697494506836,-0.036484360694885254,-0.06497931480407715
174.75587762292486,178.03554044741824,0.001394808292388916,-0.03682911396026611,-0.06460893154144287
175.03144181568229,178.27598511655145,0.0013867020606994629,-0.03706002235412598,-0.06358027458190918
175.24598858921476,178.2202765505088,0.0014034509658813477,-0.037329673767089844,-0.06292080879211426
175.85430925638667,178.43830435767632,0.0015634894371032715,-0.03742969036102295,-0.06240791082382202
176.41468176496667,178.67313591824697,0.001744389533996582,-0.03736978769302368,-0.061962008476257324
176.58972774308828,178.84203972335214,0.0017726421356201172,-0.03750115633010864,-0.061531662940979004
177.11477040089753,178.90576405642912,0.0017750263214111328,-0.037658095359802246,-0.06153988838195801
177.55066791361497,178.75381200414006,0.001672506332397461,-0.037931621074676514,-0.06209462881088257
177.6339634799332,177.8682969662732,0.001593947410583496,-0.03803020715713501,-0.06402790546417236
177.84443103446378,178.36605887185695,0.0011696815490722656,-0.03821909427642822,-0.06536698341369629
177.64606147725115,178.34144647706418,0.0005166530609130859,-0.03840947151184082,-0.06898587942123413
177.4985204917247,178.26433847744428,-8.541345596313477e-05,-0.03885304927825928,-0.07232809066772461
177.41974552813673,177.9841595979147,-0.0005165338516235352,-0.0391959547996521,-0.07555526494979858
177.15098645327063,177.18459871540526,-0.0011895298957824707,-0.039425551891326904,-0.07818603515625
176.91839806061614,176.91103959163416,-0.0012809038162231445,-0.039589524269104004,-0.07919931411743164
176.64236490458103,177.29519041572834,-0.001527249813079834,-0.03980189561843872,-0.07951724529266357
176.30454456433355,177.10385032938137,-0.0020029544830322266,-0.03988778591156006,-0.07929474115371704
175.92604330880016,177.03666468077196,-0.002039194107055664,-0.03961247205734253,-0.07950270175933838
175.80473608395502,177.1900854442512,-0.002174854278564453,-0.03955364227294922,-0.0793418288230896
175.7441299584579,177.09609194478847,-0.00201493501663208,-0.03926694393157959,-0.0808110237121582
176.44492392439463,176.45696784571,-0.0010470747947692871,-0.038434505462646484,-0.08249145746231079
177.2526097277303,176.48175794633485,-0.00041490793228149414,-0.038635849952697754,-0.08481758832931519
178.70656687909673,177.937498672658,0.0001239180564880371,-0.038630008697509766,-0.0885622501373291
177.0890987209456,179.25026307284085,0.0005005002021789551,-0.039381980895996094,-0.09495079517364502
177.22578307777363,179.60775256117378,0.000695645809173584,-0.04182696342468262,-0.10058778524398804
178.577502668102,178.52964709573212,0.0007811784744262695,-0.0464133620262146,-0.10458511114120483
178.1579710021415,179.02608031271595,0.0011740326881408691,-0.05085843801498413,-0.11022365093231201
177.84046591656985,179.6219857727173,0.0013796091079711914,-0.05258077383041382,-0.11434513330459595
178.29316803024173,179.31355662743334,0.0013456344604492188,-0.052604615688323975,-0.11617082357406616
178.70824074617477,179.07331419629256,0.0011996626853942871,-0.05243557691574097,-0.11721962690353394
179.034403297321,178.74399362011226,0.0015637874603271484,-0.051845014095306396,-0.11744415760040283
179.49450927518487,178.3641007101987,0.0025478005409240723,-0.050284504890441895,-0.11595195531845093
179.5737295754083,178.02631810851864,0.003385007381439209,-0.049368321895599365,-0.11520683765411377
179.99993404909432,177.89287680296874,0.004343092441558838,-0.04814958572387695,-0.11478877067565918
179.82365379987263,177.3045785220243,0.004675745964050293,-0.047762930393218994,-0.11306941509246826
179.76732026900234,176.40905039754506,0.005276620388031006,-0.04703259468078613,-0.11094886064529419
179.89781533864397,175.62092366128462,0.005609571933746338,-0.046636223793029785,-0.10880482196807861
179.8053474223228,175.37107428352263,0.00598222017288208,-0.04636579751968384,-0.10745465755462646
179.92827084400653,174.9236917467873,0.00625687837600708,-0.045983076095581055,-0.10520011186599731
179.92277929460062,174.6749674940714,0.006300389766693115,-0.0457301139831543,-0.10334926843643188
179.9404298294786,174.5526185344939,0.006373703479766846,-0.045622050762176514,-0.09987461566925049
179.77888421339205,173.9986804632204,0.0063748955726623535,-0.045409440994262695,-0.09605628252029419
179.60374203043938,173.58234158199315,0.006145775318145752,-0.04510509967803955,-0.09263080358505249
179.47563811426784,172.53229784984813,0.006126821041107178,-0.0450664758682251,-0.08876615762710571
179.50097669939396,171.8698567779953,0.00603407621383667,-0.04499584436416626,-0.08603417873382568
179.52924104771347,171.9430540510595,0.00584036111831665,-0.04495704174041748,-0.08407729864120483
179.1151108060302,171.78425952689363,0.005789041519165039,-0.04449433088302612,-0.08338886499404907
178.8114568625745,171.83509051811998,0.005503296852111816,-0.04406249523162842,-0.0828857421875
178.49877182626517,171.91038735114506,0.004624545574188232,-0.04371672868728638,-0.08208411931991577
177.99174517626236,172.33142343294406,0.0037467479705810547,-0.04323834180831909,-0.08133471012115479
177.733213263419,172.67542339129008,0.0032477378845214844,-0.04269927740097046,-0.0809164047241211
177.9476006241008,173.00392260631517,0.00281369686126709,-0.042283594608306885,-0.08054393529891968
178.0656245751467,173.16691471269942,0.002644062042236328,-0.04196852445602417,-0.08042848110198975
177.94059779052273,173.38782926721237,0.00235903263092041,-0.04151785373687744,-0.08018577098846436
178.13471248171052,173.72294198295043,0.0019516348838806152,-0.04114818572998047,-0.07977646589279175
178.17493031291735,173.70023069118395,0.0017964839935302734,-0.040907204151153564,-0.07960695028305054
178.36319974979529,173.55906439962004,0.0017397403717041016,-0.040774643421173096,-0.07932823896408081
178.51921024529028,173.7110409376017,0.0015469789505004883,-0.04031932353973389,-0.07913720607757568
178.19044709577452,173.9314262853028,0.0014628767967224121,-0.03960293531417847,-0.07897597551345825
178.04276918083903,174.13049635860122,0.0011049509048461914,-0.03908824920654297,-0.07855856418609619
177.777877742694,174.12964182323248,0.0006543397903442383,-0.038957417011260986,-0.07788634300231934
177.54344872651876,175.16710484934862,0.0005272626876831055,-0.03869295120239258,-0.0777214765548706
177.3139182804012,175.81841089774474,0.0004603862762451172,-0.03833508491516113,-0.07733678817749023
177.2796116802145,175.93400880991825,0.00038826465606689453,-0.03818589448928833,-0.07693159580230713
177.32357040085054,176.10765561541885,0.0002747774124145508,-0.038188815116882324,-0.0764356255531311
177.31300157729873,176.77772860852264,3.916025161743164e-05,-0.03816181421279907,-0.07616764307022095
177.18251664647963,177.76104899016812,-0.0001577138900756836,-0.03804999589920044,-0.07571101188659668
177.052211204846,178.51483724134272,-0.00036412477493286133,-0.03775995969772339,-0.07517558336257935
177.07491159759124,179.05570751992815,-0.00041562318801879883,-0.03701406717300415,-0.0745592713356018
176.94640260272956,179.1793799551961,-0.0004870295524597168,-0.03542900085449219,-0.07434570789337158
176.00926357781938,179.05545333909703,-0.0004723072052001953,-0.03391796350479126,-0.0740918517112732
175.56180068276242,178.98775439823675,-0.0004849433898925781,-0.03320807218551636,-0.07389557361602783
175.47131916064714,178.98493061694913,-0.0004906654357910156,-0.03249388933181763,-0.07366335391998291
175.35102836194918,178.73224095004423,-0.00047343969345092773,-0.031881093978881836,-0.07353681325912476
175.3552655357122,178.269754412317,-0.0002835392951965332,-0.03184962272644043,-0.07333868741989136
175.31491736627058,177.85653505223553,-0.0001596212387084961,-0.031841814517974854,-0.07325083017349243
175.85664666871608,177.57735030653143,-0.0002601146697998047,-0.03199911117553711,-0.0729137659072876
176.20923714878685,177.19770571315573,0.00031632184982299805,-0.03218752145767212,-0.0734630823135376
176.39880303816585,176.75795109804054,0.000544428825378418,-0.03265655040740967,-0.07345569133758545
176.63524847177848,176.62141549942368,0.0007863640785217285,-0.03330487012863159,-0.073641836643219
176.93351373191766,176.7526946599306,0.0010308623313903809,-0.033887386322021484,-0.07359445095062256
177.01008360862195,175.92925693099127,0.0015587806701660156,-0.03435581922531128,-0.07330691814422607
177.0093646548576,175.81157337004257,0.0017232298851013184,-0.03463810682296753,-0.07308703660964966
177.10958287264955,176.57591333084255,0.0020571351051330566,-0.03507637977600098,-0.07293039560317993
177.22185474143967,176.92941033772928,0.002093970775604248,-0.035376667976379395,-0.07287192344665527
177.41669899792643,177.45385738845394,0.002081930637359619,-0.03556901216506958,-0.07272601127624512
177.74475848894616,177.80216316775133,0.0020720958709716797,-0.03575098514556885,-0.07259362936019897
178.01164803880252,177.78387026480192,0.0020332932472229004,-0.03596407175064087,-0.07237505912780762
178.30668189584858,177.94195204567976,0.0020401477813720703,-0.03611510992050171,-0.07207763195037842
178.44808495485233,178.0691007600063,0.0019186735153198242,-0.03631699085235596,-0.0718834400177002
178.56591383940358,178.0810480466738,0.0018979907035827637,-0.036371827125549316,-0.07176142930984497
178.8766624270838,178.02395776509468,0.0017687082290649414,-0.03668612241744995,-0.07168912887573242
178.92586170029185,178.08635585786416,0.0015377402305603027,-0.037024497985839844,-0.07149571180343628
178.88724315653678,178.00974347367458,0.001126110553741455,-0.03765308856964111,-0.07149666547775269
178.93008450338928,178.0850640475291,0.0009349584579467773,-0.0380631685256958,-0.07141929864883423
178.92462052290787,178.0615115612378,0.0008609890937805176,-0.03821587562561035,-0.07118368148803711
178.91021137531044,178.21706529720228,0.0007417201995849609,-0.0382959246635437,-0.07102179527282715
178.85695550590182,178.15790961703763,0.0007339119911193848,-0.038356781005859375,-0.0709613561630249
178.8873303155553,178.179072368465,0.0007262825965881348,-0.03848940134048462,-0.07092458009719849
179.0443693858079,178.22020494270993,0.0006717443466186523,-0.0388607382774353,-0.07087582349777222
179.37046602834974,178.4593811342599,0.0007543563842773438,-0.039794325828552246,-0.07086753845214844
179.37175801815914,178.71334248562826,0.0009756088256835938,-0.04105401039123535,-0.07057100534439087
179.33049104152707,178.96125339164806,0.0010747909545898438,-0.04298269748687744,-0.07031083106994629
179.48792980133112,179.02852676247275,0.0010488629341125488,-0.044429659843444824,-0.07028061151504517
179.73464037996683,179.2349549347706,0.001116335391998291,-0.04574233293533325,-0.07028794288635254
179.80762516455943,179.40778507424287,0.0011979341506958008,-0.047016024589538574,-0.07028019428253174
179.7629153202901,179.43875229315387,0.0012883543968200684,-0.04843944311141968,-0.07024973630905151
179.79149096664244,179.56101129696958,0.001401662826538086,-0.04898214340209961,-0.07021504640579224
179.7866419990892,179.51305785525795,0.001412510871887207,-0.049214720726013184,-0.069915771484375
179.85015031157633,179.5059578056296,0.0014281272888183594,-0.04947555065155029,-0.06967753171920776
179.86096623789192,179.1921726404872,0.0014143586158752441,-0.04963374137878418,-0.0690656304359436
179.85194411409827,179.09370926736267,0.001486361026763916,-0.04966235160827637,-0.06856375932693481
179.9659161920892,179.0382709823971,0.0015018582344055176,-0.04971468448638916,-0.06830811500549316
179.94537838049936,178.9502513889893,0.0016573071479797363,-0.04964333772659302,-0.0679774284362793
179.80478133754704,178.7938498568856,0.0017687082290649414,-0.04985833168029785,-0.06766009330749512
179.68294291762055,178.801880128045,0.001904606819152832,-0.04984992742538452,-0.06747639179229736
179.48455628703732,178.73388679284758,0.0019894838333129883,-0.05012190341949463,-0.06724166870117188
179.3583485443743,178.53894640005188,0.0021375417709350586,-0.050332605838775635,-0.06709694862365723
179.26488122967416,178.4980009632467,0.0022574663162231445,-0.05036729574203491,-0.06689232587814331
179.07955866082384,178.51097812497324,0.0022273659706115723,-0.050455331802368164,-0.06679946184158325
179.0434016282097,178.55542895309233,0.0022755861282348633,-0.050484657287597656,-0.0668107271194458
179.07791085029126,178.5714907916573,0.0023766160011291504,-0.05045968294143677,-0.066933274269104
179.10862022175223,178.72575527826552,0.002404928207397461,-0.05044585466384888,-0.0667458176612854
179.150106677238,178.8527899650914,0.0024319887161254883,-0.05032455921173096,-0.06645947694778442
179.0528775290219,178.99321969743852,0.0025147199630737305,-0.050316691398620605,-0.06623387336730957
179.04783311950212,179.05690863020314,0.0029760003089904785,-0.05026578903198242,-0.06629794836044312
178.88585123213755,179.01451047195147,0.0032001137733459473,-0.05022931098937988,-0.06628751754760742
178.60518018853028,178.76939533316423,0.0036211609840393066,-0.05027681589126587,-0.06655943393707275
178.5381884372088,178.91747664282076,0.0038393735885620117,-0.050190865993499756,-0.06661707162857056
178.4859829767686,179.0194613819848,0.003941059112548828,-0.050064682960510254,-0.06634318828582764
178.2998413989313,179.42332168814332,0.004101157188415527,-0.049824655055999756,-0.06629818677902222
178.33519240579898,179.49693415659803,0.0041158199310302734,-0.04960113763809204,-0.06625962257385254
178.34937707498764,179.50507970210114,0.004138171672821045,-0.04939490556716919,-0.0662185549736023
178.41655203885645,179.4871952036446,0.0039917826652526855,-0.04922217130661011,-0.06599396467208862
178.3075451483973,179.4756148788372,0.003993868827819824,-0.04905742406845093,-0.06599223613739014
178.2880106854068,179.42551289275042,0.0040354132652282715,-0.04915076494216919,-0.06609576940536499
178.29869912345342,179.34573431415046,0.004023492336273193,-0.049269258975982666,-0.06609243154525757
178.31821515296306,179.40274580045863,0.003998219966888428,-0.049383342266082764,-0.06635075807571411
178.37590960622575,179.53528603470866,0.00400310754776001,-0.04960453510284424,-0.06666845083236694
178.4170149347457,179.54559493714098,0.003960251808166504,-0.04971081018447876,-0.06673330068588257
178.440424120053,179.44217580685128,0.003943264484405518,-0.049746155738830566,-0.06674075126647949
178.551823283091,179.27336073522076,0.003891885280609131,-0.04961735010147095,-0.06681400537490845
178.74553750817952,178.90985882772335,0.0038326382637023926,-0.049163997173309326,-0.06702548265457153
179.095740494071,178.83702864526194,0.003827691078186035,-0.048479318618774414,-0.06745266914367676
179.39800297710389,178.98068871205984,0.003817260265350342,-0.047902464866638184,-0.06848227977752686
179.51896318601572,178.99275543673588,0.003942012786865234,-0.0475916862487793,-0.06914037466049194
179.47628868083493,178.30337813323385,0.003943443298339844,-0.047506511211395264,-0.07002085447311401
179.47091835640543,178.14832943980824,0.0039435625076293945,-0.047493040561676025,-0.07086420059204102
179.46087457731298,178.05654349080982,0.003923296928405762,-0.047521352767944336,-0.07176411151885986
179.4554687271907,178.0248348635379,0.0038654208183288574,-0.04756772518157959,-0.07229232788085938
179.49557339292195,177.7606889656739,0.003849625587463379,-0.047613441944122314,-0.07286268472671509
179.59229806742985,177.62022972711586,0.003711998462677002,-0.047634661197662354,-0.0729627013206482
179.72195862277917,177.4226857460418,0.0036026835441589355,-0.047637760639190674,-0.07293295860290527
179.68944220927142,177.66831570109457,0.0034996867179870605,-0.04781454801559448,-0.07303661108016968
179.6324652397449,177.85773172307194,0.003451704978942871,-0.04828023910522461,-0.07295674085617065
179.45533959891105,177.74064851480833,0.0034527182579040527,-0.048789262771606445,-0.07273310422897339
179.20230622557605,177.66837542495793,0.00342714786529541,-0.049591064453125,-0.07236474752426147
179.03303209695176,177.6582133311154,0.0035094022750854492,-0.049999237060546875,-0.07153117656707764
179.06418165271953,177.6796142742021,0.0034710168838500977,-0.05021500587463379,-0.07101678848266602
179.0591411711478,177.66755489205636,0.003331005573272705,-0.050669312477111816,-0.07087874412536621
179.24114679859466,177.8051291979833,0.003293454647064209,-0.051062941551208496,-0.07078522443771362
179.37318238138937,177.8749227948044,0.0033062100410461426,-0.051539063453674316,-0.07045459747314453
179.2912899210459,178.04697759353786,0.0034355521202087402,-0.051745474338531494,-0.07050430774688721
179.21242630466722,178.30407550677384,0.003479480743408203,-0.051829397678375244,-0.07051122188568115
179.14770929563358,178.45513842556815,0.0036485791206359863,-0.05186736583709717,-0.0706942081451416
179.12909982781204,178.29741163020972,0.0039328932762146,-0.051891207695007324,-0.07094919681549072
178.94402607865578,178.0095198011199,0.004266619682312012,-0.051926255226135254,-0.07133162021636963
178.75607826718985,177.6678159835848,0.004376828670501709,-0.05194002389907837,-0.07145828008651733
178.61542142340693,177.65278060877645,0.004635632038116455,-0.05196380615234375,-0.07177460193634033
178.54253418966917,177.6999244382573,0.004700005054473877,-0.05207991600036621,-0.07193207740783691
178.45723312471864,177.66234638478238,0.004965603351593018,-0.052053213119506836,-0.07219421863555908
178.2310488961632,177.80298358217024,0.005337774753570557,-0.05170661211013794,-0.07218039035797119
178.0406578690401,177.80218936900778,0.005425691604614258,-0.051681578159332275,-0.07222229242324829
177.86459960961866,177.8136907920141,0.005567014217376709,-0.051683247089385986,-0.07226693630218506
177.77945716578176,177.777076789976,0.005685985088348389,-0.051550090312957764,-0.07241308689117432
177.68190044027693,177.84939579212272,0.005740523338317871,-0.05163717269897461,-0.072337806224823
177.61353601100322,177.95630272869957,0.005434870719909668,-0.05197209119796753,-0.07235801219940186
177.52624503906947,178.0160654325571,0.005364537239074707,-0.05219459533691406,-0.07234996557235718
177.30533022677676,178.19726319914773,0.005412876605987549,-0.05279618501663208,-0.07286769151687622
177.08215648573716,178.3917559695838,0.005312979221343994,-0.05381786823272705,-0.07345354557037354
176.98210134757258,178.6151191989674,0.005308389663696289,-0.05470418930053711,-0.07390296459197998
176.79408148402476,178.8229438442453,0.005194306373596191,-0.05556994676589966,-0.07407265901565552
176.6953029520648,178.89455912114883,0.0048149824142456055,-0.05651652812957764,-0.07445424795150757
176.9914088282949,178.889244794869,0.003992676734924316,-0.057507991790771484,-0.07470417022705078
177.14892503286362,178.9405607996842,0.0033853650093078613,-0.0582008957862854,-0.07479000091552734
177.10635948918022,179.35703472826594,0.003172457218170166,-0.05854368209838867,-0.07472860813140869
177.22144585257098,179.94049773302956,0.002937912940979004,-0.05898165702819824,-0.07456475496292114
177.242341255936,179.99283249141777,0.0028132200241088867,-0.05918264389038086,-0.0739641785621643
176.9698646595109,179.53669892617367,0.002731144428253174,-0.059552788734436035,-0.0724366307258606
176.75685259407433,179.19177923157878,0.002762436866760254,-0.05958837270736694,-0.0714377760887146
176.47049760974429,179.5904050504918,0.0035657286643981934,-0.059605538845062256,-0.07129532098770142
176.50456722903732,179.76087687873624,0.0037200450897216797,-0.059542834758758545,-0.07108157873153687
176.57638955476648,179.86357307768918,0.004349172115325928,-0.059509992599487305,-0.0716623067855835
176.80326526445876,179.96408193254442,0.0053969621658325195,-0.05955362319946289,-0.07261049747467041
176.58639941558243,179.7583856730709,0.005554080009460449,-0.061127543449401855,-0.07219743728637695
176.10600944192302,179.2729480104822,0.005630970001220703,-0.06278687715530396,-0.07197195291519165
176.01975786533782,179.4177543230751,0.006294190883636475,-0.06366610527038574,-0.07252329587936401
176.60925038058596,179.90555098100236,0.0075016021728515625,-0.0650792121887207,-0.07365524768829346
