frame,x0,y0,z0,x1,y1,z1,x2,y2,z2,x3,y3,z3,x4,y4,z4,x5,y5,z5,x6,y6,z6,x7,y7,z7,x8,y8,z8,x9,y9,z9,x10,y10,z10,x11,y11,z11,x12,y12,z12,x13,y13,z13,x14,y14,z14,x15,y15,z15,x16,y16,z16,x17,y17,z17,x18,y18,z18,x19,y19,z19,x20,y20,z20,x21,y21,z21,x22,y22,z22
0,0.5388867259025574,0.4573553204536438,-0.597942590713501,0.551286518573761,0.45087921619415283,-0.581002414226532,0.5572909712791443,0.45116016268730164,-0.5807833075523376,0.5634942054748535,0.4515433609485626,-0.5808406472206116,0.5309218764305115,0.44954612851142883,-0.5836368799209595,0.5222243666648865,0.4487878084182739,-0.583761990070343,0.5141558647155762,0.44810211658477783,-0.5837977528572083,0.572163462638855,0.4531835913658142,-0.41952651739120483,0.4996977746486664,0.44855931401252747,-0.43732544779777527,0.5440030097961426,0.46586304903030396,-0.5321956872940063,0.5208820104598999,0.4645184874534607,-0.5378516316413879,0.588485598564148,0.47979503870010376,-0.305891752243042,0.45260104537010193,0.4743884205818176,-0.2881240248680115,0.6535850763320923,0.4326058626174927,-0.3250410854816437,0.39495137333869934,0.43040236830711365,-0.336700975894928,0.5709660649299622,0.4238017797470093,-0.20746438205242157,0.4724671244621277,0.4535699486732483,-0.27191290259361267,0.5506455898284912,0.4244338870048523,-0.21774841845035553,0.4863416850566864,0.4579169452190399,-0.29063650965690613,0.5494245886802673,0.42505618929862976,-0.17440924048423767,0.49318182468414307,0.46150001883506775,-0.2408861219882965,0.5552093982696533,0.42600932717323303,-0.19219350814819336,0.4902123212814331,0.4607231914997101,-0.2583196759223938
1,0.5392383337020874,0.457360178232193,-0.6042420268058777,0.5513046979904175,0.4511682689189911,-0.5866367816925049,0.5572915077209473,0.4515003561973572,-0.58646160364151,0.5634905695915222,0.45191672444343567,-0.5865917801856995,0.5318331122398376,0.44965600967407227,-0.5887937545776367,0.5236544609069824,0.4488835334777832,-0.5888458490371704,0.5159483551979065,0.448208212852478,-0.5888863801956177,0.571566641330719,0.45354557037353516,-0.425132691860199,0.5009638667106628,0.44859105348587036,-0.4404102861881256,0.5443912148475647,0.46579113602638245,-0.5391083359718323,0.5222845077514648,0.46447423100471497,-0.5438059568405151,0.5885395407676697,0.4797883927822113,-0.33216792345046997,0.4528428018093109,0.4746769666671753,-0.2957827150821686,0.6513811945915222,0.4322722554206848,-0.3710266649723053,0.39495232701301575,0.4312579929828644,-0.339272141456604,0.5709653496742249,0.42344972491264343,-0.2463245838880539,0.47406113147735596,0.450989693403244,-0.25343671441078186,0.5506629943847656,0.4242897927761078,-0.266067773103714,0.4888151288032532,0.4523653984069824,-0.2703481912612915,0.5488465428352356,0.4250483214855194,-0.22147300839424133,0.49490445852279663,0.4560829699039459,-0.2333718240261078,0.5548304319381714,0.42599818110466003,-0.23236429691314697,0.4906189739704132,0.45583441853523254,-0.24615126848220825
2,0.5394785404205322,0.4582158923149109,-0.663966953754425,0.5513322353363037,0.4525751769542694,-0.6479542255401611,0.5572954416275024,0.45295560359954834,-0.6477866172790527,0.5634849071502686,0.453330934047699,-0.6479528546333313,0.5328394770622253,0.45079466700553894,-0.6506195664405823,0.5252352952957153,0.4499213993549347,-0.6506055593490601,0.517998456954956,0.44914939999580383,-0.6505979895591736,0.5713690519332886,0.45447808504104614,-0.48006731271743774,0.5026007890701294,0.44884759187698364,-0.4976832866668701,0.5447689294815063,0.4659091532230377,-0.5948376059532166,0.5229498147964478,0.4647237956523895,-0.600132167339325,0.5898540616035461,0.4789995849132538,-0.38346511125564575,0.4553401470184326,0.4746518135070801,-0.3569145202636719,0.6494936347007751,0.4321235418319702,-0.45342352986335754,0.3942202925682068,0.43198248744010925,-0.45176637172698975,0.5705605149269104,0.42358964681625366,-0.37036022543907166,0.4742752015590668,0.45065954327583313,-0.42429521679878235,0.5503239035606384,0.4247089624404907,-0.401070773601532,0.48935040831565857,0.4517945647239685,-0.4512787461280823,0.5476648807525635,0.4259178936481476,-0.35661664605140686,0.4955404996871948,0.45465758442878723,-0.41526976227760315,0.5538082122802734,0.4267549514770508,-0.3580159544944763,0.4917585551738739,0.4550175666809082,-0.41819801926612854
3,0.539696455001831,0.45957091450691223,-0.7066134810447693,0.5513943433761597,0.4542832672595978,-0.6900395154953003,0.557304859161377,0.45466718077659607,-0.689850926399231,0.5634737610816956,0.4549778401851654,-0.6900138854980469,0.5342460870742798,0.45228368043899536,-0.6918234825134277,0.5274800658226013,0.45126157999038696,-0.6918280124664307,0.5205784440040588,0.4502730071544647,-0.6918256878852844,0.5711556077003479,0.45542171597480774,-0.5164479613304138,0.5049269199371338,0.4491235613822937,-0.5299301147460938,0.5449308156967163,0.4663338363170624,-0.6350841522216797,0.5234911441802979,0.4651857614517212,-0.6392555236816406,0.5904727578163147,0.4789663851261139,-0.412927508354187,0.45683419704437256,0.4746842384338379,-0.39186421036720276,0.6480994820594788,0.4322221577167511,-0.5132681131362915,0.3909669518470764,0.4322589039802551,-0.562013566493988,0.570529043674469,0.4238071143627167,-0.43926918506622314,0.474260151386261,0.4505399763584137,-0.6210680603981018,0.550349235534668,0.42503395676612854,-0.47162866592407227,0.49057871103286743,0.4511348605155945,-0.6606537699699402,0.5471428036689758,0.426483154296875,-0.42309287190437317,0.49566060304641724,0.45385661721229553,-0.618582546710968,0.5532572865486145,0.42750921845436096,-0.42553582787513733,0.49213337898254395,0.4543699026107788,-0.6144031882286072
4,0.5408302545547485,0.46031102538108826,-0.7149667739868164,0.5521042943000793,0.45506203174591064,-0.7003270983695984,0.5578846335411072,0.4553559720516205,-0.700135350227356,0.5638375878334045,0.4555598795413971,-0.7003067135810852,0.5363395810127258,0.4531533420085907,-0.7027069926261902,0.5303092002868652,0.4520913064479828,-0.7027198672294617,0.5236961245536804,0.4509690999984741,-0.7027150988578796,0.5712308287620544,0.45557448267936707,-0.530963122844696,0.5078909993171692,0.449200838804245,-0.5470485687255859,0.5459482669830322,0.4664497971534729,-0.643929123878479,0.5256229639053345,0.4654102027416229,-0.6488988995552063,0.592546820640564,0.478834331035614,-0.43401089310646057,0.458040326833725,0.47468429803848267,-0.4120885729789734,0.6482827663421631,0.4329893887042999,-0.5557244420051575,0.3884592652320862,0.4322286546230316,-0.6236476302146912,0.5706785321235657,0.42467308044433594,-0.4900333881378174,0.47684285044670105,0.4504695236682892,-0.7184137105941772,0.5509330630302429,0.42557016015052795,-0.5207468271255493,0.492310106754303,0.45113280415534973,-0.7584697008132935,0.5471241474151611,0.42750734090805054,-0.469236820936203,0.496001660823822,0.45378008484840393,-0.7110767364501953,0.5531216859817505,0.42887774109840393,-0.4747748076915741,0.4927666485309601,0.45416656136512756,-0.7100050449371338
5,0.5429849028587341,0.46083512902259827,-0.6900616884231567,0.5530459880828857,0.45523297786712646,-0.6757692098617554,0.5586727857589722,0.4553966820240021,-0.6755976676940918,0.5644599199295044,0.4555015563964844,-0.6757687926292419,0.5381477475166321,0.45372629165649414,-0.6784633994102478,0.5324023962020874,0.45280855894088745,-0.678473174571991,0.5258743762969971,0.45178449153900146,-0.6784969568252563,0.571461021900177,0.45555031299591064,-0.5071728229522705,0.5097968578338623,0.44960346817970276,-0.5245164036750793,0.5482931733131409,0.46646472811698914,-0.6193755269050598,0.5291258096694946,0.46575117111206055,-0.6246787309646606,0.5949022769927979,0.4785696566104889,-0.39734187722206116,0.459740549325943,0.47473466396331787,-0.37779501080513,0.6492611765861511,0.43507182598114014,-0.4674179255962372,0.3880750238895416,0.4332747757434845,-0.49821242690086365,0.5712119340896606,0.4253239929676056,-0.37485742568969727,0.47692012786865234,0.450742244720459,-0.49808529019355774,0.5514763593673706,0.4260411560535431,-0.3978825807571411,0.4924294650554657,0.45143747329711914,-0.5263142585754395,0.5471376776695251,0.42809024453163147,-0.35095489025115967,0.49601060152053833,0.4540587067604065,-0.4813770353794098,0.5531271696090698,0.4295791685581207,-0.3602443039417267,0.4928341209888458,0.45443686842918396,-0.48831701278686523
6,0.544754147529602,0.46128225326538086,-0.6754066348075867,0.5540180802345276,0.4555906355381012,-0.6598373055458069,0.5595294833183289,0.45567041635513306,-0.6596613526344299,0.5651450157165527,0.45568808913230896,-0.6598172783851624,0.5392147898674011,0.4541589021682739,-0.662248969078064,0.5335079431533813,0.4532647728919983,-0.6622666716575623,0.5271440148353577,0.4522790312767029,-0.6622973680496216,0.5714737176895142,0.4555136263370514,-0.4914669692516327,0.5116719603538513,0.4501436948776245,-0.5082053542137146,0.5502338409423828,0.46650150418281555,-0.605374813079834,0.5317055583000183,0.46585771441459656,-0.6104605197906494,0.5965506434440613,0.4791262745857239,-0.38390782475471497,0.4600147306919098,0.4750817120075226,-0.3625614047050476,0.6495659351348877,0.43715178966522217,-0.4448627233505249,0.38745638728141785,0.4336014986038208,-0.4854767620563507,0.5712594985961914,0.4267634153366089,-0.3680517077445984,0.4768334925174713,0.45079168677330017,-0.499318927526474,0.5515367984771729,0.4272187650203705,-0.38116490840911865,0.4928881525993347,0.4516328275203705,-0.5302257537841797,0.5469037890434265,0.42935746908187866,-0.34212595224380493,0.49609509110450745,0.45418041944503784,-0.49010372161865234,0.552927553653717,0.43085765838623047,-0.3569907248020172,0.49299877882003784,0.45449796319007874,-0.49224427342414856
7,0.5447577238082886,0.46245017647743225,-0.6626038551330566,0.5541889071464539,0.45672354102134705,-0.6485891938209534,0.5596463084220886,0.4567869007587433,-0.6484347581863403,0.5652152299880981,0.4567626714706421,-0.6486356854438782,0.5393109917640686,0.45504337549209595,-0.6504542231559753,0.5335975289344788,0.454012393951416,-0.6504316926002502,0.5273786187171936,0.4529150724411011,-0.6505193114280701,0.5713343024253845,0.45589932799339294,-0.47822296619415283,0.512641429901123,0.45043954253196716,-0.493115097284317,0.5502148270606995,0.4671400189399719,-0.5907154679298401,0.5315070748329163,0.46635183691978455,-0.595454216003418,0.5965416431427002,0.4800092279911041,-0.3744227886199951,0.45992156863212585,0.4746299684047699,-0.34740421175956726,0.6504397988319397,0.43942388892173767,-0.4413538873195648,0.3845897912979126,0.43240517377853394,-0.47059252858161926,0.5723709464073181,0.4276481568813324,-0.35333436727523804,0.4764748811721802,0.450979083776474,-0.47538232803344727,0.5519200563430786,0.4276100993156433,-0.37507936358451843,0.49277278780937195,0.4527384340763092,-0.5030827522277832,0.5472511649131775,0.4299064576625824,-0.3262496590614319,0.49591588973999023,0.45423758029937744,-0.4609452188014984,0.5532182455062866,0.4316199719905853,-0.33816513419151306,0.4929507076740265,0.45467156171798706,-0.4671570658683777
8,0.5447003841400146,0.4629753828048706,-0.5637117028236389,0.5541787147521973,0.45754534006118774,-0.551520049571991,0.5596103072166443,0.457673579454422,-0.5513590574264526,0.5651863217353821,0.45769134163856506,-0.5515508651733398,0.5391108989715576,0.45552799105644226,-0.5543506741523743,0.533245861530304,0.45438769459724426,-0.5543224215507507,0.526990532875061,0.45323461294174194,-0.5543965697288513,0.5713043808937073,0.45652103424072266,-0.395810604095459,0.5128056406974792,0.450724333524704,-0.4136527478694916,0.5501225590705872,0.4675796329975128,-0.4975429177284241,0.5311021208763123,0.46653690934181213,-0.5031107664108276,0.5964037179946899,0.4797149896621704,-0.2867194414138794,0.4619682729244232,0.47340360283851624,-0.28055310249328613,0.6509758830070496,0.4423006772994995,-0.3274724781513214,0.38502368330955505,0.4324423670768738,-0.3230844736099243,0.573395848274231,0.4294692277908325,-0.18731962144374847,0.476868212223053,0.45304712653160095,-0.2129552662372589,0.5527850985527039,0.42846864461898804,-0.2016269862651825,0.49281665682792664,0.45555296540260315,-0.22676461935043335,0.5473967790603638,0.4309265911579132,-0.1491401493549347,0.4964599907398224,0.4563000798225403,-0.18530361354351044,0.5534868836402893,0.43254804611206055,-0.16967275738716125,0.49295511841773987,0.45610371232032776,-0.2027093768119812
9,0.5446242690086365,0.46345722675323486,-0.5149207711219788,0.5540969371795654,0.45855095982551575,-0.5012370347976685,0.5594165325164795,0.45865100622177124,-0.5010921955108643,0.5648999214172363,0.4586586356163025,-0.5012595057487488,0.5389631986618042,0.45646730065345764,-0.5071380138397217,0.5330401062965393,0.45529261231422424,-0.5071240663528442,0.5268787145614624,0.4541242718696594,-0.507214367389679,0.569516122341156,0.4569583237171173,-0.34267598390579224,0.5130825638771057,0.4512809216976166,-0.37531065940856934,0.5500679016113281,0.4675999581813812,-0.4481877386569977,0.530798077583313,0.46652233600616455,-0.4580748677253723,0.5942739844322205,0.47827577590942383,-0.23456160724163055,0.46312034130096436,0.47163137793540955,-0.2505464255809784,0.6512197256088257,0.44458040595054626,-0.26051056385040283,0.38482484221458435,0.43238651752471924,-0.30108702182769775,0.5733827948570251,0.43045327067375183,-0.1382264792919159,0.476634681224823,0.45432931184768677,-0.20113559067249298,0.5530332326889038,0.42877110838890076,-0.1522326022386551,0.49212583899497986,0.45792490243911743,-0.2166081964969635,0.5473691821098328,0.43144217133522034,-0.10423330217599869,0.4950248897075653,0.4582943022251129,-0.17640316486358643,0.5531989336013794,0.43361082673072815,-0.12247799336910248,0.4919619858264923,0.45732179284095764,-0.19065874814987183
10,0.5445423722267151,0.46339550614356995,-0.47060975432395935,0.554078996181488,0.4585503339767456,-0.4554332494735718,0.5594049692153931,0.45866334438323975,-0.4552993178367615,0.564895510673523,0.45869848132133484,-0.4554780423641205,0.5388575792312622,0.45652639865875244,-0.4585520327091217,0.5329341292381287,0.4554246664047241,-0.4585541784763336,0.5268716812133789,0.45434412360191345,-0.4586383104324341,0.5692338347434998,0.45721784234046936,-0.29639187455177307,0.513840913772583,0.4517330825328827,-0.31641796231269836,0.5499710440635681,0.46759453415870667,-0.40423089265823364,0.5306633114814758,0.46644261479377747,-0.41055047512054443,0.5942797064781189,0.47841671109199524,-0.18705959618091583,0.4649254381656647,0.471504807472229,-0.18923230469226837,0.6513398289680481,0.44682806730270386,-0.1819569617509842,0.3850235044956207,0.432453453540802,-0.2054923176765442,0.5743657350540161,0.4307367205619812,-0.0026870649307966232,0.4768853187561035,0.4545639157295227,-0.08118714392185211,0.554007887840271,0.42871424555778503,-0.008345002308487892,0.49208900332450867,0.45763763785362244,-0.09347475320100784,0.5478885769844055,0.43121537566185,0.039941318333148956,0.4950496554374695,0.45832934975624084,-0.05460892990231514,0.553812563419342,0.43322768807411194,0.014749717898666859,0.49198687076568604,0.4575634300708771,-0.0711522027850151
11,0.5446066856384277,0.4644604027271271,-0.5399670004844666,0.5543133616447449,0.45993030071258545,-0.5249143838882446,0.5595715641975403,0.46020403504371643,-0.5247588753700256,0.5649815201759338,0.4604043960571289,-0.5249220728874207,0.5389732718467712,0.45754560828208923,-0.5280888676643372,0.5329604744911194,0.45635855197906494,-0.5281044840812683,0.5267777442932129,0.4552350342273712,-0.5281659364700317,0.5692245960235596,0.4590242803096771,-0.3626871109008789,0.5135489702224731,0.4525419771671295,-0.3817685842514038,0.5498718619346619,0.46845194697380066,-0.47233501076698303,0.5305143594741821,0.4671027958393097,-0.4787259101867676,0.5923881530761719,0.4805249571800232,-0.25111308693885803,0.4646177589893341,0.47202542424201965,-0.24756214022636414,0.651580274105072,0.4489131271839142,-0.2653904855251312,0.38554638624191284,0.4329404830932617,-0.28738534450531006,0.5759404897689819,0.43068236112594604,-0.12252334505319595,0.47690466046333313,0.4545760154724121,-0.17726032435894012,0.5557180643081665,0.4286169707775116,-0.1345435529947281,0.49201345443725586,0.4574299156665802,-0.19086448848247528,0.5493067502975464,0.4308394491672516,-0.08858539909124374,0.49465903639793396,0.45831021666526794,-0.15410882234573364,0.5546118021011353,0.43298619985580444,-0.10693546384572983,0.49165216088294983,0.45768052339553833,-0.16812986135482788
12,0.5447854399681091,0.4649959206581116,-0.5597518086433411,0.5549367070198059,0.4605660140514374,-0.5411858558654785,0.5601851940155029,0.46096527576446533,-0.5411040186882019,0.5654876232147217,0.4612857699394226,-0.5412885546684265,0.539435088634491,0.45787736773490906,-0.5474830865859985,0.5333681106567383,0.4566015601158142,-0.5475559234619141,0.5270697474479675,0.4553956985473633,-0.5476890802383423,0.5692516565322876,0.4604667127132416,-0.3688659071922302,0.5134516358375549,0.4528927206993103,-0.3991473615169525,0.5498036742210388,0.46914464235305786,-0.4863838851451874,0.5303959846496582,0.4674718677997589,-0.49778398871421814,0.5912171006202698,0.48464342951774597,-0.2679596543312073,0.46369802951812744,0.474141925573349,-0.25094348192214966,0.6531525254249573,0.4511644244194031,-0.26880648732185364,0.38558322191238403,0.432733416557312,-0.32031604647636414,0.5766021013259888,0.43183550238609314,-0.1817852258682251,0.4769159257411957,0.45661818981170654,-0.24384282529354095,0.556255042552948,0.4290720224380493,-0.19701309502124786,0.49154457449913025,0.46013686060905457,-0.26001957058906555,0.5496101379394531,0.43130239844322205,-0.14072132110595703,0.4946141541004181,0.4606555700302124,-0.2214110940694809,0.5548385977745056,0.4335462152957916,-0.16335046291351318,0.4916227459907532,0.45952606201171875,-0.2343384474515915
13,0.5447476506233215,0.4661182165145874,-0.604966402053833,0.5549272894859314,0.46164241433143616,-0.5883527398109436,0.5601789951324463,0.46203872561454773,-0.5882399082183838,0.565485417842865,0.4623541831970215,-0.5884456634521484,0.5393776893615723,0.45877963304519653,-0.5950514674186707,0.5332865118980408,0.45740023255348206,-0.5950843095779419,0.5269734859466553,0.4560966193675995,-0.5951964259147644,0.569269597530365,0.46139970421791077,-0.40440547466278076,0.5136100053787231,0.4535401463508606,-0.4417934715747833,0.5497647523880005,0.4701146185398102,-0.5274225473403931,0.530187726020813,0.4680884778499603,-0.5389814376831055,0.5909003019332886,0.4860801696777344,-0.27538231015205383,0.4635331332683563,0.47562578320503235,-0.2632821500301361,0.6544183492660522,0.452582985162735,-0.289111852645874,0.3863492012023926,0.4347315728664398,-0.3112551271915436,0.5777744054794312,0.4321063458919525,-0.16208504140377045,0.47690168023109436,0.4572518765926361,-0.18129126727581024,0.5566502213478088,0.4294871985912323,-0.17367687821388245,0.4914504885673523,0.45988860726356506,-0.1898951679468155,0.5501314997673035,0.43187248706817627,-0.1224987804889679,0.4945949912071228,0.4609445035457611,-0.1518443077802658,0.5550357103347778,0.4339818060398102,-0.1448488086462021,0.4911799430847168,0.4602672755718231,-0.17047548294067383
14,0.5447205305099487,0.46738630533218384,-0.5589640736579895,0.5549556016921997,0.46283310651779175,-0.5447855591773987,0.560206413269043,0.46324479579925537,-0.5446579456329346,0.5655137896537781,0.4635551869869232,-0.5448392629623413,0.5393472909927368,0.4597510099411011,-0.5506283640861511,0.5332443118095398,0.4582745134830475,-0.5506749153137207,0.5269345641136169,0.4568823277950287,-0.5508063435554504,0.5693274736404419,0.4624454379081726,-0.37621644139289856,0.5140219926834106,0.4542395770549774,-0.4088016152381897,0.549723207950592,0.47133001685142517,-0.48799392580986023,0.5301106572151184,0.4690699577331543,-0.49798357486724854,0.5907770395278931,0.4875392019748688,-0.2513495087623596,0.46335768699645996,0.47651922702789307,-0.2499687522649765,0.6556963324546814,0.4534478187561035,-0.24867622554302216,0.38958364725112915,0.43657511472702026,-0.269510954618454,0.5782955884933472,0.4318818747997284,-0.10825099050998688,0.47689178586006165,0.4583212435245514,-0.13955597579479218,0.5576534867286682,0.42939847707748413,-0.11483481526374817,0.49120447039604187,0.4601890742778778,-0.14642558991909027,0.5506410002708435,0.43185147643089294,-0.063369020819664,0.4940052032470703,0.4615008234977722,-0.10569499433040619,0.5557522177696228,0.43379369378089905,-0.08983313292264938,0.49068018794059753,0.4613040089607239,-0.12834419310092926
15,0.5449619889259338,0.4673073887825012,-0.5599329471588135,0.5551064014434814,0.46255043148994446,-0.5451637506484985,0.5602597594261169,0.46292009949684143,-0.5450519323348999,0.5655266642570496,0.46320876479148865,-0.5452778935432434,0.5397996306419373,0.45957958698272705,-0.5509126782417297,0.5339401960372925,0.45811066031455994,-0.5511465668678284,0.5279382467269897,0.45671823620796204,-0.5514431595802307,0.5693331360816956,0.46216022968292236,-0.38433337211608887,0.5161597728729248,0.454161673784256,-0.4136233925819397,0.549964189529419,0.4713398218154907,-0.49389922618865967,0.5306549668312073,0.4689946174621582,-0.5029804706573486,0.590313196182251,0.4880058169364929,-0.2622019648551941,0.463236004114151,0.47660189867019653,-0.26094484329223633,0.6563186049461365,0.4545178711414337,-0.26820284128189087,0.3888168931007385,0.43634188175201416,-0.29243040084838867,0.5786557793617249,0.4327295422554016,-0.11590034514665604,0.476877897977829,0.45896053314208984,-0.19305136799812317,0.5582647323608398,0.4296722114086151,-0.11943984776735306,0.490966260433197,0.46035438776016235,-0.21194146573543549,0.5513608455657959,0.4321348965167999,-0.06682468205690384,0.49400895833969116,0.46164777874946594,-0.17408567667007446,0.5559875965118408,0.43491891026496887,-0.09627265483140945,0.49066662788391113,0.46154192090034485,-0.18687254190444946
16,0.5449339747428894,0.46855345368385315,-0.5672823190689087,0.5551369786262512,0.4635988175868988,-0.5515724420547485,0.5602612495422363,0.46392932534217834,-0.5514496564865112,0.5655247569084167,0.46418270468711853,-0.5516538619995117,0.5398487448692322,0.4605851471424103,-0.5569280385971069,0.5339913368225098,0.45898404717445374,-0.5570927858352661,0.5279816389083862,0.45742735266685486,-0.5572912693023682,0.5693438053131104,0.46258845925331116,-0.3884637951850891,0.5160940885543823,0.4544798731803894,-0.41613495349884033,0.5499340891838074,0.47252127528190613,-0.49948209524154663,0.5306077599525452,0.470102459192276,-0.5077561736106873,0.5897188782691956,0.4888084828853607,-0.26047655940055847,0.4630967676639557,0.47681552171707153,-0.2618767023086548,0.6569403409957886,0.45630279183387756,-0.26800861954689026,0.3880898654460907,0.4362480342388153,-0.2869623899459839,0.5792227983474731,0.43451690673828125,-0.12797783315181732,0.47687095403671265,0.45998814702033997,-0.16410000622272491,0.5586620569229126,0.4312167167663574,-0.13476398587226868,0.49050137400627136,0.4618167281150818,-0.1708534210920334,0.5523502230644226,0.4327978789806366,-0.08211906254291534,0.493928998708725,0.46279239654541016,-0.12618598341941833,0.5562400221824646,0.43654921650886536,-0.10881681740283966,0.4905345141887665,0.46233102679252625,-0.1511441320180893
17,0.545380711555481,0.468831330537796,-0.6004414558410645,0.5557273626327515,0.46385523676872253,-0.5865840911865234,0.5606462955474854,0.4642137885093689,-0.5864075422286987,0.5657438635826111,0.46451160311698914,-0.5865764617919922,0.5407212972640991,0.4607745409011841,-0.5917421579360962,0.5348591804504395,0.45912179350852966,-0.5918405652046204,0.5287909507751465,0.45750269293785095,-0.5920293927192688,0.5693528056144714,0.46315014362335205,-0.4126323163509369,0.5164080262184143,0.4545436501502991,-0.4414137601852417,0.5500195026397705,0.4729181230068207,-0.5270401835441589,0.5306993126869202,0.47040900588035583,-0.5359564423561096,0.5892311334609985,0.4892804026603699,-0.26343807578086853,0.4629281759262085,0.4767599105834961,-0.2735632658004761,0.6576676964759827,0.45761898159980774,-0.2788374423980713,0.3868372142314911,0.4349105954170227,-0.30361104011535645,0.5814183354377747,0.434503436088562,-0.14016079902648926,0.47653883695602417,0.460102379322052,-0.1870240718126297,0.5605975985527039,0.4314414858818054,-0.15172533690929413,0.4897134006023407,0.4627435803413391,-0.20416831970214844,0.554938793182373,0.43276259303092957,-0.10229527205228806,0.49339959025382996,0.46363821625709534,-0.16560354828834534,0.5587850213050842,0.436579167842865,-0.12451113015413284,0.48977765440940857,0.46288174390792847,-0.18056020140647888
18,0.5451838374137878,0.468529611825943,-0.6105917096138,0.5557210445404053,0.4635552763938904,-0.5968279838562012,0.5606198310852051,0.4639187157154083,-0.5966207981109619,0.5656778812408447,0.46422529220581055,-0.5967576503753662,0.5406904816627502,0.46055546402931213,-0.6019978523254395,0.5348080396652222,0.45896750688552856,-0.6020911931991577,0.5287671089172363,0.45740869641304016,-0.6022834777832031,0.5691538453102112,0.4631050229072571,-0.42065879702568054,0.5171269774436951,0.4544968605041504,-0.4487350881099701,0.549927294254303,0.47269827127456665,-0.5364252924919128,0.5305425524711609,0.4703773856163025,-0.5453349351882935,0.5882412195205688,0.48981714248657227,-0.2653975188732147,0.4628294110298157,0.47639191150665283,-0.27440309524536133,0.6580483317375183,0.4585031569004059,-0.2840321362018585,0.3857862651348114,0.4338957965373993,-0.2669554054737091,0.5816003680229187,0.43721458315849304,-0.15980850160121918,0.4765394628047943,0.4604903757572174,-0.0830473005771637,0.5613696575164795,0.43354591727256775,-0.16877833008766174,0.48971521854400635,0.4637993276119232,-0.08241437375545502,0.5553393959999084,0.43623772263526917,-0.114652119576931,0.493376761674881,0.4646856188774109,-0.039846740663051605,0.5595191121101379,0.43917614221572876,-0.14190629124641418,0.4896763861179352,0.46345633268356323,-0.06933789700269699
19,0.5443728566169739,0.4683118462562561,-0.5856461524963379,0.5555452704429626,0.46335333585739136,-0.5715826749801636,0.5603019595146179,0.46371766924858093,-0.5713446736335754,0.5651731491088867,0.46402794122695923,-0.5714397430419922,0.5405967235565186,0.4603928029537201,-0.5805193781852722,0.534781277179718,0.4588364362716675,-0.5806231498718262,0.528741180896759,0.45730486512184143,-0.5808649659156799,0.5683688521385193,0.463034451007843,-0.39636602997779846,0.5177595615386963,0.4544801115989685,-0.44033777713775635,0.5493548512458801,0.47258514165878296,-0.5123353600502014,0.529822587966919,0.4702581763267517,-0.5259139537811279,0.5856817960739136,0.48982056975364685,-0.24401412904262543,0.46172526478767395,0.47625526785850525,-0.27291354537010193,0.6590002775192261,0.45935365557670593,-0.260758638381958,0.38488686084747314,0.4322948157787323,-0.24175959825515747,0.5821315050125122,0.4376181662082672,-0.15259550511837006,0.4766075909137726,0.4607120454311371,-0.0008403866668231785,0.5625582337379456,0.4336838126182556,-0.15834663808345795,0.4897695481777191,0.46433886885643005,0.007730855140835047,0.55573570728302,0.43708983063697815,-0.10429932922124863,0.4933958351612091,0.4653871953487396,0.051201220601797104,0.5596674680709839,0.43994805216789246,-0.1344616562128067,0.4896794855594635,0.46387794613838196,0.015081904828548431
20,0.5442616939544678,0.46815890073776245,-0.5858945846557617,0.555533230304718,0.46320807933807373,-0.5709125995635986,0.5602166056632996,0.4635706841945648,-0.5706796646118164,0.5649590492248535,0.4638809561729431,-0.5707612633705139,0.5405663847923279,0.4602859914302826,-0.5802880525588989,0.5347653031349182,0.45875391364097595,-0.5804067850112915,0.5288019180297852,0.4572416841983795,-0.5806602239608765,0.5676074028015137,0.46301713585853577,-0.39114663004875183,0.5177754759788513,0.4544658064842224,-0.44010236859321594,0.5492110848426819,0.47249075770378113,-0.512612521648407,0.5295297503471375,0.4701666235923767,-0.5259889960289001,0.5835140943527222,0.48986026644706726,-0.24742543697357178,0.4586792588233948,0.47622108459472656,-0.2736382484436035,0.6597328782081604,0.4599822163581848,-0.26502540707588196,0.38303300738334656,0.4304850697517395,-0.24705016613006592,0.58218914270401,0.4375852048397064,-0.15336941182613373,0.4765338897705078,0.4605170786380768,-0.0013996761990711093,0.5630425214767456,0.433560848236084,-0.1611800193786621,0.4897690713405609,0.46396395564079285,0.006307524628937244,0.555763304233551,0.4371040165424347,-0.10662178695201874,0.49335625767707825,0.4651501774787903,0.04807838052511215,0.5596193671226501,0.4399365186691284,-0.1367354840040207,0.48956412076950073,0.46372339129447937,0.013840148225426674
21,0.5431815981864929,0.4685386121273041,-0.5809493064880371,0.5550464987754822,0.4635217785835266,-0.5664461255073547,0.5596696138381958,0.463890016078949,-0.5662058591842651,0.564357340335846,0.46422481536865234,-0.5662734508514404,0.5400996208190918,0.46061164140701294,-0.5751844048500061,0.5344281196594238,0.4591103196144104,-0.5753024816513062,0.5286200046539307,0.4576430320739746,-0.5755524039268494,0.5672628879547119,0.4634705185890198,-0.38839298486709595,0.5175918340682983,0.4549385905265808,-0.43290969729423523,0.5484330058097839,0.4728936553001404,-0.5074120759963989,0.5283051133155823,0.47053414583206177,-0.5203445553779602,0.5834358930587769,0.49015486240386963,-0.2488693743944168,0.4567995071411133,0.47624048590660095,-0.27404123544692993,0.6599992513656616,0.4602429270744324,-0.2723392844200134,0.3831358850002289,0.4300103485584259,-0.26418620347976685,0.5822288393974304,0.43737131357192993,-0.1852475255727768,0.4766429364681244,0.4616285264492035,-0.08266648650169373,0.5633707642555237,0.43349316716194153,-0.19308456778526306,0.4906739592552185,0.4652189314365387,-0.08209105581045151,0.555931568145752,0.4369746148586273,-0.13925029337406158,0.49405476450920105,0.46632668375968933,-0.038970209658145905,0.5596891045570374,0.4397055506706238,-0.1679089069366455,0.4897497892379761,0.46490660309791565,-0.0684279203414917
22,0.5435989499092102,0.4684363603591919,-0.5764656066894531,0.5552729964256287,0.4634328782558441,-0.5622272491455078,0.5598586797714233,0.46375125646591187,-0.5619872808456421,0.5645184516906738,0.46406304836273193,-0.5620775818824768,0.5405007004737854,0.460555762052536,-0.5725380778312683,0.5349670052528381,0.45904311537742615,-0.5726470351219177,0.529367983341217,0.4575715959072113,-0.572886049747467,0.5672783255577087,0.4634290039539337,-0.3878169655799866,0.5181642174720764,0.4549271762371063,-0.43576329946517944,0.548850953578949,0.4728212058544159,-0.5039348602294922,0.5292591452598572,0.4704833924770355,-0.5189680457115173,0.5828376412391663,0.48997604846954346,-0.24482093751430511,0.4568559527397156,0.47604504227638245,-0.28614541888237,0.6605079174041748,0.4605129361152649,-0.2756201922893524,0.382315456867218,0.42850759625434875,-0.2914170026779175,0.5828210711479187,0.43714189529418945,-0.18597571551799774,0.4762655794620514,0.46144112944602966,-0.10050225257873535,0.5643736124038696,0.43340620398521423,-0.19318190217018127,0.49066632986068726,0.4651573896408081,-0.09941422194242477,0.5568500757217407,0.4367332458496094,-0.13827747106552124,0.494035005569458,0.4661501348018646,-0.051577284932136536,0.560728132724762,0.43951669335365295,-0.16780956089496613,0.48957255482673645,0.4647100567817688,-0.08442262560129166
23,0.5436465740203857,0.46847787499427795,-0.5667779445648193,0.5552747845649719,0.46335074305534363,-0.5499075651168823,0.5598581433296204,0.4636656939983368,-0.5496827363967896,0.564517617225647,0.46397626399993896,-0.5497424602508545,0.540552020072937,0.46053144335746765,-0.5604269504547119,0.5350759029388428,0.45904237031936646,-0.5605272650718689,0.5295690298080444,0.4575946629047394,-0.5607649683952332,0.5671983361244202,0.4633437395095825,-0.37206459045410156,0.5183585286140442,0.45500099658966064,-0.42325881123542786,0.5488501191139221,0.47282078862190247,-0.4942898154258728,0.5293322205543518,0.470552533864975,-0.5099331140518188,0.5821565985679626,0.48982033133506775,-0.23516526818275452,0.45571020245552063,0.47627317905426025,-0.2744916081428528,0.6607064604759216,0.46085256338119507,-0.25845909118652344,0.3821789026260376,0.42823684215545654,-0.24528753757476807,0.5827919840812683,0.4372197091579437,-0.14856068789958954,0.476563960313797,0.46140187978744507,0.013390159234404564,0.5646584033966064,0.43329566717147827,-0.15203195810317993,0.4913475513458252,0.4648398458957672,0.024742526933550835,0.5568923354148865,0.43689367175102234,-0.09790245443582535,0.49469897150993347,0.4660109877586365,0.06999129056930542,0.5607078075408936,0.43986594676971436,-0.1303701251745224,0.4898390471935272,0.4647211730480194,0.03001326508820057
24,0.5438003540039062,0.468495637178421,-0.6441706418991089,0.5552951693534851,0.46329814195632935,-0.6312016248703003,0.5598638653755188,0.46365001797676086,-0.6309294104576111,0.5645185112953186,0.46391674876213074,-0.630997896194458,0.5406745076179504,0.46049460768699646,-0.6404091119766235,0.5352804660797119,0.45901617407798767,-0.6405348181724548,0.5298924446105957,0.457577645778656,-0.6407591104507446,0.5671855211257935,0.4631974399089813,-0.45514941215515137,0.5190112590789795,0.4550115466117859,-0.5012452602386475,0.5491597056388855,0.47278133034706116,-0.5704444050788879,0.5299462080001831,0.4705570340156555,-0.5847810506820679,0.5820338129997253,0.4894382357597351,-0.3148535490036011,0.45573318004608154,0.4762153625488281,-0.328718900680542,0.6608564257621765,0.4612475335597992,-0.3586815893650055,0.381924569606781,0.4276750683784485,-0.3203185498714447,0.5828015208244324,0.4373408257961273,-0.23801785707473755,0.4759944677352905,0.46120452880859375,-0.06523008644580841,0.5648452639579773,0.43325212597846985,-0.2403983473777771,0.4913398325443268,0.4646901786327362,-0.023706186562776566,0.5575273036956787,0.4367518126964569,-0.18176259100437164,0.4946642518043518,0.46592962741851807,0.0571405403316021,0.5608062148094177,0.44018492102622986,-0.21693642437458038,0.4896763563156128,0.4646661579608917,-0.039804134517908096
25,0.5439190864562988,0.4683663547039032,-0.644045352935791,0.5553073883056641,0.4629155993461609,-0.6293519735336304,0.5598753690719604,0.4632188677787781,-0.6290770173072815,0.564531683921814,0.46346205472946167,-0.6291197538375854,0.5407294034957886,0.4601985216140747,-0.6377692222595215,0.5354318618774414,0.4587659239768982,-0.637906551361084,0.530239462852478,0.4573950469493866,-0.6381486058235168,0.5671928524971008,0.4627770781517029,-0.4527478814125061,0.5201191902160645,0.45500168204307556,-0.4950447976589203,0.5492672920227051,0.4726698100566864,-0.5713686943054199,0.5301686525344849,0.47041162848472595,-0.5846355557441711,0.582096517086029,0.4893864393234253,-0.327647864818573,0.4557279050350189,0.47629934549331665,-0.32737401127815247,0.6610683798789978,0.46184131503105164,-0.3697335124015808,0.3816990852355957,0.42763397097587585,-0.3324841260910034,0.5828865766525269,0.4377228021621704,-0.2211488038301468,0.4758378863334656,0.46117734909057617,-0.08999080955982208,0.5653679370880127,0.433287113904953,-0.2236659675836563,0.4913385808467865,0.4646524488925934,-0.054116569459438324,0.557479977607727,0.43740764260292053,-0.16443026065826416,0.4946605861186981,0.4657941162586212,0.024355854839086533,0.5607815980911255,0.44082096219062805,-0.19972103834152222,0.48961254954338074,0.4645642936229706,-0.06488782912492752
26,0.5439932346343994,0.46821632981300354,-0.6382173299789429,0.5553140640258789,0.46268513798713684,-0.6222302913665771,0.5598783493041992,0.462973028421402,-0.6219518184661865,0.5645337104797363,0.4632064402103424,-0.6220012307167053,0.5407713055610657,0.459966242313385,-0.6311467885971069,0.5355241298675537,0.45855122804641724,-0.6312767267227173,0.530422031879425,0.45722419023513794,-0.6315191388130188,0.5672137141227722,0.4625731408596039,-0.44413405656814575,0.5205751061439514,0.4549911618232727,-0.4881940484046936,0.5493780374526978,0.4725607633590698,-0.5654886960983276,0.5302389860153198,0.47025126218795776,-0.5792856812477112,0.5821657180786133,0.4893387258052826,-0.3184533715248108,0.45548728108406067,0.47632110118865967,-0.32526564598083496,0.6610585451126099,0.4623221158981323,-0.35386356711387634,0.38173380494117737,0.4275680184364319,-0.3316519260406494,0.5829394459724426,0.4380698502063751,-0.21672654151916504,0.4759574830532074,0.4608820378780365,-0.09518133103847504,0.5653936862945557,0.4334023892879486,-0.21242764592170715,0.49168941378593445,0.4634655714035034,-0.07538727670907974,0.5574735403060913,0.43782249093055725,-0.14703424274921417,0.4950001537799835,0.46563804149627686,-0.018726959824562073,0.5607855319976807,0.44121187925338745,-0.19775289297103882,0.48995038866996765,0.46442654728889465,-0.07451409846544266
27,0.543999969959259,0.4681398272514343,-0.6422315239906311,0.5552893877029419,0.4625500738620758,-0.6257897615432739,0.5598407983779907,0.462812215089798,-0.6255174875259399,0.5644937753677368,0.4630216956138611,-0.6255633234977722,0.540772020816803,0.4598841071128845,-0.6344802379608154,0.5355536937713623,0.4584997892379761,-0.6346153020858765,0.5305194854736328,0.4572046101093292,-0.6348655819892883,0.5672205686569214,0.4624324142932892,-0.4454055428504944,0.5209564566612244,0.45502111315727234,-0.4881379306316376,0.5494472980499268,0.47249189019203186,-0.5687157511711121,0.5302965641021729,0.470187246799469,-0.5821058750152588,0.5824518799781799,0.48937100172042847,-0.3181094825267792,0.4555104970932007,0.4763120412826538,-0.3301556706428528,0.6610485911369324,0.46268028020858765,-0.3549972474575043,0.3817614018917084,0.427457720041275,-0.3536681532859802,0.5830591320991516,0.4384414255619049,-0.21205571293830872,0.4762040078639984,0.4602816700935364,-0.13639436662197113,0.5655379295349121,0.4336344003677368,-0.20376820862293243,0.4922219216823578,0.462364137172699,-0.1281590610742569,0.5577176809310913,0.43817567825317383,-0.1368330717086792,0.4956554174423218,0.4648873209953308,-0.06970418989658356,0.5610852241516113,0.44153961539268494,-0.19615507125854492,0.490556001663208,0.4641083776950836,-0.11768225580453873
28,0.544242799282074,0.4679695665836334,-0.6378917694091797,0.5553092956542969,0.4623180031776428,-0.6209176182746887,0.5598475337028503,0.4625755250453949,-0.6206426024436951,0.5644945502281189,0.4627907872200012,-0.6206818222999573,0.5409057140350342,0.4597209393978119,-0.6301151514053345,0.5357678532600403,0.4583849310874939,-0.6302646398544312,0.5308442711830139,0.45713576674461365,-0.6305271983146667,0.5671401023864746,0.4623517096042633,-0.4408189058303833,0.5213821530342102,0.4550500512123108,-0.48583778738975525,0.5496039986610413,0.47241470217704773,-0.5649570226669312,0.5306581258773804,0.4700959026813507,-0.579071581363678,0.5825333595275879,0.4893414080142975,-0.3155563175678253,0.4556073248386383,0.4763484001159668,-0.33206167817115784,0.6613880395889282,0.46308714151382446,-0.3443913161754608,0.38178420066833496,0.42706790566444397,-0.34531348943710327,0.5834256410598755,0.43863531947135925,-0.1868845522403717,0.4763898551464081,0.45919302105903625,-0.11390790343284607,0.5665892958641052,0.4336589276790619,-0.18224410712718964,0.4924893081188202,0.4614439606666565,-0.10651818662881851,0.5584104061126709,0.4382992684841156,-0.12278713285923004,0.49577993154525757,0.4640301465988159,-0.05133252963423729,0.5614591836929321,0.4417371153831482,-0.1688893735408783,0.4906492829322815,0.4634939134120941,-0.09699083864688873
29,0.5453959703445435,0.4678569436073303,-0.6386445164680481,0.5557013154029846,0.4621489346027374,-0.6210188269615173,0.56014084815979,0.4623878598213196,-0.6207426190376282,0.5646873116493225,0.4625948369503021,-0.6207816004753113,0.5415289998054504,0.4596270024776459,-0.6315972805023193,0.5363848805427551,0.4583226144313812,-0.6317519545555115,0.5314677357673645,0.4571080803871155,-0.6320324540138245,0.5671384930610657,0.46233171224594116,-0.43925216794013977,0.5215973854064941,0.4551525115966797,-0.4904346764087677,0.5504220724105835,0.47237858176231384,-0.5650890469551086,0.5321058630943298,0.470072478055954,-0.5809742212295532,0.5832976698875427,0.4893796741962433,-0.3121798038482666,0.45543602108955383,0.47670862078666687,-0.3422400653362274,0.6614764332771301,0.4634644687175751,-0.34405088424682617,0.3818133771419525,0.4270069897174835,-0.3546275198459625,0.5841185450553894,0.43832826614379883,-0.17078657448291779,0.4764919877052307,0.4587092697620392,-0.11554870754480362,0.5680705904960632,0.4331437647342682,-0.16796322166919708,0.49250951409339905,0.46130532026290894,-0.10925405472517014,0.560039758682251,0.43774059414863586,-0.11407493054866791,0.49579232931137085,0.4639626443386078,-0.05305580049753189,0.5625850558280945,0.4413524568080902,-0.1525883972644806,0.49065905809402466,0.46342772245407104,-0.09848468005657196
30,0.5464763045310974,0.4678328335285187,-0.6210087537765503,0.5562559366226196,0.46212494373321533,-0.5992685556411743,0.560581624507904,0.4623522460460663,-0.5990106463432312,0.5649956464767456,0.46255120635032654,-0.5990301370620728,0.5423545837402344,0.45961228013038635,-0.613867461681366,0.5371493101119995,0.4583047330379486,-0.614030659198761,0.5321741104125977,0.4570877254009247,-0.6143688559532166,0.5670942068099976,0.46230971813201904,-0.4095689654350281,0.5216581225395203,0.45526352524757385,-0.4786190390586853,0.5510119795799255,0.4723687767982483,-0.5453271269798279,0.5329253673553467,0.4700550138950348,-0.5667667984962463,0.5833297371864319,0.489399790763855,-0.28346681594848633,0.4544503688812256,0.4768761992454529,-0.33666059374809265,0.6616644859313965,0.4636685252189636,-0.2946130335330963,0.38182494044303894,0.426716148853302,-0.33827459812164307,0.584380567073822,0.43787476420402527,-0.15868698060512543,0.47674015164375305,0.4581757187843323,-0.0634678453207016,0.5687564015388489,0.4324513077735901,-0.161403626203537,0.492666095495224,0.4611448347568512,-0.05740315467119217,0.5605311393737793,0.4372064471244812,-0.11075820028781891,0.496006578207016,0.4638045132160187,-0.00713147921487689,0.5628359913825989,0.4409370422363281,-0.14185403287410736,0.4908495545387268,0.46322187781333923,-0.04677615687251091
31,0.5486752986907959,0.4682200253009796,-0.6211560368537903,0.5578064322471619,0.46236535906791687,-0.5993558168411255,0.5619907975196838,0.4625234007835388,-0.5990973711013794,0.566163957118988,0.4626716375350952,-0.5991214513778687,0.5440831184387207,0.46004587411880493,-0.6140438318252563,0.5385692119598389,0.458687424659729,-0.6141980886459351,0.5332225561141968,0.4573872685432434,-0.6145250797271729,0.5671724081039429,0.4623740017414093,-0.4075537919998169,0.5216343998908997,0.45546552538871765,-0.478199303150177,0.5523921847343445,0.4725865423679352,-0.5452905893325806,0.53464674949646,0.470577210187912,-0.5665414929389954,0.5831560492515564,0.4893215596675873,-0.279485285282135,0.45328155159950256,0.4766989052295685,-0.3315271735191345,0.6616849303245544,0.46381238102912903,-0.2858770489692688,0.38155248761177063,0.4267600476741791,-0.3214857280254364,0.5843778252601624,0.4372475743293762,-0.16227996349334717,0.4766862094402313,0.45800039172172546,-0.02494434267282486,0.5690665245056152,0.4305819571018219,-0.1658857762813568,0.49263691902160645,0.46108198165893555,-0.01755218580365181,0.5605787634849548,0.4354822039604187,-0.1116238459944725,0.4959966242313385,0.46367087960243225,0.0307383444160223,0.5628252625465393,0.44010207056999207,-0.14515922963619232,0.490795761346817,0.4630318284034729,-0.008148759603500366
32,0.5487886667251587,0.46819570660591125,-0.6211226582527161,0.5580894351005554,0.46236008405685425,-0.5990138053894043,0.5622802972793579,0.46251145005226135,-0.5987523794174194,0.5664129257202148,0.46265551447868347,-0.5987823605537415,0.5442439913749695,0.460034042596817,-0.6139299273490906,0.5386546850204468,0.45867788791656494,-0.6140813231468201,0.5332609415054321,0.45736968517303467,-0.6144003868103027,0.5671781301498413,0.4623498022556305,-0.4054572582244873,0.521612823009491,0.45546379685401917,-0.47720232605934143,0.5524845719337463,0.4725741446018219,-0.5442556738853455,0.5345816016197205,0.47055599093437195,-0.5659391283988953,0.5831717848777771,0.48876720666885376,-0.272737979888916,0.4533284902572632,0.4757658839225769,-0.33073580265045166,0.6616931557655334,0.46394115686416626,-0.28031596541404724,0.38160425424575806,0.42679744958877563,-0.3399201035499573,0.5844434499740601,0.4365021288394928,-0.1617344170808792,0.4766712188720703,0.4573305547237396,-0.06972852349281311,0.5689986944198608,0.43003982305526733,-0.16503141820430756,0.4926478862762451,0.46102815866470337,-0.06402326375246048,0.5606672167778015,0.43383410573005676,-0.11292962729930878,0.49609512090682983,0.46336081624031067,-0.014315078966319561,0.5628349184989929,0.4385223984718323,-0.1444416046142578,0.49072015285491943,0.4623454213142395,-0.05184267461299896
33,0.5482308864593506,0.4683212637901306,-0.6489174365997314,0.5578895807266235,0.46248653531074524,-0.6300069689750671,0.5621221661567688,0.4626289904117584,-0.629707396030426,0.5662868022918701,0.4627642035484314,-0.6297515034675598,0.5438626408576965,0.46012893319129944,-0.6418904662132263,0.538250744342804,0.45875266194343567,-0.6420213580131531,0.5328795313835144,0.4574300944805145,-0.6422998905181885,0.567149817943573,0.46237048506736755,-0.4380490183830261,0.5215728878974915,0.45553556084632874,-0.495855450630188,0.5523147583007812,0.4726427495479584,-0.5714430212974548,0.5338361859321594,0.4705755114555359,-0.5891227722167969,0.5833690166473389,0.48874029517173767,-0.2976791262626648,0.45358210802078247,0.4754050076007843,-0.34106114506721497,0.6617014408111572,0.464019238948822,-0.3108780086040497,0.38193386793136597,0.42696234583854675,-0.33738645911216736,0.5846987366676331,0.43632498383522034,-0.17430579662322998,0.47628170251846313,0.45735302567481995,-0.06507977098226547,0.5689859986305237,0.43006187677383423,-0.172024205327034,0.4925246834754944,0.46113163232803345,-0.05539484694600105,0.560933530330658,0.43341171741485596,-0.11821151524782181,0.4960941970348358,0.4633730351924896,-0.0036591440439224243,0.5630558133125305,0.4380880892276764,-0.15508215129375458,0.49043408036231995,0.4623575806617737,-0.047087185084819794
34,0.5473442673683167,0.4686807096004486,-0.6637861728668213,0.5575651526451111,0.46291109919548035,-0.647388219833374,0.5618847608566284,0.4630366563796997,-0.6470761895179749,0.5661173462867737,0.46314555406570435,-0.6471354365348816,0.5432396531105042,0.4604929983615875,-0.6576634645462036,0.537632405757904,0.45907145738601685,-0.6577847003936768,0.5323079228401184,0.4577045142650604,-0.6580377817153931,0.5671507120132446,0.46252626180648804,-0.4603370428085327,0.521472156047821,0.4557279050350189,-0.5097441673278809,0.5520437955856323,0.47285714745521545,-0.5870773196220398,0.5328232645988464,0.4707220196723938,-0.602446436882019,0.5837045907974243,0.488737016916275,-0.31397342681884766,0.4538077116012573,0.4751487672328949,-0.3475726246833801,0.661898672580719,0.4640662372112274,-0.3173680901527405,0.3822077214717865,0.42724597454071045,-0.33423712849617004,0.5852117538452148,0.436332106590271,-0.1572609543800354,0.47609883546829224,0.457364946603775,-0.04575580731034279,0.5690550208091736,0.43013107776641846,-0.14943626523017883,0.49262046813964844,0.4611660838127136,-0.03201260045170784,0.5614409446716309,0.43340417742729187,-0.09241034090518951,0.4961547255516052,0.4633714258670807,0.020557211712002754,0.5636894106864929,0.43798020482063293,-0.13566142320632935,0.4903964698314667,0.46234047412872314,-0.02754998952150345
35,0.5465390086174011,0.46891137957572937,-0.6592053174972534,0.5572675466537476,0.4632596969604492,-0.6411266922950745,0.5616583824157715,0.4634089469909668,-0.640868067741394,0.5659475326538086,0.4635339379310608,-0.6409293413162231,0.5426020622253418,0.46071353554725647,-0.6532646417617798,0.5369423031806946,0.4592488408088684,-0.6534742116928101,0.5315923690795898,0.4578484296798706,-0.6537449955940247,0.5671388506889343,0.46276167035102844,-0.4555659592151642,0.5210351347923279,0.45587873458862305,-0.5005839467048645,0.551617443561554,0.47303059697151184,-0.5840882658958435,0.5316638946533203,0.4708094000816345,-0.600487470626831,0.5837671160697937,0.4887418746948242,-0.3023703098297119,0.45388975739479065,0.47511452436447144,-0.3356165587902069,0.6621853113174438,0.46411144733428955,-0.2897728681564331,0.38236004114151,0.4273453652858734,-0.2783852815628052,0.5859211087226868,0.43624773621559143,-0.12242450565099716,0.47573918104171753,0.457379013299942,0.04016796126961708,0.569369912147522,0.4301327168941498,-0.11658206582069397,0.4927546977996826,0.46116647124290466,0.056650832295417786,0.5621737241744995,0.4329497516155243,-0.0619124174118042,0.49624720215797424,0.4633557200431824,0.10601452738046646,0.564446210861206,0.4374256730079651,-0.102286197245121,0.49036306142807007,0.4622918367385864,0.057833798229694366
36,0.5461756587028503,0.4690554440021515,-0.6589288711547852,0.5570449829101562,0.4634155333042145,-0.6392760872840881,0.5614457130432129,0.4635627567768097,-0.6390771269798279,0.5657498240470886,0.46368998289108276,-0.6391361951828003,0.5422512888908386,0.46083322167396545,-0.6528348326683044,0.5366173982620239,0.4593464732170105,-0.6529309749603271,0.531329333782196,0.4579311013221741,-0.6532256603240967,0.5670579075813293,0.4628269076347351,-0.4517158567905426,0.5209929347038269,0.45596593618392944,-0.49561890959739685,0.5513521432876587,0.47308218479156494,-0.5831684470176697,0.5311394929885864,0.47085312008857727,-0.5972987413406372,0.5838070511817932,0.4887397885322571,-0.29918596148490906,0.4539707899093628,0.47513464093208313,-0.3325485289096832,0.6626282334327698,0.46417248249053955,-0.2791377305984497,0.382701575756073,0.42741963267326355,-0.2566453814506531,0.5867574214935303,0.43622249364852905,-0.10983385890722275,0.4754682779312134,0.45739784836769104,0.09096659719944,0.5697524547576904,0.4301559031009674,-0.10517524182796478,0.4931100904941559,0.4611872136592865,0.10973962396383286,0.5628889203071594,0.43270567059516907,-0.051773808896541595,0.4964592456817627,0.4633537232875824,0.15777215361595154,0.5651235580444336,0.4371538460254669,-0.09040568768978119,0.4903408885002136,0.46228477358818054,0.10858990252017975
37,0.5461788177490234,0.4691428244113922,-0.6515887379646301,0.5570375323295593,0.4634682238101959,-0.6338094472885132,0.5614315867424011,0.46360263228416443,-0.6335523128509521,0.5657253861427307,0.46372249722480774,-0.6336164474487305,0.5422452092170715,0.46092286705970764,-0.6452297568321228,0.5366134643554688,0.4594406485557556,-0.645319938659668,0.531329333782196,0.4580262005329132,-0.6455980539321899,0.5670362114906311,0.4628281593322754,-0.4492807388305664,0.5210033059120178,0.4560326337814331,-0.4940294623374939,0.5513505935668945,0.4731077551841736,-0.5762565732002258,0.5311552286148071,0.4709102511405945,-0.5907317399978638,0.5839534401893616,0.4887603521347046,-0.3039861023426056,0.45408958196640015,0.4751378893852234,-0.3325153589248657,0.6634904742240906,0.4642099440097809,-0.2849555015563965,0.38280388712882996,0.42751461267471313,-0.25207769870758057,0.587653636932373,0.4362422823905945,-0.11191433668136597,0.4748554229736328,0.457487016916275,0.0992361530661583,0.570172905921936,0.43017053604125977,-0.10696671158075333,0.4931137263774872,0.4612816572189331,0.11837165802717209,0.5635793209075928,0.43269747495651245,-0.05370883643627167,0.4964560270309448,0.4634254276752472,0.16557897627353668,0.565818727016449,0.43713250756263733,-0.09238400310277939,0.48998144268989563,0.4623238146305084,0.11644952744245529
38,0.5465825200080872,0.4692091643810272,-0.6493276953697205,0.5571478009223938,0.4634978175163269,-0.6313096880912781,0.5615116953849792,0.46361953020095825,-0.6310769319534302,0.565780758857727,0.46373340487480164,-0.631142258644104,0.5423968434333801,0.4610203504562378,-0.6427833437919617,0.5367828011512756,0.45956313610076904,-0.6429175138473511,0.5315231680870056,0.4581691324710846,-0.6431810855865479,0.5670369863510132,0.46282774209976196,-0.4460480809211731,0.5212036371231079,0.4561486542224884,-0.49336668848991394,0.5516766309738159,0.4731215536594391,-0.5736546516418457,0.531575620174408,0.4709807336330414,-0.5890292525291443,0.5843541622161865,0.4888084828853607,-0.3030122220516205,0.45423755049705505,0.4752386212348938,-0.3321153521537781,0.6641067862510681,0.4642082154750824,-0.2840312123298645,0.383049875497818,0.42775601148605347,-0.26059284806251526,0.5885049700737,0.43624210357666016,-0.10834480077028275,0.4748075604438782,0.457628458738327,0.07943317294120789,0.5706765651702881,0.4301961660385132,-0.10409766435623169,0.4932992458343506,0.4613751173019409,0.09621860086917877,0.5641897916793823,0.4326395094394684,-0.05286240577697754,0.49653369188308716,0.46357008814811707,0.14322063326835632,0.5665343403816223,0.43706777691841125,-0.08958333730697632,0.48992523550987244,0.4624452590942383,0.09629175812005997
39,0.5474849343299866,0.46922051906585693,-0.644346296787262,0.5575110912322998,0.463491290807724,-0.6263100504875183,0.5617990493774414,0.4636130630970001,-0.6260243058204651,0.5659972429275513,0.46372872591018677,-0.6260724067687988,0.5428392887115479,0.4610331654548645,-0.638126790523529,0.5372315645217896,0.4595871567726135,-0.6382027268409729,0.5319758653640747,0.45820531249046326,-0.6384936571121216,0.5670543313026428,0.4628218412399292,-0.4420754313468933,0.5215772390365601,0.4562073051929474,-0.4911191761493683,0.5523843169212341,0.47312116622924805,-0.5693493485450745,0.532573401927948,0.4710145592689514,-0.5849670767784119,0.584665060043335,0.48885902762413025,-0.30282723903656006,0.4544042646884918,0.4753574728965759,-0.3326449990272522,0.664641797542572,0.46424511075019836,-0.28509795665740967,0.383121132850647,0.42776361107826233,-0.2641047239303589,0.5892295241355896,0.4362429976463318,-0.11721018701791763,0.4748215973377228,0.4576655626296997,0.08445114642381668,0.5711344480514526,0.4302172362804413,-0.11425550282001495,0.4934621751308441,0.4614090621471405,0.10206449776887894,0.5646890997886658,0.4326286017894745,-0.06277161091566086,0.496589720249176,0.46369460225105286,0.1486293375492096,0.5673192739486694,0.43705540895462036,-0.09868656098842621,0.4899004101753235,0.46255114674568176,0.10141924768686295
40,0.5484346747398376,0.4691426455974579,-0.6352018117904663,0.558007538318634,0.4633583426475525,-0.6144691705703735,0.5622431039810181,0.4634586274623871,-0.6141729950904846,0.5663902759552002,0.46356001496315,-0.614212155342102,0.5433482527732849,0.4609719216823578,-0.6267405152320862,0.5377470254898071,0.4595489203929901,-0.6268120408058167,0.5325024127960205,0.45818763971328735,-0.6271309852600098,0.5671713352203369,0.4627120792865753,-0.4232807755470276,0.5221337080001831,0.4562152624130249,-0.4773590564727783,0.5532176494598389,0.4730483293533325,-0.5582618713378906,0.5335743427276611,0.4709929823875427,-0.5749765038490295,0.585003674030304,0.4889932870864868,-0.29139330983161926,0.45461973547935486,0.4755808413028717,-0.331147700548172,0.6649109721183777,0.46429455280303955,-0.28131794929504395,0.383227676153183,0.4277738332748413,-0.27034100890159607,0.5899091958999634,0.43627890944480896,-0.12069280445575714,0.47524508833885193,0.457725465297699,0.05609783157706261,0.571869432926178,0.4302240014076233,-0.11858407407999039,0.49418556690216064,0.4614499509334564,0.07127898931503296,0.5651566386222839,0.4327861964702606,-0.06709794700145721,0.49714890122413635,0.4638199508190155,0.11854177713394165,0.5682353973388672,0.4370654821395874,-0.10233043879270554,0.4901324510574341,0.46265333890914917,0.0731077492237091
41,0.5492746829986572,0.4690449833869934,-0.6230288147926331,0.5584717392921448,0.46322524547576904,-0.6018934845924377,0.5626419186592102,0.46330055594444275,-0.6016011238098145,0.5667345523834229,0.4633801281452179,-0.6016422510147095,0.5439499616622925,0.46090707182884216,-0.6144798398017883,0.5383669137954712,0.45950600504875183,-0.6145536303520203,0.5331175923347473,0.4581643044948578,-0.6148700714111328,0.5673063397407532,0.46256446838378906,-0.41033345460891724,0.522560179233551,0.4562172293663025,-0.46793484687805176,0.553911566734314,0.47293341159820557,-0.5460252165794373,0.5344545245170593,0.47093474864959717,-0.5636911988258362,0.5852065086364746,0.48899707198143005,-0.2780652940273285,0.4547906219959259,0.4755834937095642,-0.32757923007011414,0.6649431586265564,0.46442538499832153,-0.27428728342056274,0.38330161571502686,0.4277779161930084,-0.27345559000968933,0.5902086496353149,0.4362863600254059,-0.1229337602853775,0.47536537051200867,0.45773500204086304,0.04676290974020958,0.5722205638885498,0.4302416145801544,-0.12111557275056839,0.49442368745803833,0.46145710349082947,0.06135888025164604,0.5657015442848206,0.43275249004364014,-0.06952758878469467,0.4973580539226532,0.46384352445602417,0.10864488035440445,0.5687683820724487,0.43707096576690674,-0.1047300472855568,0.49022340774536133,0.4626675546169281,0.06383249908685684
42,0.5500178933143616,0.46903640031814575,-0.610416054725647,0.5590099692344666,0.46320492029190063,-0.5894538164138794,0.5631356835365295,0.4632664620876312,-0.5891676545143127,0.5671917200088501,0.46333014965057373,-0.5892209410667419,0.5445923209190369,0.4609028100967407,-0.6015836000442505,0.5390133857727051,0.45950183272361755,-0.6016393899917603,0.5337339639663696,0.4581613838672638,-0.6019429564476013,0.5676088929176331,0.4624706506729126,-0.3987199366092682,0.5230178236961365,0.45621803402900696,-0.45506855845451355,0.5545298457145691,0.4729048013687134,-0.5338239669799805,0.5353028774261475,0.47092583775520325,-0.5510419011116028,0.5853332281112671,0.4889923334121704,-0.26642879843711853,0.45489588379859924,0.47540462017059326,-0.31389787793159485,0.664945125579834,0.4645236134529114,-0.2588661313056946,0.3834953308105469,0.427742063999176,-0.25481876730918884,0.590349555015564,0.43633565306663513,-0.11024464666843414,0.47545328736305237,0.45773547887802124,0.0713607594370842,0.572361409664154,0.43029484152793884,-0.10885508358478546,0.4947562515735626,0.461456835269928,0.08664166927337646,0.5657820105552673,0.43296584486961365,-0.06044820696115494,0.49768924713134766,0.46384233236312866,0.13169780373573303,0.5690310001373291,0.43711647391319275,-0.0933462455868721,0.49032753705978394,0.4626668095588684,0.08795779198408127
43,0.5508432388305664,0.4689931571483612,-0.5910160541534424,0.5597233772277832,0.46315696835517883,-0.569654643535614,0.5638418197631836,0.46320846676826477,-0.5693774223327637,0.5678976774215698,0.46326425671577454,-0.5694345831871033,0.5452220439910889,0.46087247133255005,-0.5815407037734985,0.539604902267456,0.459473192691803,-0.5815938711166382,0.5342687368392944,0.4581334888935089,-0.5819002985954285,0.5680872201919556,0.46240144968032837,-0.3806213438510895,0.5233896374702454,0.4562011659145355,-0.4363733232021332,0.555248498916626,0.47286006808280945,-0.5157502889633179,0.5362147688865662,0.4708806574344635,-0.5327561497688293,0.5854870676994324,0.48902350664138794,-0.25369274616241455,0.4549182057380676,0.47524818778038025,-0.29742467403411865,0.6649560928344727,0.46457725763320923,-0.25593945384025574,0.3835327625274658,0.42764633893966675,-0.24859371781349182,0.5903287529945374,0.4364149272441864,-0.11322709172964096,0.47561749815940857,0.4576164782047272,0.06993027776479721,0.5723513960838318,0.43039005994796753,-0.11280407756567001,0.49491533637046814,0.4614458680152893,0.08303254097700119,0.5657632350921631,0.43318971991539,-0.06358565390110016,0.49784931540489197,0.46380144357681274,0.12963438034057617,0.5690188407897949,0.4371963143348694,-0.09648364037275314,0.49035024642944336,0.4626444876194,0.08677682280540466
44,0.5517493486404419,0.46901845932006836,-0.5862615704536438,0.5605158805847168,0.4631957709789276,-0.5656623244285583,0.5646728277206421,0.46324053406715393,-0.5653851628303528,0.5687901973724365,0.463290810585022,-0.5654488205909729,0.5457987785339355,0.4609057605266571,-0.5775133371353149,0.5401129722595215,0.4594917297363281,-0.577578604221344,0.5347016453742981,0.45813891291618347,-0.5778864622116089,0.568795919418335,0.46239805221557617,-0.37794142961502075,0.5236365795135498,0.4561865031719208,-0.4339514672756195,0.5560846328735352,0.4728679955005646,-0.5111724734306335,0.5372258424758911,0.4708808362483978,-0.5282365679740906,0.5856748223304749,0.4890231192111969,-0.24967534840106964,0.45497483015060425,0.4747790992259979,-0.2955603301525116,0.66496342420578,0.4646390974521637,-0.25745147466659546,0.383462518453598,0.42746999859809875,-0.2549460828304291,0.5903477668762207,0.43641504645347595,-0.12244150042533875,0.4756741225719452,0.45751702785491943,0.04076733812689781,0.5723966360092163,0.43040359020233154,-0.12772417068481445,0.4949275851249695,0.46144694089889526,0.04803905263543129,0.5657931566238403,0.43319737911224365,-0.08202613145112991,0.4978830814361572,0.46378809213638306,0.09561540186405182,0.5691271424293518,0.43719765543937683,-0.10777495056390762,0.4903564751148224,0.46262818574905396,0.05777943134307861
45,0.5520105361938477,0.46905261278152466,-0.5858026146888733,0.5610408186912537,0.4632822871208191,-0.565007209777832,0.5653055310249329,0.46332722902297974,-0.5647108554840088,0.5695312023162842,0.46337825059890747,-0.564764678478241,0.5459683537483215,0.46097615361213684,-0.5767619609832764,0.5402042269706726,0.4595445394515991,-0.5768194198608398,0.5347469449043274,0.4581701159477234,-0.5771245956420898,0.569605827331543,0.4624713063240051,-0.37656211853027344,0.5236780643463135,0.45618736743927,-0.4318736791610718,0.5564034581184387,0.47290030121803284,-0.51053386926651,0.5373514294624329,0.47089436650276184,-0.5274147987365723,0.5860435962677002,0.4890485107898712,-0.24802789092063904,0.4550182819366455,0.47449296712875366,-0.29590746760368347,0.665027379989624,0.4646930992603302,-0.2547260820865631,0.38338804244995117,0.4274369776248932,-0.2649228274822235,0.5903717875480652,0.43633168935775757,-0.12137329578399658,0.4757615327835083,0.45726168155670166,0.010346926748752594,0.5724664330482483,0.4303882420063019,-0.1267196089029312,0.4951476454734802,0.4605027437210083,0.015878286212682724,0.5660182237625122,0.43294137716293335,-0.08176466077566147,0.4979417026042938,0.46360886096954346,0.06497199833393097,0.5693336725234985,0.4370425045490265,-0.10656063258647919,0.49081945419311523,0.4624508023262024,0.027540525421500206
46,0.5519990921020508,0.46904256939888,-0.585036039352417,0.5612095594406128,0.46328800916671753,-0.5645217895507812,0.5655885338783264,0.4633364975452423,-0.5642043948173523,0.5699334144592285,0.46339237689971924,-0.5642460584640503,0.545960545539856,0.46097907423973083,-0.5758901834487915,0.5401955246925354,0.4595480263233185,-0.5759413242340088,0.534720778465271,0.45817381143569946,-0.5762452483177185,0.570216715335846,0.46253329515457153,-0.37815701961517334,0.5236755609512329,0.4561922252178192,-0.43148234486579895,0.5565048456192017,0.4728988707065582,-0.5107365846633911,0.5373135805130005,0.4708845913410187,-0.5270379185676575,0.5864711999893188,0.4891315698623657,-0.2508430480957031,0.4550464451313019,0.4744254946708679,-0.29799091815948486,0.665148913860321,0.4647620618343353,-0.2577935755252838,0.38336625695228577,0.4273183047771454,-0.2758012115955353,0.5905177593231201,0.43631601333618164,-0.12152352929115295,0.47600746154785156,0.4569745659828186,-0.000871977477800101,0.5726503133773804,0.4303860068321228,-0.12665091454982758,0.49542170763015747,0.4599110186100006,0.004654497839510441,0.5662934184074402,0.4328414797782898,-0.08145171403884888,0.49807077646255493,0.46340975165367126,0.05462881550192833,0.5695632100105286,0.4370185434818268,-0.10647466778755188,0.49132609367370605,0.4622451066970825,0.01630006544291973
47,0.5519149303436279,0.46904072165489197,-0.5647713541984558,0.5612260103225708,0.46331924200057983,-0.543860673904419,0.5656713247299194,0.46338319778442383,-0.5435276031494141,0.5701006650924683,0.46345412731170654,-0.5435555577278137,0.5458986759185791,0.4609849154949188,-0.5550588369369507,0.5400804281234741,0.4595503509044647,-0.5550802946090698,0.534582793712616,0.45817407965660095,-0.5553795695304871,0.5706113576889038,0.4626937210559845,-0.35962975025177,0.5236322283744812,0.45619720220565796,-0.4115738570690155,0.5564941167831421,0.47292226552963257,-0.4919239282608032,0.5369834303855896,0.4708797335624695,-0.5078035593032837,0.5865681767463684,0.489326536655426,-0.2367648333311081,0.45499879121780396,0.47440415620803833,-0.2860766053199768,0.6652325987815857,0.4648357927799225,-0.24297551810741425,0.38337013125419617,0.42690223455429077,-0.2691138982772827,0.5906195640563965,0.43632304668426514,-0.10308603942394257,0.47672906517982483,0.4566503167152405,0.0001962166279554367,0.5728951096534729,0.4304670989513397,-0.10798659920692444,0.4960520267486572,0.4593518078327179,0.012763181701302528,0.5664459466934204,0.4330701529979706,-0.061577919870615005,0.4984586536884308,0.46304696798324585,0.06218111887574196,0.5698315501213074,0.437074214220047,-0.08808891475200653,0.49216321110725403,0.46190595626831055,0.018692411482334137
48,0.5516084432601929,0.4690904915332794,-0.5483443737030029,0.5612178444862366,0.46352463960647583,-0.5276089310646057,0.5656722784042358,0.4636427164077759,-0.5272766351699829,0.5701262354850769,0.4637564420700073,-0.5273081064224243,0.5457443594932556,0.46103569865226746,-0.5390779376029968,0.5398598909378052,0.45956650376319885,-0.539084792137146,0.5343355536460876,0.45817509293556213,-0.5393720269203186,0.5707533955574036,0.4630506932735443,-0.34522828459739685,0.5235515236854553,0.4561980068683624,-0.398678719997406,0.5562890768051147,0.47309640049934387,-0.4765304625034332,0.5362975001335144,0.47088104486465454,-0.49278154969215393,0.5865433216094971,0.4894219636917114,-0.223525732755661,0.4546758234500885,0.4743850529193878,-0.27364444732666016,0.6652510762214661,0.4649113416671753,-0.22067315876483917,0.38340577483177185,0.4264358580112457,-0.2363390475511551,0.5906187891960144,0.4363267719745636,-0.08020427823066711,0.4770187437534332,0.4564320147037506,0.07933302223682404,0.5729434490203857,0.4305688738822937,-0.08561448752880096,0.4960525929927826,0.4593779146671295,0.09103276580572128,0.5664497017860413,0.4333763122558594,-0.03837929293513298,0.4984825551509857,0.4628833532333374,0.13524951040744781,0.5698597431182861,0.4371921718120575,-0.06525297462940216,0.4921592175960541,0.4617190957069397,0.09492002427577972
49,0.5511171817779541,0.46908530592918396,-0.5243173837661743,0.5611661672592163,0.46354830265045166,-0.5027451515197754,0.5656592845916748,0.46368497610092163,-0.5024133920669556,0.5701193809509277,0.4638165831565857,-0.5024612545967102,0.5455429553985596,0.4610306918621063,-0.5145701169967651,0.5396471619606018,0.4595436453819275,-0.514545738697052,0.5341506004333496,0.4581288993358612,-0.5148263573646545,0.5707996487617493,0.46318262815475464,-0.32082197070121765,0.5235409140586853,0.4561918079853058,-0.37498292326927185,0.5558575987815857,0.47313350439071655,-0.4532061815261841,0.5354523062705994,0.47085121273994446,-0.4696544408798218,0.5865387320518494,0.48950499296188354,-0.2020348161458969,0.45464465022087097,0.4743932783603668,-0.25252220034599304,0.665246307849884,0.46497055888175964,-0.1906626671552658,0.3838983476161957,0.42644351720809937,-0.2084340900182724,0.5906198620796204,0.4363335967063904,-0.04224983602762222,0.4771338403224945,0.45636114478111267,0.1128719300031662,0.572958767414093,0.43066567182540894,-0.04552809149026871,0.49605637788772583,0.4594331681728363,0.12629801034927368,0.5664951801300049,0.43337807059288025,0.001776206656359136,0.4985244572162628,0.46281448006629944,0.17021048069000244,0.5698851346969604,0.4372638165950775,-0.027148783206939697,0.49213817715644836,0.46164485812187195,0.12839645147323608
50,0.5504453182220459,0.46886685490608215,-0.5066159963607788,0.5610575675964355,0.46345096826553345,-0.4828445315361023,0.5656281113624573,0.4636279046535492,-0.4825258255004883,0.5701138377189636,0.4637868106365204,-0.48258697986602783,0.5452559590339661,0.46077102422714233,-0.4952111840248108,0.5393970608711243,0.45924320816993713,-0.49518153071403503,0.5339668989181519,0.45781388878822327,-0.4954707622528076,0.5708743333816528,0.4631962478160858,-0.29585400223731995,0.5235494375228882,0.45615527033805847,-0.3516847789287567,0.5553529262542725,0.47312116622924805,-0.43405938148498535,0.5346786975860596,0.4706040620803833,-0.45100829005241394,0.5865669846534729,0.4896496832370758,-0.17671877145767212,0.45464202761650085,0.47449275851249695,-0.2330477386713028,0.665280282497406,0.4650343656539917,-0.15636591613292694,0.38480162620544434,0.42694005370140076,-0.19773799180984497,0.5907809138298035,0.43633490800857544,-0.0012556335423141718,0.4775201380252838,0.456356942653656,0.10877499729394913,0.5732497572898865,0.43071192502975464,-0.0014263639459386468,0.4963984787464142,0.4591319262981415,0.12107599526643753,0.5667145252227783,0.4335237443447113,0.045796193182468414,0.49880707263946533,0.46275803446769714,0.165392205119133,0.5701717138290405,0.43730881810188293,0.014308088459074497,0.49219679832458496,0.4616199731826782,0.12448380887508392
51,0.5489163398742676,0.46825987100601196,-0.5038262605667114,0.5605169534683228,0.46297940611839294,-0.4796425998210907,0.5653481483459473,0.4632664620876312,-0.4793204367160797,0.5700069665908813,0.4635269045829773,-0.4793948233127594,0.5445617437362671,0.4601009786128998,-0.49155285954475403,0.5388964414596558,0.458609014749527,-0.4915240406990051,0.5336464047431946,0.4572544991970062,-0.49180886149406433,0.570972740650177,0.463195264339447,-0.2915571928024292,0.5236024260520935,0.4561009109020233,-0.3443319797515869,0.5544074773788452,0.4729851186275482,-0.4308796525001526,0.5334164500236511,0.47014379501342773,-0.4469786584377289,0.5866453051567078,0.4900042414665222,-0.17042537033557892,0.4549456834793091,0.4749282896518707,-0.2233675867319107,0.6658031940460205,0.4651334881782532,-0.14397525787353516,0.3861143887042999,0.428080290555954,-0.17564474046230316,0.5915911793708801,0.436345636844635,0.018486065790057182,0.47900086641311646,0.4563446640968323,0.14270028471946716,0.5740826725959778,0.43077054619789124,0.020876187831163406,0.4981721341609955,0.45855286717414856,0.15777653455734253,0.567301869392395,0.43367892503738403,0.06803705543279648,0.5006049275398254,0.46248263120651245,0.2025965005159378,0.5708513259887695,0.4373796880245209,0.0344710499048233,0.4948233366012573,0.46148619055747986,0.1589430868625641
52,0.5477128624916077,0.4677351713180542,-0.5016516447067261,0.5600844025611877,0.4625043570995331,-0.4770456552505493,0.565138041973114,0.4628729224205017,-0.4767283797264099,0.5699465870857239,0.463219553232193,-0.47680991888046265,0.5440545678138733,0.4595559239387512,-0.4890747368335724,0.5385572910308838,0.4581204950809479,-0.48904526233673096,0.5334489345550537,0.4568380117416382,-0.4893316328525543,0.5711721777915955,0.4631943702697754,-0.2879762053489685,0.5237858891487122,0.456087589263916,-0.3408307135105133,0.5536336898803711,0.4728526771068573,-0.4282841980457306,0.532600462436676,0.46981361508369446,-0.4444129765033722,0.5867106914520264,0.49028486013412476,-0.16562886536121368,0.455539345741272,0.47557562589645386,-0.21924561262130737,0.6667124032974243,0.4653319716453552,-0.1405746191740036,0.3875402510166168,0.4292123019695282,-0.1736205667257309,0.5926558971405029,0.4365173578262329,0.02227354422211647,0.48017528653144836,0.4563697278499603,0.13995864987373352,0.5751445889472961,0.43107399344444275,0.025736128911376,0.499499648809433,0.45831647515296936,0.1554124653339386,0.5680794715881348,0.43422603607177734,0.07334667444229126,0.5020260810852051,0.4624250531196594,0.2010597139596939,0.5717383623123169,0.43781885504722595,0.038665637373924255,0.49671342968940735,0.4614834487438202,0.15667299926280975
53,0.5469861030578613,0.4674834609031677,-0.5155576467514038,0.5598079562187195,0.4622695744037628,-0.4916806221008301,0.5650067329406738,0.4626637101173401,-0.4913663864135742,0.5699170231819153,0.4630526006221771,-0.491440087556839,0.5437475442886353,0.4593840539455414,-0.5033873915672302,0.538365364074707,0.4580029547214508,-0.5033659934997559,0.5333511233329773,0.45676615834236145,-0.5036506652832031,0.5714555382728577,0.4632086157798767,-0.30193400382995605,0.5241101384162903,0.4561207592487335,-0.35342180728912354,0.5532885789871216,0.47279322147369385,-0.44151797890663147,0.5322351455688477,0.46970313787460327,-0.4573609232902527,0.5868099927902222,0.4904569387435913,-0.17467281222343445,0.45701149106025696,0.4759109318256378,-0.22610542178153992,0.6672219038009644,0.4657277762889862,-0.14911670982837677,0.3894593417644501,0.4313104450702667,-0.17487768828868866,0.5935004353523254,0.43668919801712036,0.010558100417256355,0.4816208481788635,0.45643094182014465,0.13783353567123413,0.5758056640625,0.43128499388694763,0.013797620311379433,0.5011748671531677,0.45815837383270264,0.1535368412733078,0.5686067342758179,0.43457895517349243,0.05991794168949127,0.5037314891815186,0.4624072313308716,0.19879381358623505,0.5723798871040344,0.4381328523159027,0.026524340733885765,0.49873802065849304,0.4614877700805664,0.15487901866436005
54,0.5460240840911865,0.4674903154373169,-0.5202512145042419,0.5593401789665222,0.4622931182384491,-0.4971901774406433,0.5647318959236145,0.4626939594745636,-0.4968752861022949,0.5698075890541077,0.46309053897857666,-0.49694111943244934,0.5431437492370605,0.4594202935695648,-0.5082467794418335,0.5378726124763489,0.4580632448196411,-0.5082223415374756,0.5329839587211609,0.4568505585193634,-0.5085005164146423,0.571768581867218,0.46342819929122925,-0.3091127872467041,0.5242142081260681,0.45636025071144104,-0.35733312368392944,0.5528998374938965,0.47285884618759155,-0.44642332196235657,0.531735897064209,0.4697328209877014,-0.46132493019104004,0.5870065689086914,0.4906885027885437,-0.18006840348243713,0.4595353305339813,0.47635605931282043,-0.22731877863407135,0.667924165725708,0.46609678864479065,-0.15515749156475067,0.39110463857650757,0.4317502975463867,-0.17308706045150757,0.5947368144989014,0.43694716691970825,0.012913357466459274,0.4831078052520752,0.45658791065216064,0.1389087587594986,0.5768988132476807,0.43144991993904114,0.01727493479847908,0.5033370852470398,0.4584745466709137,0.1553715020418167,0.5694521069526672,0.4349702298641205,0.06341242790222168,0.5049920678138733,0.46241191029548645,0.2006186842918396,0.5733128190040588,0.43852174282073975,0.029086649417877197,0.5001443028450012,0.46158212423324585,0.15583933889865875
55,0.546028733253479,0.46758559346199036,-0.5242152810096741,0.5593233704566956,0.46237805485725403,-0.5013747215270996,0.5647250413894653,0.4627670645713806,-0.5010595917701721,0.5698357224464417,0.4631541073322296,-0.5011230707168579,0.5430323481559753,0.4595634341239929,-0.5125337243080139,0.5377479791641235,0.4582276940345764,-0.5125154852867126,0.5328664183616638,0.457024484872818,-0.5127946138381958,0.5723572373390198,0.46360403299331665,-0.3134269416332245,0.5242515206336975,0.45651718974113464,-0.36208173632621765,0.5529459118843079,0.47295811772346497,-0.450379878282547,0.5317673087120056,0.4698540270328522,-0.4654664695262909,0.5873781442642212,0.4908095598220825,-0.18336544930934906,0.46048229932785034,0.4765356183052063,-0.23266199231147766,0.6686410307884216,0.46625110507011414,-0.15644074976444244,0.39201733469963074,0.4315556585788727,-0.18333791196346283,0.5954701900482178,0.43702107667922974,0.012894010171294212,0.48434558510780334,0.4566395580768585,0.12657201290130615,0.5776260495185852,0.43147197365760803,0.017109984531998634,0.5053677558898926,0.4582052528858185,0.14158058166503906,0.5701695084571838,0.43500030040740967,0.06239134818315506,0.5073861479759216,0.4623853266239166,0.18723364174365997,0.5740494728088379,0.43856796622276306,0.028743287548422813,0.5013890266418457,0.4615836441516876,0.14335337281227112
56,0.5460056066513062,0.46774864196777344,-0.5246259570121765,0.5593069195747375,0.4625164568424225,-0.5026304721832275,0.564723551273346,0.4628773033618927,-0.5023104548454285,0.5698860287666321,0.46324148774147034,-0.5023793578147888,0.5428733825683594,0.4598294198513031,-0.514491617679596,0.5375603437423706,0.45854097604751587,-0.5144789218902588,0.5326830744743347,0.45737260580062866,-0.5147631764411926,0.5728752613067627,0.46379169821739197,-0.3158230483531952,0.5242614150047302,0.45686182379722595,-0.36344894766807556,0.5529838800430298,0.4730938673019409,-0.45164379477500916,0.5317742824554443,0.4700712561607361,-0.4676799178123474,0.5881693959236145,0.49099984765052795,-0.1866331398487091,0.46108344197273254,0.4769183099269867,-0.23336759209632874,0.6694409847259521,0.46628543734550476,-0.16309566795825958,0.39324045181274414,0.43149855732917786,-0.18604563176631927,0.5960689783096313,0.4370775818824768,0.005083342082798481,0.48469433188438416,0.45669978857040405,0.12131354212760925,0.5781047940254211,0.4314746856689453,0.008402092382311821,0.5063812136650085,0.45803770422935486,0.13623155653476715,0.5705685019493103,0.43500182032585144,0.05407852679491043,0.5085287094116211,0.46237024664878845,0.18267323076725006,0.5744393467903137,0.43859151005744934,0.02106824517250061,0.5019096732139587,0.4615972936153412,0.1382748931646347
57,0.5462924242019653,0.4680453836917877,-0.5488117933273315,0.5594770312309265,0.46271470189094543,-0.5269280672073364,0.56496661901474,0.4630427658557892,-0.5265931487083435,0.5702186226844788,0.4633815586566925,-0.526639997959137,0.5428944826126099,0.4601154327392578,-0.5378851890563965,0.5375555157661438,0.4588356614112854,-0.5378785729408264,0.5326760411262512,0.4576687812805176,-0.5381398797035217,0.5734222531318665,0.4639434814453125,-0.3386719226837158,0.5242679715156555,0.4570563733577728,-0.3849256634712219,0.5533632040023804,0.4732986390590668,-0.4746859669685364,0.5321701169013977,0.47039541602134705,-0.48933538794517517,0.5887318849563599,0.49112454056739807,-0.20989637076854706,0.4612690210342407,0.477267324924469,-0.25381168723106384,0.6700047254562378,0.46634942293167114,-0.18688684701919556,0.3935560882091522,0.43138355016708374,-0.20666688680648804,0.5964993238449097,0.4370785355567932,-0.01562246959656477,0.48461413383483887,0.4567028880119324,0.10786275565624237,0.5783279538154602,0.43139442801475525,-0.013294131495058537,0.5063444972038269,0.45789000391960144,0.12288616597652435,0.5709274411201477,0.4345841109752655,0.03233671560883522,0.5083004236221313,0.4623192548751831,0.1684821993112564,0.5746297240257263,0.43855661153793335,0.0005125527386553586,0.5017521381378174,0.46159350872039795,0.12428423762321472
