hand_clasp_distance,left_arm_angle,right_arm_angle,left_hand_y_alignment,right_hand_y_alignment,eye_level_diff,shoulder_level_diff
0.1172687217115949,155.91395303795215,156.6526240921654,0.322992205619812,0.26871657371521,-0.049470543861389216,-0.14298033714294434
0.14212842004389994,152.9893308139235,158.98809426472147,0.3247368186712265,0.24997028708457952,-0.0472998321056366,-0.1388135552406311
0.15121064918329954,152.05104442688273,160.8956687884015,0.32540713250637066,0.24506103992462164,-0.045892566442489624,-0.13269591331481934
0.15649036440108513,151.24263654672566,160.36292049184578,0.32511389255523687,0.24099788069725042,-0.044807225465774536,-0.13279986381530762
0.155112431264515,151.8752690783962,160.8088765206416,0.3258122503757477,0.24079263210296636,-0.044187694787979126,-0.13233351707458496
0.1550031662749576,152.47311515260643,160.30374440347202,0.327726736664772,0.24132540822029114,-0.044211298227310236,-0.13296270370483398
0.1541793125067705,152.34035241137917,160.23005611952908,0.3271685987710953,0.24067625403404241,-0.04466232657432562,-0.1348414421081543
0.15523236340219473,152.68424038757001,160.42218951979223,0.3272782564163209,0.23934692144393926,-0.04452499747276306,-0.13508933782577515
0.15277408379383922,153.2261332952857,160.47029268923967,0.32836227118968964,0.243414044380188,-0.04470822215080261,-0.13440972566604614
0.15060352691794646,153.01043700642109,160.10122647900647,0.3272717446088791,0.24385634064674377,-0.044152617454528864,-0.1337842345237732
0.14937344520919085,153.00498181322646,160.53328828737133,0.3265559375286103,0.24545487761497498,-0.04449033737182617,-0.1319146752357483
0.14922515130447722,152.87799595558843,160.16547752887806,0.3265465050935746,0.24567824602127075,-0.044720977544784546,-0.1313876509666443
0.14655677675585418,152.76799162870256,159.5227958027296,0.3270064443349839,0.24942678213119507,-0.04508933424949646,-0.13141268491744995
0.14720157006006906,152.80914020953114,159.36587666654185,0.32691802084445953,0.2494564652442932,-0.045316457748413086,-0.13158851861953735
0.1467778651463087,152.4296600686649,159.64770145006577,0.3264842182397842,0.25194501876831055,-0.04570907354354864,-0.13199496269226074
0.14559301911493827,152.76822147521005,160.05758152232997,0.32713155448436737,0.254674643278122,-0.04583564400672918,-0.13210934400558472
0.14729679913715427,152.85644943424464,160.91324639772614,0.32869072258472437,0.2555273175239563,-0.04594388604164129,-0.13151228427886963
0.14612797888337747,152.98679524399128,160.74800159852379,0.328394502401352,0.2569707930088043,-0.04661679267883301,-0.13142180442810059
0.14437790503543477,153.09939410817952,160.49226246899667,0.3279101550579071,0.25864839553833013,-0.046913474798202515,-0.1314128041267395
0.14361857059381578,153.26252492689989,160.60272437161422,0.3269033282995224,0.25846680998802185,-0.0468408465385437,-0.1313149333000183
0.1435222795628303,153.34939836919102,160.62888341770918,0.3273170441389084,0.25863644480705267,-0.04692950844764715,-0.13162386417388916
0.14294594496473,153.41687128030657,160.79456997046313,0.3279293477535248,0.25970242917537695,-0.04699450731277466,-0.13303041458129883
0.142882387419139,153.63487861685368,160.79167876836854,0.32857805490493774,0.2602725327014923,-0.04719138145446783,-0.13318216800689697
0.1451214385388679,153.77709971677447,161.2643249937878,0.3291663825511933,0.2599959522485733,-0.04735228419303894,-0.13365429639816284
0.1472528959568218,153.8253196025612,161.53733620272365,0.3300791531801224,0.25998547673225403,-0.047692328691482544,-0.13385218381881714
0.14929998379261628,153.9735307635149,161.80384147203412,0.3313176184892654,0.26005819439888006,-0.04783937335014349,-0.13439923524856567
0.15006344545705624,153.73381089253039,161.83579455487532,0.3332837074995041,0.2607748955488205,-0.04814687371253973,-0.13474488258361816
0.15029183284716013,153.31436152687186,161.77058762941536,0.33452880382537853,0.261099860072136,-0.0484374463558197,-0.13563638925552368
0.15087155808825337,153.00796989232938,161.76684274803034,0.3358105570077896,0.2611123770475388,-0.048466503620147705,-0.13669675588607788
0.15203718248057368,152.98068451389594,161.81345822481353,0.3372669070959091,0.2611722499132157,-0.04879161715507507,-0.13742142915725708
0.15325504315099003,152.6963548399655,161.20231959940895,0.3391146659851074,0.2608613669872284,-0.04886525869369507,-0.13747954368591309
0.155346778004121,152.8563477218136,160.65834403672332,0.3408499136567116,0.2602009177207947,-0.04902192950248718,-0.13626527786254883
0.15610444965454595,153.0185531205459,160.2226005846879,0.342587485909462,0.2608089148998261,-0.04903900623321539,-0.1369842290878296
0.1564585826341147,153.0385883688678,160.01554407252763,0.3429852575063706,0.2597992420196534,-0.04926270246505737,-0.1374989151954651
0.15629599772561192,153.00152718300896,159.91286708754518,0.3439228162169457,0.2601373493671418,-0.049371182918548584,-0.13898664712905884
0.15699343046690903,153.15988496154034,159.847152874973,0.34487384557724,0.2598992586135864,-0.04936394095420843,-0.14194446802139282
0.15721082716584334,153.16194569273034,160.11843918917523,0.3444712981581688,0.2596047520637513,-0.05004918575286865,-0.14520174264907837
0.156890689143176,153.40256532363074,160.32042657136662,0.3443718180060387,0.26038025319576263,-0.050591081380844116,-0.14726918935775757
0.1564917484934116,153.54844833274504,160.6035574450053,0.343707524240017,0.2603860944509507,-0.05103468894958496,-0.14972668886184692
0.15664597766998348,153.81202801428267,160.75990099949857,0.3430625572800637,0.26058670878410345,-0.05133938789367676,-0.15037721395492554
0.15597110467773315,153.97101211550577,160.8572800651225,0.3422617763280868,0.2623995393514633,-0.052158951759338434,-0.15168756246566772
0.1561072375993952,154.02563426856344,160.26592683497478,0.34162282943725586,0.2623632103204728,-0.05296510457992559,-0.15539342164993286
0.15868314485878782,153.9859751374469,160.68020122393224,0.34044747054576874,0.2611680179834366,-0.05412334203720098,-0.15781110525131226
0.1606203111896559,153.95410814794835,161.19602108374198,0.3389206677675247,0.26070713996887207,-0.05541983246803289,-0.1585128903388977
0.1609898802326573,153.9790140005925,161.74766740866374,0.33849827200174326,0.26168490946292877,-0.055877029895782526,-0.15915054082870483
0.16070559478890978,154.04116112706453,161.91456018185522,0.3382728695869446,0.2626440525054932,-0.05615046620368963,-0.15939098596572876
0.16142888051932722,154.29356411439457,162.02332938112772,0.3384333923459053,0.26264743506908417,-0.056789726018905695,-0.15943372249603271
0.16235852773623302,154.39322590957605,161.8327233505779,0.3388952910900116,0.26186642050743103,-0.05711200833320623,-0.15914326906204224
0.16218076235890763,154.43332026248694,161.77869298738383,0.3387911170721054,0.26217988133430487,-0.057315975427627563,-0.15747326612472534
0.16240939040521943,154.44155697179778,161.65141256337992,0.3386623635888099,0.2618124336004257,-0.05753925442695623,-0.15621888637542725
0.1625893112190297,154.40720791331574,161.55400492629207,0.3386221379041672,0.2617296427488327,-0.05761793255805975,-0.15619665384292603
0.1618972840395443,154.3325685300946,161.59713734046048,0.33878863602876663,0.2626005858182908,-0.05759403109550476,-0.15517497062683105
0.16086595434502815,154.1461042761483,161.54386523493125,0.33901602029800415,0.2634114772081375,-0.057554990053176935,-0.15378165245056152
0.16032499392655497,154.0429196325006,161.49134620740128,0.3394583687186241,0.2637574374675751,-0.057516068220138605,-0.15314269065856934
0.15965885295939855,154.14032702633318,161.28815742583564,0.3392360955476761,0.263608992099762,-0.05733373761177063,-0.1524924635887146
0.156539377040283,154.03149441956288,160.74832402027215,0.3376093283295632,0.2625299543142319,-0.057832032442092896,-0.15268206596374512
0.15373357117942896,153.9337896496874,160.37775443507937,0.33707083761692047,0.26272478699684143,-0.05807545781135559,-0.15312117338180542
0.15318283428070767,153.8786501814831,160.4557959658619,0.3364759981632233,0.2625976800918579,-0.05814829468727112,-0.15325134992599487
0.15209001735565697,153.86315182111466,160.30048587841227,0.3363667502999306,0.263344243168831,-0.058042764663696345,-0.15327459573745728
0.1520611543764322,153.89835569422627,160.42932042240773,0.3370098993182182,0.26385505497455597,-0.05796927213668829,-0.15420591831207275
0.15242350780215264,153.9766819603983,160.71451569116374,0.33731459081172943,0.26384833455085754,-0.05788835883140564,-0.15438228845596313
0.15295764617774593,154.0280946579836,160.8565207902286,0.3375504538416862,0.2635488659143448,-0.0576674640178681,-0.15499073266983032
0.15320108281807182,154.0701220435784,160.91839213892573,0.3376696407794953,0.2635187655687332,-0.05765092372894287,-0.15574824810028076
0.15322033663153226,154.13572024728512,160.99695644826585,0.3376934751868248,0.2635079473257065,-0.057588666677474976,-0.15679138898849487
0.15257016610188892,154.13804790075773,161.3131570180699,0.33786598592996603,0.2644037753343582,-0.057608455419540405,-0.1577320694923401
0.15152274807371374,153.81124960828564,160.70609174631127,0.33788609504699707,0.2666787952184677,-0.057644873857498224,-0.1579567790031433
0.15134614450011008,153.6984457993412,160.31373510584,0.3380758762359619,0.26813799142837524,-0.057616412639617975,-0.15810906887054443
0.15096666980532808,153.57053657033433,160.03007481225654,0.3383819907903671,0.26893337070941936,-0.057488322257995605,-0.1580222249031067
0.14975547369094627,153.50847165057797,159.95406233069443,0.3386205956339836,0.2707086056470871,-0.05732542276382452,-0.15764474868774414
0.1494569415973859,153.4862330982516,159.88885097416,0.3387637138366699,0.27130079269409185,-0.05723536014556885,-0.15738409757614136
0.15110713230536948,153.5331666903452,160.27751894989117,0.33892376720905315,0.2711383253335953,-0.05719125270843506,-0.15747612714767456
0.15098202960588786,153.5487465622005,160.3696801253022,0.33889766782522207,0.27130946516990667,-0.05706065893173218,-0.15726029872894287
0.15100548654004012,153.55175073030136,160.31685708646248,0.3388498723506927,0.2711971253156662,-0.05716025829315191,-0.1573064923286438
0.15097725780403415,153.53964833376904,160.49872891273563,0.33888142555952083,0.2711710035800935,-0.05726417899131775,-0.1574046015739441
0.15117144141114652,153.54335568712762,160.54295129680793,0.33893420547246933,0.27109524607658386,-0.05728971958160406,-0.1573868989944458
0.15151964488750197,153.6029018978745,160.2541849292874,0.3390484005212784,0.27073685824871063,-0.05723136663436895,-0.1574062705039978
0.154033258909039,153.62171105150222,160.40882356553826,0.3391810283064843,0.26871444284915924,-0.05722513794898987,-0.15740728378295898
0.15572127295127988,153.66377510170116,160.53905643481258,0.3391378894448281,0.2669946998357773,-0.0570356547832489,-0.15743064880371094
0.1552572547709197,153.64005852959593,160.46454866088604,0.339102141559124,0.2670922875404358,-0.05700337886810303,-0.15744519233703613
0.15611705141567378,153.69123619204126,160.6926746939526,0.3391147330403328,0.2662742733955384,-0.0568706095218659,-0.15748226642608643
0.1582110923285111,153.72657659946503,160.77727903801247,0.3391435444355011,0.26402081549167644,-0.056808859109878596,-0.15731948614120483
0.15951848766749044,153.82809265632565,160.95933566739524,0.3391384854912758,0.2624495476484299,-0.05669140815734863,-0.1571771502494812
0.1598381272474222,153.882077487141,161.12459178375488,0.3391100913286209,0.2619727551937103,-0.05661919713020325,-0.1569880247116089
0.16021564606737218,153.86143477308056,161.11557058408613,0.3391877487301827,0.2614031434059143,-0.05653601884841919,-0.15653210878372192
0.16014422033520082,153.83931089739067,161.15884049447945,0.339193843305111,0.2614445686340332,-0.05648559331893921,-0.15588408708572388
0.16003200068323756,153.81731356906357,161.00013247661295,0.3392625153064728,0.2617397010326386,-0.05642759799957281,-0.15551531314849854
0.15811881254368365,153.80170245109665,160.78250475349864,0.3393295109272003,0.26370716094970714,-0.05642122030258179,-0.155329167842865
0.15709209449194164,153.80295409524516,160.64032148071206,0.3396036252379418,0.2648220658302307,-0.05640789866447454,-0.15507876873016357
0.15556945059315513,153.8426517213528,160.41920630654116,0.3395085483789444,0.2663709968328476,-0.05650120973587042,-0.15373456478118896
0.15716447558923405,153.86243623282684,160.77421528626678,0.3395909368991852,0.26523281633853923,-0.05655860900878912,-0.1538183093070984
0.15784822523946035,153.93820452391492,160.75896637730494,0.3395659476518631,0.26481431722640997,-0.056582361459732056,-0.1551274061203003
0.15818767344092954,154.04511646952403,160.75618561431526,0.3395093828439713,0.26474426686763763,-0.056622833013534546,-0.1562013030052185
0.1587659170396262,154.00871946190776,160.86491588621976,0.33912383019924175,0.26421320438385015,-0.05678996443748474,-0.15599298477172852
0.15886492766103566,154.0492789015025,161.125060857796,0.33880553394556046,0.2638629376888275,-0.05668449401855474,-0.15605515241622925
0.15942876122774208,153.88466261626766,161.27357088478476,0.33867518603801733,0.26308295130729675,-0.05650368332862854,-0.1557953953742981
0.1601644383862186,153.7180010173589,161.35123296845873,0.33789371699094767,0.26222777366638184,-0.056433975696563776,-0.15507638454437256
0.1612915219571012,153.59749826815232,161.4341805553998,0.33793922513723385,0.26127301156520855,-0.056304931640625,-0.1547013521194458
0.16163243461863872,153.62453891406457,161.41423143519674,0.337881863117218,0.26127475500106817,-0.056372880935668945,-0.15463948249816895
0.16079752084859206,153.76189139611867,161.01984491294215,0.337756298482418,0.26202210783958435,-0.05657914280891424,-0.15518707036972046
0.1585742664907023,153.84632966851885,161.3449874557912,0.3374827206134796,0.26381145417690277,-0.05676922202110296,-0.15602844953536987
0.1571157967140225,154.12439707561003,161.3717481819866,0.3365137353539467,0.2652627378702165,-0.05671706795692444,-0.1569615602493286
0.15682208560392413,154.29734594094384,161.91446539298906,0.3346875086426735,0.26501867175102234,-0.05665475130081177,-0.15805542469024658
0.15692848373579998,154.54490083910335,162.35400795533081,0.33332081884145737,0.2649506777524948,-0.056744396686553955,-0.15837466716766357
0.15670279420781377,154.53169054006625,162.69060197109874,0.3331694081425667,0.26500260829925537,-0.0566967129707337,-0.15897279977798462
0.1564327139694768,154.57541498491344,162.75647147506854,0.333490364253521,0.2651503235101701,-0.056222736835479736,-0.15857172012329102
0.15512399555774506,154.49106682221694,162.96855442928066,0.3345664143562317,0.2664370834827423,-0.056037127971649225,-0.15825259685516357
0.15431169167378558,154.43551484792812,163.10868063249185,0.3356197401881218,0.26796579360961914,-0.055541723966598566,-0.15782475471496582
0.15401930682619905,154.4476669075666,163.35200729131336,0.33585136383771896,0.26849800348281866,-0.05554461479187017,-0.1576756238937378
0.15275101709710776,154.37618786384766,163.35300847671476,0.3365416303277016,0.269844874739647,-0.05551132559776306,-0.15718680620193481
0.15133511067756752,154.414447186305,163.36839225273,0.3367270156741143,0.27157020568847656,-0.055511295795440674,-0.15717476606369019
0.150293125793963,154.4390521649523,162.67626168527215,0.3369088843464851,0.2725373059511185,-0.055662900209426935,-0.1574326753616333
0.15150942722231425,154.45451613559348,168.92632425768304,0.3368623405694961,0.26887424290180206,-0.05579331517219549,-0.157853364944458
0.15167643234063796,154.4296931941756,165.6869678145732,0.337149553000927,0.2689250707626343,-0.05582019686698919,-0.15783721208572388
0.15238825168176426,154.47456063536234,164.93452362647363,0.33721701055765163,0.2684727758169174,-0.05589258670806885,-0.15782636404037476
0.15357633199416448,154.3689397465069,164.477994921573,0.3378835916519165,0.2676246613264085,-0.05609348416328436,-0.15779072046279907
0.15389123033341476,154.32945637858077,163.47211212099694,0.3381840139627457,0.26779553294181824,-0.05628347396850586,-0.15764182806015015
0.15390523066156964,154.28350676318013,163.13633336239084,0.3392324671149254,0.2679394036531449,-0.0564955472946167,-0.15818017721176147
0.1553603699011763,153.99890854263322,162.64221542322954,0.3423626571893692,0.2682701349258423,-0.0563665926456452,-0.1586991548538208
0.15928640027651136,154.00398179824654,162.393856624984,0.3437235653400421,0.266968235373497,-0.056077599525451716,-0.15842825174331665
0.15952366785720093,154.0189765617542,162.00877031647022,0.34443017840385437,0.2671312689781189,-0.05600208044052124,-0.15835285186767578
0.161425893711715,154.0309534238806,162.0090511071462,0.3450958207249642,0.26645128428936005,-0.056040793657302856,-0.15899688005447388
0.16207842611573509,154.03903339142903,161.98934793984662,0.3456072285771371,0.26615780591964733,-0.05588299036026001,-0.15926837921142578
0.16280998428515162,153.9418095318474,162.02230908474712,0.34579531103372585,0.26609335839748394,-0.056273460388183594,-0.16015326976776123
0.16280529709499542,153.83999066451892,162.0372772874484,0.3467093780636788,0.26711216568946844,-0.05663079023361206,-0.15999668836593628
0.16349277037190593,153.8212472744159,162.11910460943938,0.34725741297006607,0.2670601755380631,-0.05693724751472473,-0.16068929433822632
0.16186318919419465,153.9164110620554,162.23242098466412,0.3470573052763939,0.26774218678474426,-0.057347714900970514,-0.16206848621368408
0.16294038668198363,154.00191813581134,162.4249106446713,0.3472425788640977,0.26738440990448004,-0.05749520659446716,-0.1624547839164734
0.16391726907734683,154.09081090786137,162.6116405001808,0.34726949781179434,0.2669304162263871,-0.05772966146469116,-0.16423845291137695
0.16497105707039594,154.15198648959705,162.84867084763366,0.3475189805030823,0.26648662984371185,-0.05794909596443176,-0.1659281849861145
0.16489672515113268,154.1402905827793,163.76765559723935,0.34738122671842575,0.2666854858398438,-0.05817875266075134,-0.16689467430114746
0.16439498846397177,153.96074445119285,164.59517262424794,0.3473680168390274,0.2669677734375,-0.05823123455047613,-0.16708505153656006
0.16410137409618658,153.83616678580037,164.74150927768096,0.3473663404583931,0.26703083515167236,-0.058264464139938354,-0.16709434986114502
0.1640879104927925,153.78134408402607,164.81724718937338,0.3474935740232468,0.2670276165008545,-0.05831056833267212,-0.16756856441497803
0.16312317115085812,153.83017581773694,165.18890111725872,0.3475773483514786,0.26840317249298096,-0.058323293924331665,-0.16749238967895508
0.16311607561712055,153.7502636332649,164.9811207697641,0.3478311449289323,0.26847575604915624,-0.058343857526779175,-0.16640764474868774
0.16319829369009095,153.78286709359568,164.9609628216612,0.34827791899442684,0.26878227293491375,-0.05826336145401001,-0.16563522815704346
0.1630544886037927,153.87016633263332,164.8787993703637,0.3488011509180069,0.26946328580379486,-0.05821871757507324,-0.16487431526184082
0.163183192603727,154.0072147100094,165.00502039791428,0.34930900484323507,0.27002575993537903,-0.05814334750175476,-0.1645909547805786
0.16343377043934665,154.1017800955844,165.15631785023322,0.3492119833827018,0.2689065337181092,-0.05740955471992498,-0.1640133261680603
0.16393769112854983,154.1245949801118,165.1446231902744,0.3497521206736565,0.2688462287187577,-0.05735856294631958,-0.1633254885673523
0.16528072239058425,154.11756258516547,165.02661895095056,0.3503461629152298,0.26794865727424627,-0.05735415220260626,-0.16321730613708496
0.16591205577070356,154.20211693739944,165.10741298015398,0.3506428971886635,0.2676234096288681,-0.05732238292694092,-0.16320693492889404
0.1668927342071483,154.10400276122434,164.69073428086915,0.3508539199829102,0.26665370166301733,-0.05727583169937134,-0.1634441614151001
0.16734724136724866,154.14787460048225,164.52841760653698,0.35104792565107346,0.26637534797191625,-0.05725091695785528,-0.16350221633911133
0.1675438994333082,154.16607827556774,164.50945983232126,0.3513023778796196,0.2662719190120697,-0.057201534509658813,-0.16329121589660645
0.1678383664207429,154.19090446060815,164.58332409580817,0.3515158966183663,0.26616430282592773,-0.05722469091415405,-0.1633056402206421
0.1680382307489054,154.21208505090343,164.71375144893463,0.3516973853111267,0.2663552314043045,-0.05719992518424993,-0.16301065683364868
0.1680201512273069,154.2338006381035,164.51449425435516,0.3518445342779159,0.2666350156068802,-0.057168334722518976,-0.16229462623596191
0.16853456587307583,154.35204062850107,164.57290667269916,0.352191373705864,0.2666754126548767,-0.05696031451225281,-0.16193616390228271
0.16916556215350534,154.53908436587864,164.7120181525441,0.3521413430571556,0.2667458653450013,-0.05684131383895874,-0.16115134954452515
0.16922970083848973,154.60622441574608,164.71250276883717,0.3522710800170898,0.26672498881816864,-0.05676391720771795,-0.1610211730003357
0.1696306518963293,154.69149820173826,164.71225839121698,0.3525512218475342,0.26674456894397736,-0.056736469268798884,-0.1609519124031067
0.17015423375440353,154.7308938300935,164.65512933201882,0.352658100426197,0.2666565030813217,-0.056656926870346125,-0.16051894426345825
0.17000083843845393,154.76666645803067,164.66032832305345,0.3526914045214653,0.26722560822963726,-0.05654498934745794,-0.15958911180496216
0.1701626654700781,154.64401112930702,164.64794358320248,0.3529429733753205,0.26723614335060125,-0.05647987127304077,-0.15881037712097168
0.17064766783813426,154.67246504411546,164.5940409102963,0.3528892323374749,0.26710191369056707,-0.05634221434593201,-0.15845239162445068
0.1705250595076655,154.69312406514422,164.5454166260321,0.35290445387363434,0.2674256414175034,-0.05627432465553289,-0.15831536054611206
0.1711425325091342,154.92286480218567,164.2229555090965,0.3528919890522957,0.267437681555748,-0.056245267391204834,-0.15805238485336304
0.17102201301614167,154.9933077550986,164.21363686336198,0.3529911190271378,0.26788344979286194,-0.05625492334365845,-0.1580592393875122
0.17081047814039862,155.09545067416212,164.19390760101,0.35314207524061203,0.26828946173191076,-0.05627125501632696,-0.15827250480651855
0.17061879088685364,155.17326995727336,164.04831976809015,0.35328467935323715,0.2687740921974182,-0.056245326995849665,-0.15814268589019775
0.16981335722030813,155.2337717709384,163.9644787674005,0.3533191457390786,0.26999844610691076,-0.056247591972351074,-0.1574099063873291
0.17020861271110124,155.20098498269888,164.00269725599134,0.35367823392152786,0.27020540833473206,-0.05621105432510376,-0.15699827671051025
0.16983455137070452,155.07619686198154,163.7676890179143,0.3541064113378525,0.27058249711990356,-0.05620670318603521,-0.15717244148254395
0.16956679617756737,155.09810897161003,163.7824265199691,0.3540934920310975,0.2709476053714752,-0.05624479055404663,-0.15730303525924683
0.16985742423526168,155.2092568504984,163.63216674144022,0.3541526198387146,0.2708643227815628,-0.056154072284698486,-0.1571308970451355
0.16961066956441495,155.2438878496971,163.70153720920285,0.3543358519673347,0.27138473093509674,-0.05617365241050726,-0.15599006414413452
0.16932398594345402,155.2596129028209,163.73661942469383,0.3545260056853295,0.2719883471727371,-0.05629304051399231,-0.15451455116271973
0.16825247043015373,155.23366454281387,163.97039435026485,0.354453906416893,0.27286837995052343,-0.056265413761138916,-0.15383780002593994
0.16794494552176364,155.15824699645844,164.01356020978147,0.3546082004904747,0.2727409899234772,-0.056015342473983765,-0.15298813581466675
0.16745579889443504,155.0278827472485,164.151336411798,0.35442747920751566,0.2723988890647888,-0.05570930242538458,-0.15278899669647217
0.16677790111348656,154.84050822646245,163.72493399344648,0.3539550080895425,0.2713841497898102,-0.055768370628356934,-0.15292900800704956
0.16743551469072868,154.57607914875547,163.7464810903518,0.3550594225525856,0.2711781114339829,-0.055735826492309626,-0.15386909246444702
0.16770808074475263,154.60074098469966,163.65438566561062,0.35507971048355114,0.27068947255611425,-0.055789411067962646,-0.15445488691329956
0.16711289772289942,154.66943130259446,163.20297771710963,0.35512440651655197,0.270248606801033,-0.05581852793693548,-0.15552526712417603
0.1668919861879219,154.62578459963532,162.93367993235975,0.35560253262519836,0.27008922398090374,-0.05583357810974121,-0.15580999851226807
0.165860283457174,154.46823685652797,163.68223387039725,0.3558687269687653,0.2704961597919465,-0.0558772087097168,-0.15523427724838257
0.16508971835045705,154.32254083574168,163.98813152230403,0.3560037463903427,0.2709501385688782,-0.05589905381202698,-0.15507733821868896
0.1645940594287149,154.1422155374369,164.0865145239596,0.3557594195008278,0.2709639221429826,-0.05608513951301575,-0.15509659051895142
0.16474962499019796,154.0711160108625,164.53177801006564,0.35582082718610764,0.27077969908714306,-0.056136429309845026,-0.1553046703338623
0.16494306773225545,154.04944302164768,164.5309158835871,0.3559620603919029,0.27037446200847626,-0.05590257048606878,-0.155301034450531
0.16502099268996787,154.0791143266142,164.8198434694817,0.35634326189756405,0.27035532891750347,-0.05567082762718201,-0.15577131509780884
0.16451300154849305,154.11390989845344,164.69066866615643,0.3563568815588951,0.2712236493825913,-0.05534076690673828,-0.15591078996658325
0.16529600833419375,154.0102697801637,164.6746015213978,0.3561110720038415,0.2695286870002747,-0.05510789155960083,-0.15638357400894165
0.165408351224862,153.94085015870917,164.69367613272257,0.35581382364034647,0.26899826526641846,-0.05499157309532171,-0.15677720308303833
0.1653055760952135,153.92735859015332,164.65284484815558,0.35602844506502146,0.2690480947494507,-0.05471393465995794,-0.15762817859649658
0.1654196474693253,153.7667048043578,164.52282694599137,0.3558927848935128,0.26882198452949524,-0.05469179153442383,-0.15788519382476807
0.1655048275771327,153.71287707936847,164.47627360081384,0.35554702579975134,0.26841850578784954,-0.05472147464752197,-0.15857303142547607
0.16530631071680554,153.65162918697308,164.30779688145427,0.3554050847887993,0.26847116649150854,-0.05467739701271063,-0.15875816345214844
0.164687808417001,153.3576939907961,164.15649409439337,0.35551077127456665,0.26880529522895824,-0.05452635884284973,-0.15863490104675293
0.16472136038283192,153.28579487927183,164.2412982245497,0.3558756113052368,0.2689027786254883,-0.05418750643730169,-0.15835309028625488
0.1649611705239684,153.2244150713592,164.21875642025526,0.3562210127711296,0.26887649297714245,-0.053892493247985895,-0.15823304653167725
0.1644711933838759,153.16787570426058,163.97148875693784,0.3562866821885109,0.26926498115062714,-0.053791493177413885,-0.1578683853149414
0.16452725295422377,153.2186536147869,163.8364341367054,0.3562790900468826,0.26942308247089386,-0.053712487220764216,-0.15790796279907227
0.1649750306929403,153.05809287505014,163.85053920469412,0.3562446609139443,0.2694510668516159,-0.05371555685997009,-0.1572001576423645
0.16491537607455814,152.95347943560776,163.71268059469105,0.35592689365148544,0.2694686651229858,-0.05378732085227961,-0.15596908330917358
0.16468840429693143,152.8113967332272,163.7485667463688,0.3558176383376122,0.2695633918046952,-0.0538305938243866,-0.15491485595703125
0.16467393602473046,152.92496289202114,163.74024084572574,0.35568993538618093,0.2697709500789643,-0.053819745779037476,-0.15371477603912354
0.16167039553242937,153.0040126621693,163.20382252282994,0.354953095316887,0.2713557481765747,-0.053855955600738525,-0.15259063243865967
0.15986878518095596,153.14164149228517,162.79449720586572,0.3547123000025749,0.2723030596971512,-0.05387073755264277,-0.15234899520874023
0.16049545776140886,153.36339007535196,162.2022001447649,0.3544638678431511,0.2716943025588989,-0.05385911464691162,-0.15252405405044556
0.16098888990199006,153.53671791863013,161.9267097241022,0.354339487850666,0.27131539583206177,-0.05373597145080572,-0.15272128582000732
0.16175080603876324,154.01036559874282,161.79469117176157,0.3542143478989601,0.2705221474170685,-0.05365785956382746,-0.15333110094070435
0.16213383281479923,154.41840921575616,161.79916934021688,0.3535657674074173,0.2693174034357071,-0.053214967250823975,-0.15335071086883545
0.16142678176098116,154.44716577508333,162.32787808240863,0.3531489670276642,0.269431009888649,-0.053418129682540894,-0.15418070554733276
0.16102811641909087,154.43941927089986,162.22045445631758,0.35303041338920593,0.2697765678167344,-0.05351227521896368,-0.15488052368164062
0.16056563095174273,154.55483680311215,162.00024477166136,0.35275332629680634,0.2702810615301133,-0.053653001785278376,-0.15510523319244385
0.16019892293553262,154.69228496823948,161.6259226545136,0.3523982837796212,0.2703930288553238,-0.05366766452789301,-0.15551292896270752
0.15999958300635217,154.71105600436866,161.45099502212489,0.3522930145263672,0.27044862508773804,-0.05367439985275263,-0.15547960996627808
0.1602471291775088,154.78677413084614,161.40879036699454,0.3522965461015701,0.2702794671058655,-0.053773432970047,-0.15606462955474854
0.16174325589323232,154.85516613825746,161.59040704440483,0.35218455642461777,0.26888634264469147,-0.05389353632926941,-0.15754687786102295
0.16319081169084054,154.89199456369792,161.88201257849482,0.3520277664065361,0.2677802443504334,-0.053867191076278687,-0.15774071216583252
0.16322306618405177,154.92601710140187,161.76405261578057,0.35198475420475006,0.26760798692703247,-0.053892821073532104,-0.1582036018371582
0.16679711688027124,154.91382117580844,161.9841012947531,0.3518426939845085,0.2632714509963989,-0.05372592806816101,-0.15816670656204224
0.1667674811346093,154.93418214622608,162.06908316244952,0.35180409252643585,0.2631973028182984,-0.05364298820495611,-0.15810471773147583
0.1659660365945407,154.8356790024604,161.98379542407878,0.3517514765262604,0.2636828273534775,-0.053561866283416804,-0.1580231785774231
0.16606846839293407,154.71810987649,162.0530718542074,0.3517372831702233,0.2635714411735535,-0.05348125100135803,-0.15752971172332764
0.16622166994310766,154.63412938024257,162.12051884037646,0.3516960516571998,0.2633258104324341,-0.053291082382202204,-0.1573227047920227
0.16602414273754992,154.58678009425782,162.15032420815544,0.3517677262425423,0.2637420445680619,-0.05328062176704407,-0.1569894552230835
0.16535052628910968,154.5637720482357,162.18112446231962,0.35192199796438217,0.2646402269601822,-0.05316370725631714,-0.15661758184432983
0.16534674286283488,154.55615539872164,162.22966409102654,0.3519195020198822,0.26464276015758526,-0.0531549751758576,-0.15678483247756958
0.16465988099657455,154.42964695948396,162.11358271320998,0.3522388190031052,0.2652402669191361,-0.053191930055618286,-0.1568801999092102
0.16468192435881232,154.36414175327616,162.09049461638153,0.3521741256117821,0.2652464509010316,-0.053294599056243896,-0.15690523386001587
0.16464819163810435,154.33069301292997,161.98402243234008,0.3521581813693047,0.26532983779907227,-0.05331718921661377,-0.15693873167037964
0.16477518107529662,154.31849046704286,161.93447478440805,0.35280691832304,0.2658994048833847,-0.05317586660385132,-0.15781497955322266
0.16490454053516515,154.2957043455847,161.88264653248922,0.35280960053205496,0.2659853100776672,-0.05319365859031672,-0.15790700912475586
0.16449449814170697,154.3298618716805,161.64719601883868,0.3527256548404694,0.2662884294986725,-0.053248196840286255,-0.1581946611404419
0.16424742119621588,154.35511153277554,161.47700415616362,0.35267863422632223,0.26663142442703247,-0.05348333716392517,-0.1586257815361023
0.16365100614070363,154.41336461466415,161.27859714543985,0.3527346476912498,0.2672860324382782,-0.05363929271697998,-0.1594892144203186
0.1643254727191214,154.45806996651413,161.3987368261478,0.3529985025525093,0.26727354526519775,-0.05346643924713135,-0.15962159633636475
0.16457413584662944,154.49857464242746,161.31676785629406,0.3528297916054726,0.2670467793941498,-0.05351305007934565,-0.1598600149154663
0.1650164201041147,154.5906820701649,161.27400822552096,0.3528014495968819,0.2669172883033752,-0.053519546985626165,-0.15986406803131104
0.16527764132934666,154.6896756634517,161.28281911061222,0.3527543991804123,0.26682083308696747,-0.0535781085491181,-0.16013270616531372
0.16560411149751766,154.6881275399961,161.29312242302143,0.3524988666176796,0.2668014019727707,-0.05382516980171209,-0.160014808177948
0.16570938630901277,154.7412186261953,161.2287083178928,0.35239300876855856,0.26678991317749035,-0.05389058589935303,-0.16004139184951782
0.16579975170928046,154.75585835251593,161.23321352948344,0.3523791655898094,0.2667918503284455,-0.05391308665275579,-0.16032326221466064
0.16553850055703237,154.7597199754283,161.2928830229044,0.3522332534193993,0.2670916020870209,-0.054002583026885986,-0.15990984439849854
0.1655922681647289,154.72483875291982,161.31529534992822,0.3521549329161644,0.267084538936615,-0.054101645946502686,-0.1599576473236084
0.16564424592014945,154.52335489218743,161.32488950520505,0.3521381989121437,0.2670634984970093,-0.05411538481712336,-0.15980756282806396
0.16649209951277738,154.44951497938598,161.29018081104877,0.35213381797075266,0.2662021815776825,-0.05413338541984564,-0.160040020942688
0.16747679942921395,154.4095798591058,161.1437410764489,0.3521044254302979,0.2643239349126816,-0.054129123687744085,-0.16028976440429688
0.16682865097055566,154.23285493790496,160.81530736799175,0.3516409248113633,0.2633872926235199,-0.0538127720355987,-0.15895581245422363
0.16463044035551375,154.05857886534318,160.58329743128476,0.3515046760439873,0.2648610919713974,-0.05379775166511541,-0.15803080797195435
0.1654753518941888,153.7468774916016,169.293324283797,0.3518693000078202,0.2626965194940567,-0.05346605181694031,-0.157997727394104
0.16309645601215714,153.40459513274683,171.21945580044653,0.35236426442861557,0.2654580175876617,-0.0530256032943725,-0.15679633617401123
0.16485397962578544,153.65043189069073,170.57213556973767,0.35423262417316437,0.2639272958040238,-0.05191510915756231,-0.15567350387573242
0.16860024251697908,153.81929794449002,168.3389904051533,0.354642353951931,0.26013441383838654,-0.05183485150337225,-0.15592116117477417
0.15943465842836482,153.92072045811437,166.73930326910514,0.3548207804560661,0.2694592922925949,-0.05169105529785162,-0.15226083993911743
0.16137738906321628,154.76033531432117,165.672931840224,0.3534091264009476,0.2707614749670029,-0.0514029860496521,-0.15048545598983765
0.16073633566566484,154.75755335714865,163.954592217995,0.3523030355572701,0.270846962928772,-0.05135908722877497,-0.14863699674606323
0.15726613714469423,154.57061693043298,163.12292733218035,0.3522390276193619,0.2728858739137649,-0.051158368587493896,-0.1483270525932312
0.16264701103911625,154.8650344694598,161.61012159477235,0.3517664968967438,0.2678375691175461,-0.0508093535900116,-0.14520514011383057
0.1685365834174227,155.08664961110088,160.56918420575377,0.3519921749830246,0.2610713094472885,-0.05073657631874079,-0.14139491319656372
0.18881427880153268,156.57122312591702,158.01651962241652,0.3546445667743683,0.23845037817955023,-0.050504863262176514,-0.1370965838432312
0.19226486893774483,157.13891251536438,158.68665981303604,0.3543622866272926,0.23454239964485168,-0.04895740747451788,-0.13344240188598633
0.20015251533764833,157.4792141291603,158.02350079266114,0.3541419208049775,0.22682040929794312,-0.04915857315063471,-0.12942785024642944
0.18299060652882668,155.9624199420263,162.31523182998225,0.36259832978248596,0.25505059957504284,-0.04554972052574163,-0.12510889768600464
0.16150988713329156,156.57436798889677,163.91602628099523,0.3687290921807289,0.28885267674922954,-0.040875464677810724,-0.11857140064239502
0.15551250163750657,157.55289148437302,163.90622774161577,0.367161862552166,0.2989819198846817,-0.03853645920753479,-0.11325979232788086
0.14795007456326062,157.7312424975265,166.60991934717148,0.3605889417231083,0.3239206820726394,-0.03527700901031494,-0.10984903573989868
0.15767501673669798,158.03159175539938,169.1833369543547,0.35099946707487106,0.3234209418296814,-0.032042890787124634,-0.10408580303192139
0.1644061932795191,157.60019582306245,169.30381236076926,0.3471691906452179,0.3245674297213555,-0.029478251934051514,-0.08781260251998901
0.16505305242977156,157.39206148357349,170.02732557579748,0.3413111865520478,0.33284282684326166,-0.0274036824703216,-0.07644206285476685
0.1627994204181417,157.34635023820064,170.1403799909846,0.3403984233736992,0.33155686408281326,-0.026004135608673096,-0.06968265771865845
0.1601807222059876,156.83952644795272,169.88220907570144,0.34009702503681194,0.33639162778854376,-0.02377229928970337,-0.06295764446258545
0.16496142165375566,156.3794995456638,173.17573122081203,0.3386856988072396,0.33980953693389904,-0.020869821310043335,-0.057233452796936035
0.16341256208881336,156.6340071153651,174.69873372729725,0.3406045958399773,0.3542535081505776,-0.01804414391517639,-0.05080491304397583
0.16209566038927142,157.82965087567257,173.9665054181012,0.3449999913573265,0.35090673714876175,-0.014739960432052668,-0.044364750385284424
0.1578836673396508,159.5951657682716,174.56223350133132,0.3579068295657635,0.3564083874225617,-0.010177224874496515,-0.028717339038848877
