left_elbow_angle,right_elbow_angle,left_hand_y_alignment,right_hand_y_alignment,left_hand_x_alignment,right_hand_x_alignment,left_eye_ear_y_diff,right_eye_ear_y_diff
30.251197147182676,36.71626260714957,0.24416068196296692,0.15184824168682098,0.21350198984146118,0.22245284914970398,0.05798828601837158,0.06403225660324097
34.46542036027989,35.6010036425758,0.22738161683082578,0.1638121753931045,0.22862029075622559,0.22601956129074102,0.05794230103492731,0.057205766439437866
34.697859820584554,34.81991778885542,0.2311616092920304,0.1717460602521897,0.22985845804214478,0.22700351476669317,0.05958074331283569,0.057355403900146484
36.251972927057494,34.78401045194912,0.2314997166395188,0.1736872494220734,0.2396845221519469,0.22478500008583074,0.05957150459289556,0.05636581778526306
37.10227885614151,36.71060809873672,0.23231932520866388,0.1688313335180282,0.2444126009941101,0.2277352511882782,0.05997264385223389,0.055659741163253784
37.2697860112254,36.825129225341634,0.23296928405761716,0.1685599833726883,0.24403339624404907,0.2278110384941101,0.059693843126297,0.055212765932083074
37.23195269859895,36.970578076324124,0.23389253020286568,0.16878575086593622,0.24194228649139404,0.22909882664680487,0.05450260639190668,0.04899546504020691
38.49020507148273,34.52403117328466,0.2337436974048614,0.185878649353981,0.24628925323486328,0.2292458713054657,0.05024996399879461,0.04270800948143011
39.30893445166288,36.31814907264635,0.2321893870830536,0.1752899736166,0.2518027424812317,0.23006975650787354,0.049652755260467585,0.04033726453781128
37.706857665190135,36.26416680381742,0.2427879720926285,0.175390750169754,0.2516213059425354,0.22755122184753424,0.04526117444038391,0.035622209310531616
36.87199541723647,35.777186889863465,0.24921010434627539,0.1766405552625657,0.25193923711776733,0.22678357362747192,0.0408463180065155,0.0368480384349823
37.101284083534445,35.61361810436145,0.24610485881567,0.177510604262352,0.25057125091552734,0.22926488518714905,0.040404349565505926,0.036206990480422974
37.502068970278714,35.34124696617213,0.2425995171070099,0.17738077044487,0.25122374296188343,0.23101484775543218,0.038187623023986816,0.03564068675041193
37.432752152675754,34.99539036144665,0.2420477792620659,0.1802224665880204,0.2483164668083191,0.23225799202919012,0.03645208477973938,0.03500092029571533
37.00753402744609,35.97254834736275,0.24356300383806231,0.17370884120464328,0.2475634813308717,0.23466694355010986,0.035632014274597223,0.0349165797233581
36.69488068460579,35.96438356433677,0.24466852843761439,0.17235153913497928,0.24764782190322876,0.23452535271644592,0.035195291042327825,0.03495001792907709
36.54562844613757,36.427019408371734,0.2433928325772285,0.1693007051944732,0.24693220853805553,0.23514407873153687,0.03597474098205561,0.035492330789565985
36.575695813320365,36.62186201835387,0.242694653570652,0.16805168986320498,0.24685490131378174,0.23583635687828064,0.03517425060272217,0.035278260707855225
36.61168551616701,36.90029402029863,0.24183689057826996,0.1666273176670075,0.24696564674377441,0.2368927001953125,0.03483709692955017,0.035347580909729004
36.725725772289614,37.17969282914819,0.2401751652359963,0.1651149541139602,0.2465578317642212,0.23686081171035767,0.03393390774726868,0.03482159972190857
36.72602916863739,37.27985132862895,0.23780494183301926,0.16414913535118103,0.24616873264312733,0.23587906360626226,0.03326860070228571,0.03460037708282471
36.63010465121489,37.32015498984099,0.23539862781763082,0.1638448834419251,0.24441152811050426,0.2353650331497193,0.032939970493316706,0.03470981121063238
37.1798030496587,37.34911318772132,0.2238155305385589,0.1632779091596603,0.2399611473083496,0.23462498188018804,0.032875061035156306,0.03485661745071411
37.626430527651316,37.205789125062196,0.21717973053455358,0.1625869870185852,0.23589682579040527,0.23257175087928772,0.0330752432346344,0.035152763128280695
37.3177013676788,36.58734865625585,0.21520207822322854,0.16418868303298959,0.23276138305664062,0.2283138930797577,0.03463536500930792,0.035681366920471136
37.940589166970845,35.83377311353939,0.2088043093681336,0.17006541788578028,0.22769367694854736,0.22828409075737005,0.0330142080783844,0.03203922510147089
38.646688890814055,35.465750776021444,0.2043012827634812,0.1733138412237168,0.22490030527114868,0.22935563325881958,0.029772877693176325,0.02761673927307129
39.21418655434721,35.15465724842504,0.20096199214458468,0.17535017430782318,0.22428321838378906,0.22935664653778082,0.028716623783111628,0.025705397129058893
39.768971092874004,35.13493339993126,0.19842633605003357,0.17486451566219333,0.22409844398498535,0.2299058437347412,0.02682587504386902,0.024105280637741033
40.16427835580929,35.18785119357376,0.1955529004335404,0.17438307404518133,0.22105467319488525,0.2304290235042572,0.0274705290794372,0.024800479412078857
40.17001650671604,35.33374163731261,0.19634488224983218,0.1739787459373475,0.222162127494812,0.23100435733795172,0.02877265214920044,0.026094585657119806
40.10654108037092,35.493269112739384,0.1971117407083512,0.1735769361257553,0.22264474630355835,0.23226457834243774,0.029793709516525213,0.02717176079750061
40.22678068449151,35.63585311791784,0.1977791786193848,0.17348624765872958,0.2229028344154358,0.2338438630104065,0.03182411193847656,0.029431462287902832
40.36809536229947,35.8092284165884,0.1973789334297181,0.173223227262497,0.22317731380462646,0.23511859774589539,0.03264033794403082,0.030970335006713923
40.31147184356613,35.797903851844914,0.19816561043262487,0.1731792241334916,0.22360539436340332,0.2351136207580567,0.03421255946159363,0.03268620371818537
40.24843159605395,35.510112347261526,0.20139822363853463,0.1750641316175461,0.22641414403915405,0.23504608869552618,0.03484204411506647,0.03453952074050903
40.155874003267336,35.439351287094624,0.203341543674469,0.17560449242591858,0.22825968265533447,0.23474749922752386,0.036498457193374634,0.03629350662231451
41.11328569228907,35.42035756144588,0.19693702459335327,0.17642110586166387,0.22830724716186523,0.23431184887886047,0.03717973828315729,0.03616690635681147
42.24456745591576,35.587820387840075,0.19410151243209842,0.1767058968544007,0.22945237159729004,0.23431470990180975,0.03771600127220148,0.035813361406326294
42.96735347694567,35.57160846196274,0.1940880119800568,0.177728220820427,0.23094582557678223,0.2337580919265747,0.03793215751647949,0.036006420850753784
42.67730521088179,35.20025314587534,0.19947880506515508,0.1783986687660217,0.23532193899154663,0.22966286540031433,0.037923276424407903,0.03648760914802551
42.51436289208318,35.06114193817555,0.20275439321994781,0.1773609071969986,0.23819667100906372,0.22663581371307373,0.03681781888008118,0.03472873568534851
42.34851588053348,34.94987206747984,0.204154372215271,0.17663811147212982,0.23940342664718628,0.22433242201805115,0.03499776124954229,0.032701641321182195
42.16816331654129,34.868781347628136,0.2052354663610459,0.17651449143886566,0.23938626050949097,0.22354519367218018,0.03289651870727539,0.031180322170257513
41.7267185741699,34.936872992793795,0.2060056179761887,0.1757832616567612,0.23909598588943481,0.22380593419075018,0.03238311409950251,0.031378358602523804
41.65185598888275,34.776885857987885,0.20581924915313718,0.17616270482540128,0.23899966478347778,0.2239271998405457,0.0315986573696137,0.031609922647476196
40.29318140204388,33.90161769779656,0.21335683763027194,0.1761708855628967,0.23883545398712158,0.219535380601883,0.0316376388072967,0.0324282050132752
39.67980375924684,33.53881040935659,0.21735744178295138,0.175432562828064,0.2373216152191162,0.2178497612476349,0.031049221754074097,0.032588511705398615
38.856498239287625,33.27945970706512,0.22261658310890198,0.17540901899337769,0.23660200834274292,0.2165988683700562,0.029106408357620184,0.0317413210868836
37.82789487312063,32.3593485866173,0.21989531815052032,0.1831582188606263,0.22291845083236694,0.21906214952468878,0.02246087789535517,0.022645890712738093
37.090612678862556,31.70704600516245,0.22693634033203128,0.18481618165969851,0.2235831618309021,0.21848145127296453,0.021754145622253418,0.021611452102661077
36.96007030351152,31.37607655557611,0.23047541081905368,0.184387356042862,0.22720342874526978,0.21702367067337042,0.024579346179962214,0.02373456954956049
36.752426648983935,31.113640280279377,0.23689305782318118,0.18747641146183008,0.22884392738342285,0.21941974759101868,0.024887800216674805,0.02442178130149847
39.730072117128564,31.72049481984813,0.2090809047222138,0.1840870976448059,0.22209858894348145,0.22259381413459778,0.025121718645095825,0.024154365062713623
45.37887645909429,31.514430640465367,0.1658380776643753,0.18544100224971777,0.21742379665374756,0.22361370921134954,0.023019015789031982,0.022386521100997925
55.89705105462066,31.371817858786276,0.1034182608127594,0.186495304107666,0.20921683311462402,0.2245271801948548,0.023280113935470526,0.02266117930412287
50.55169065595892,31.798095023656384,0.1301819384098053,0.18524588644504553,0.20703619718551636,0.2266895174980164,0.023621082305908203,0.023548424243927002
56.29123121949606,32.2746262728971,0.0990006029605866,0.1849141567945481,0.2013915777206421,0.23094573616981506,0.02496260404586792,0.025194346904754583
51.551449796155225,32.49335057067643,0.12214601039886469,0.1843745410442353,0.19938188791275024,0.23262101411819458,0.026726692914962713,0.027025729417800903
48.87669340074229,32.693056547897825,0.1352486908435822,0.18400108814239508,0.19838106632232666,0.2340883612632752,0.02988278865814209,0.031310647726058904
47.9833319430082,32.9801111778422,0.1398547887802124,0.1826279014348984,0.19797861576080322,0.23431962728500366,0.030908375978469904,0.03336489200592041
47.053202275770076,32.96821448187996,0.1446655690670013,0.1826543956995011,0.19769412279129028,0.23438149690628052,0.03174048662185669,0.03600716590881342
42.9556903448055,33.062428048341935,0.1707197278738022,0.18195612728595728,0.19876128435134888,0.23417982459068298,0.032600909471511896,0.03715509176254267
41.54912828108627,33.03581083672731,0.180519625544548,0.18126872181892398,0.20000499486923218,0.23400908708572388,0.03286713361740107,0.03748857975006109
43.539678496622166,32.93964179963454,0.16396784782409662,0.17982187867164617,0.19609928131103516,0.23372086882591248,0.03457626700401312,0.03965747356414795
41.64851948468006,33.131790615706244,0.17241564393043513,0.17701484262943268,0.19664084911346436,0.23309838771820074,0.03583568334579473,0.040967255830764715
40.94829132044446,33.010293795146794,0.1803267151117325,0.1764145940542221,0.2016134262084961,0.23342508077621466,0.0355093777179718,0.04037103056907648
39.01051478108243,33.127522674469034,0.19619165360927582,0.17685876786708832,0.2054426670074463,0.23460957407951355,0.033491760492324885,0.0381183922290802
38.180917051071205,33.17867418523566,0.2043179273605347,0.17732152342796328,0.20756715536117554,0.23506584763526922,0.032469093799591064,0.037113368511199896
38.385130680491,33.473861975316225,0.20512889325618738,0.17747008800506597,0.20847082138061523,0.23633596301078796,0.031934052705764826,0.03663820028305048
38.655626141539614,33.86825056306648,0.20398938655853271,0.1774852722883225,0.20911818742752075,0.23861387372016907,0.03203624486923218,0.0364409983158111
40.590877721999874,34.20318879487687,0.1900340467691422,0.17791306972503662,0.20783156156539917,0.24140357971191412,0.0318128764629364,0.036430358886718806
42.4496997169009,34.36910846056223,0.17630134522914886,0.1787172108888627,0.20513755083084106,0.24393081665039062,0.0320687592029571,0.037026882171630915
50.51243735626128,34.590776447704386,0.1269801259040833,0.17922441661357882,0.19689607620239258,0.24597886204719543,0.032068878412246704,0.037017613649368286
48.59567164290685,34.80193375998221,0.1364531815052033,0.1793707311153412,0.19643139839172363,0.24797570705413824,0.031863600015640314,0.036447614431381226
50.35506887500987,34.97395917974017,0.1266312599182129,0.18067888915538788,0.19388675689697266,0.24976861476898193,0.03168678283691412,0.036286056041717585
49.36244483369306,35.20365689051682,0.13168725371360773,0.1815692186355591,0.1934446096420288,0.25004988908767706,0.031507402658462524,0.0361278355121612
48.39939515434224,35.24468807932912,0.13718882203102112,0.18222396075725553,0.19398194551467896,0.2500854730606079,0.031246721744537354,0.0360098779201507
47.47594733112529,35.36799777667352,0.1443078219890594,0.18289613723754888,0.19491100311279297,0.24988880753517156,0.03123611211776728,0.03598499298095703
41.27917428608382,35.52476559681115,0.1859598755836487,0.18243677914142611,0.20017093420028687,0.2493042647838593,0.031227588653564398,0.03597605228424072
39.81869336266985,35.52391377918567,0.19838467240333557,0.181192621588707,0.20246487855911255,0.24742132425308233,0.03144475817680359,0.03592890501022339
39.702637597126085,35.196709388313096,0.2009896934032441,0.18076308071613317,0.204062819480896,0.24449914693832397,0.030857563018798828,0.03483512997627264
40.660535147543534,34.48350391109497,0.1954328566789627,0.1800409108400345,0.20551037788391113,0.2384085357189179,0.03020051121711731,0.033552855253219604
41.25764771700972,34.28735028474183,0.1920085698366166,0.17929783463478088,0.20643126964569092,0.2367686629295349,0.02940389513969427,0.03186148405075079
43.68150553876786,34.251884298951225,0.17589299380779272,0.17983041703701028,0.20526123046875,0.23752430081367493,0.029082864522934015,0.031120717525482178
45.999907535028164,34.269827690278575,0.1610523462295532,0.17978765070438388,0.20333808660507202,0.2381405532360077,0.028408288955688532,0.029606938362121582
54.946767383473485,34.76875749297318,0.11220481991767878,0.17882178723812112,0.20256948471069336,0.24238544702529913,0.02642038464546209,0.027386277914047297
46.11022176623449,34.471927129396924,0.16180674731731423,0.1784657537937165,0.20446491241455078,0.24042558670043945,0.026931315660476685,0.028172940015792902
43.309361796035404,33.93484093764905,0.1811036914587021,0.17749246954917913,0.20749038457870483,0.23544472455978394,0.028124958276748657,0.028656810522079468
43.30280560601354,33.728689768124845,0.18070939183235168,0.1747435331344605,0.20909327268600464,0.23358973860740662,0.029841572046279907,0.03160578012466431
42.86436318537411,33.32672022828627,0.18448966741561898,0.174641951918602,0.21035116910934448,0.23226013779640203,0.03024944663047785,0.03217485547065729
42.00870647319076,32.428620209804386,0.18909187614917758,0.1788273155689239,0.2111518383026123,0.23148435354232788,0.032277762889862116,0.03411108255386358
41.85451789400134,32.600625183647374,0.18931394815444946,0.17306464910507197,0.21378350257873535,0.22700682282447815,0.035293370485305786,0.03705516457557678
41.40183915184563,33.439388756482046,0.18951247632503512,0.16593940556049347,0.21499240398406982,0.22411102056503301,0.03623700141906738,0.03794831037521362
41.01318774222184,33.986791781518484,0.19203203916549688,0.1624733507633209,0.2168176770210266,0.22307088971138,0.03603401780128479,0.03868874907493591
40.50103514044233,34.21864412739155,0.19646458327770241,0.1613541543483735,0.21949094533920288,0.22284233570098877,0.035589009523391724,0.038402289152145386
39.50372462770543,34.36006611667882,0.2038371562957764,0.161404401063919,0.22033709287643433,0.2219876646995545,0.0341162383556366,0.03654232621192932
39.02426988278894,34.45635966911934,0.20852716267108917,0.16132323443889618,0.22243213653564453,0.2216178178787232,0.033524513244628906,0.03560313582420349
38.669627794659895,34.410072805225546,0.2119495421648026,0.16130025684833527,0.22398918867111206,0.22063559293746954,0.033494323492050226,0.036176383495330866
38.591568578799276,34.349340743161555,0.2123570740222931,0.16069804131984708,0.2250126600265503,0.2192728221416474,0.03352630138397211,0.036479234695434515
38.45931373673942,34.37058826860133,0.21345856785774234,0.16054852306842798,0.22533148527145386,0.21903851628303533,0.032980978488922175,0.03618651628494257
38.45391647757732,34.34899930788974,0.2141104787588119,0.1611587703227997,0.22615987062454224,0.2189110815525055,0.03220531344413752,0.03583177924156189
38.41356004667435,34.23402038834922,0.21537739038467407,0.1625533550977707,0.22688305377960205,0.2189203798770905,0.03171107172966009,0.03594052791595459
38.42141660393263,34.199775029876925,0.2167625576257706,0.1633434146642685,0.22841787338256836,0.21896106004714966,0.03181526064872742,0.0359757542610169
38.47220371434205,34.204038207308706,0.21638700366020208,0.16323693096637729,0.22822511196136475,0.21907341480255127,0.031903743743896484,0.03591170907020569
38.56524584271261,34.14082070018487,0.215329259634018,0.16358722746372217,0.22744864225387573,0.21943432092666626,0.031785875558853094,0.03565040230751043
42.67239246570953,34.0744925094287,0.1817837506532669,0.1639973819255829,0.22073233127593994,0.2194848656654358,0.03158587217330938,0.0351609885692597
42.10332504748418,33.80212062961389,0.18522673845291138,0.16514843702316293,0.21779614686965942,0.2195656299591065,0.0316567718982696,0.03448647260665899
41.8274292163148,33.444594642378995,0.1867849975824356,0.1666229069232941,0.21520578861236572,0.21923276782035828,0.03164449334144592,0.03381246328353876
41.638267336222356,33.24490186740254,0.1880466639995575,0.1673900932073594,0.2142433524131775,0.21894693374633795,0.03170222043991083,0.03335806727409368
41.45016957182758,33.004966952804196,0.1892634481191635,0.16811405122280126,0.21410703659057617,0.21852248907089233,0.03175234794616699,0.03304103016853338
41.22589253367879,32.429765158385656,0.1901479363441468,0.16911675035953522,0.21366411447525024,0.2177039086818695,0.031941831111907903,0.0328992903232575
41.061380328715906,32.2299788880639,0.1904187947511673,0.1691701263189316,0.21275430917739868,0.2176503241062165,0.03205457329750061,0.03272885084152222
40.842884326158526,32.08944132743282,0.19072264432907102,0.16953828930854803,0.21142715215682983,0.21808764338493347,0.032011449337005615,0.032328724861145075
40.524667425359965,31.86390519472601,0.1916358321905137,0.1705173701047898,0.21011614799499512,0.21867474913597107,0.032605648040771484,0.032577067613601685
38.3977614707668,31.821423244611783,0.2082417607307434,0.17057837545871737,0.21495795249938965,0.21941709518432623,0.0345742404460907,0.03423711657524109
36.910351919903746,31.795710245334824,0.2215460687875747,0.1704202443361282,0.21970105171203613,0.2198962569236756,0.03679937124252319,0.036608546972274836
36.86303744163196,31.773319164992188,0.2238049954175949,0.16902600228786469,0.22374451160430908,0.2190972864627838,0.03728234767913824,0.03645667433738714
37.3656718924686,31.49128534210558,0.2200041860342026,0.17018246650695804,0.2279289960861206,0.21860149502754217,0.03612294793128973,0.035733431577682495
37.794586705903065,30.63248452985304,0.21907237172126767,0.1687605381011963,0.23090136051177979,0.21203461289405828,0.035758405923843384,0.034681618213653564
37.593652368919514,28.69604482309655,0.2217010855674743,0.1779385060071945,0.23179233074188232,0.21046829223632818,0.03379946947097773,0.031771689653396606
37.17770911287158,28.940375356029982,0.22406443953514102,0.17673934996128082,0.2312079668045044,0.21116912364959722,0.03423228859901434,0.032275766134262085
36.863806047059605,29.001773405535076,0.22549267113208768,0.17658448219299322,0.23065078258514404,0.21205145120620728,0.0342126190662384,0.03247189521789551
36.82709503151266,29.661156337252326,0.22377219796180722,0.17422899603843692,0.22891592979431152,0.2144391834735871,0.0343073308467865,0.03265190124511719
36.8195801107946,30.045936826566685,0.2218800783157349,0.1727345436811447,0.22714567184448242,0.2163247466087342,0.034307837486267145,0.03269436955451971
36.72694682284612,30.36994470018408,0.22042040526866918,0.1716652810573578,0.22417014837265015,0.21808820962905884,0.03428342938423157,0.03286144137382507
39.03722512286418,30.589097500480822,0.19971051812171942,0.17052425444126132,0.21919208765029907,0.21803662180900574,0.034966230392456055,0.034128814935684204
39.69739941718771,30.815164141331515,0.1924536973237991,0.16506658494472512,0.2153940200805664,0.21191436052322388,0.03655427694320684,0.0355192124843598
39.11128876221967,31.005225039941088,0.1984640657901764,0.1651085764169693,0.21864253282546997,0.2143183946609497,0.03794240951538086,0.03754639625549322
38.95881024138818,31.285790761181357,0.20099145174026492,0.1660072356462479,0.22095131874084473,0.21771898865699768,0.03831982612609863,0.03761613368988043
38.33364637891903,31.13695281123385,0.204627275466919,0.1680734902620316,0.22215336561203003,0.21826133131980902,0.03855615854263311,0.03760042786598211
37.867799596924186,31.12367051298755,0.2081004232168197,0.16910757124423978,0.22325611114501953,0.21867778897285461,0.037580668926239014,0.036312192678451594
37.97369138029646,31.40472709373387,0.2067740261554718,0.1711181849241257,0.2211574912071228,0.22234180569648743,0.03610673546791082,0.03526225686073303
38.08951263181053,31.38874087487113,0.20550672709941858,0.1723945289850235,0.22105097770690918,0.2233696579933167,0.035570055246353094,0.03462070226669317
38.50680610083293,31.365376197208548,0.20138621330261233,0.1735141128301621,0.2200310230255127,0.22376519441604614,0.035681575536727905,0.03455555438995361
38.52212030122948,31.358311838873206,0.20122905075550082,0.1746766418218613,0.21908622980117798,0.22412025928497314,0.035680234432220403,0.034520030021667425
39.02248343282422,31.418242509839047,0.19736330211162573,0.174949049949646,0.21713650226593018,0.22439247369766235,0.03609153628349304,0.03473392128944397
39.23280480050425,31.479326562050556,0.1968625038862228,0.1749462634325028,0.21656054258346558,0.22462886571884155,0.03629973530769348,0.034753262996673584
39.25518225952277,31.434558124822697,0.1962743401527405,0.17528127133846277,0.2162054181098938,0.22409754991531378,0.0367150604724884,0.0354466438293457
39.33416280930489,31.45850014335811,0.1963231563568115,0.1751137375831604,0.21684318780899048,0.2228166162967682,0.03702914714813227,0.03576135635375971
39.46743408873839,31.561115895886278,0.19527156651020047,0.17421168088912958,0.21639996767044067,0.22210705280303955,0.03741773962974554,0.0360101163387298
39.49157383546205,31.51561984383828,0.19388264417648324,0.17429623007774359,0.2155228853225708,0.2213282585144043,0.03719127178192133,0.03601863980293274
39.610674782876835,31.461487169949198,0.1924700289964676,0.1747027933597565,0.21477127075195312,0.22163605690002441,0.03688833117485041,0.03582519292831421
39.40016322053427,31.47464108459047,0.1926956325769425,0.1753306984901428,0.2134629487991333,0.2231773734092713,0.036600470542907715,0.035694986581802424
39.31905432177041,31.477092657352983,0.1917668581008912,0.17533992230892181,0.2125294804573059,0.22377023100852966,0.03663071990013117,0.03570443391799932
39.249690941384976,31.52794246612555,0.1919091939926148,0.1750416159629822,0.2123018503189087,0.2247667014598847,0.03704586625099182,0.03610491752624512
39.28453171829016,31.533366482732564,0.19122938811779028,0.1753939092159271,0.21182477474212646,0.22596895694732672,0.03879174590110779,0.037966996431350764
38.573769636979,31.472006115164916,0.1968437731266022,0.1756664365530014,0.21222740411758423,0.2267633080482483,0.03993752598762507,0.0392058789730072
38.09954287972558,31.636444898180017,0.19980141520500191,0.17475427687168127,0.21221667528152466,0.2275086641311646,0.04076927900314331,0.0406915545463562
36.70421007269879,31.78915891503967,0.21140259504318232,0.173785001039505,0.21296429634094238,0.22807636857032781,0.04077255725860601,0.041019558906555176
36.06646008733267,32.427379849677735,0.21648092567920693,0.16836760938167572,0.21359753608703613,0.22797572612762457,0.04360893368721008,0.04412335157394409
35.54574895560583,33.097079038039766,0.21827696263790136,0.1626592427492142,0.21420997381210327,0.2278056144714356,0.044822871685028076,0.04513481259346008
34.97200169699852,33.5734388741742,0.22351594269275668,0.1631523072719574,0.21393978595733643,0.2279016375541687,0.04476025700569153,0.04546353220939636
34.84030192779198,33.580836721147534,0.224283218383789,0.16378253698349,0.21349471807479858,0.22788929939270025,0.04489141702651983,0.04517456889152521
37.83976442044735,33.695156205903245,0.1979981511831284,0.16420391201972967,0.20917510986328125,0.22858279943466187,0.04498767852783203,0.04488694667816162
40.87478963550784,33.74388967981429,0.17421486973762512,0.1646076142787934,0.20026761293411255,0.22985795140266424,0.04469642043113703,0.04458478093147272
38.01258813022619,33.98542852484887,0.1963768154382706,0.16064313054084778,0.2033323049545288,0.22945445775985718,0.044101655483245905,0.04493528604507452
36.19587890285234,34.434306284759884,0.20748145878314972,0.1572288125753403,0.2032960057258606,0.22929814457893372,0.039639949798583984,0.0404175221920014
35.2718392218437,34.7642836471818,0.2149624675512314,0.1556523442268372,0.20429617166519165,0.2291700839996338,0.0374656617641449,0.03812572360038757
34.700970117807046,34.69669362277419,0.22096836566925046,0.1559404581785202,0.2064540982246399,0.22910344600677496,0.03731930255889887,0.03822684288024902
34.40190938698883,34.7974899158924,0.2237731963396072,0.1559814810752868,0.20744216442108154,0.22951585054397583,0.03759381175041199,0.03888031840324402
34.216384376247944,34.79433503574884,0.22506475448608398,0.15610389411449432,0.20855581760406494,0.22985944151878362,0.03769999742507929,0.03921440243721008
34.136072857410795,34.77198963538315,0.22500920295715338,0.1560658663511277,0.208831787109375,0.22991275787353516,0.03774130344390869,0.039223819971084595
33.148050485681395,34.70219430414033,0.2305802255868912,0.15735191106796267,0.2068542242050171,0.230592280626297,0.03578343987464905,0.036689817905426025
32.77813363738661,34.4591865795587,0.2326560169458389,0.1598656922578812,0.206682026386261,0.23141258955001837,0.036053776741027777,0.036887466907501165
32.51364830116032,34.302609471412154,0.2341183871030807,0.1616701483726502,0.20623040199279785,0.2323610782623291,0.03621885180473333,0.03707441687583929
32.18997442579614,34.32154741095402,0.23950029909610748,0.16189102828502658,0.2093629240989685,0.23292148113250732,0.0362589955329895,0.037180095911026
32.11130937221944,34.22723163163859,0.2411072999238968,0.162492036819458,0.2108086347579956,0.23437052965164185,0.03639361262321478,0.037309229373931885
32.18747370091731,34.191707447066506,0.2406765073537826,0.16299761831760412,0.21158450841903687,0.2362608015537262,0.0364915132522583,0.0374639630317688
32.42507440227973,34.194644959447515,0.23992802202701569,0.1631265729665757,0.2126360535621643,0.23848271369934082,0.036567419767379816,0.03771978616714472
32.5574886194359,33.62434814440061,0.23901420831680298,0.1665299385786057,0.2131379246711731,0.23830312490463262,0.03883832693099981,0.039959341287612915
32.69394803976585,33.22647992762274,0.2379809617996216,0.1690674126148224,0.21323859691619873,0.23841893672943115,0.038967579603195135,0.04005500674247742
33.058234347866936,33.15977812621276,0.2345996648073197,0.16971039772033691,0.21305257081985474,0.23846182227134705,0.039148181676864624,0.040295183658599854
33.339485891588836,33.24292914045563,0.23200373351573939,0.16919931769371038,0.21304810047149658,0.23822203278541565,0.039228796958923395,0.04042455554008478
33.58558925892041,33.244906304255096,0.2306524366140366,0.1693403124809266,0.212818443775177,0.23855707049369818,0.039223700761795044,0.04042631387710571
33.68602894215009,33.30081198770409,0.2302687019109726,0.16949847340583798,0.21270900964736938,0.23853495717048645,0.03916621208190918,0.04043149948120117
33.729282852607454,33.37089330680169,0.22966086864471438,0.16954635083675382,0.21218252182006836,0.2390376329421997,0.039327859878539984,0.04033210873603821
33.126544713105915,33.58870674463408,0.2332739531993866,0.16951571404933932,0.21047496795654297,0.24000278115272522,0.03907555341720581,0.039887756109237615
33.17228569129422,33.72195514210201,0.2329554110765458,0.1696678251028061,0.2104904055595398,0.24057710170745855,0.03802973031997681,0.03900405764579773
32.98457975283248,33.74915867283552,0.2335867732763291,0.17118541896343228,0.20949584245681763,0.24067863821983343,0.0381070077419281,0.03913888335227961
32.99129536308034,33.61970818083787,0.2331516295671463,0.1738589107990265,0.20878934860229492,0.24078533053398132,0.03776314854621887,0.038979142904281616
33.020293527551644,33.7071792113134,0.2325966209173203,0.17434844374656677,0.2083715796470642,0.24081772565841675,0.03775584697723389,0.03899297118186951
33.11089900876609,33.62284753942567,0.23169437050819397,0.17593495547771457,0.2073478102684021,0.24089688062667852,0.036702543497085516,0.038126558065414484
33.30658355343627,33.61573957587742,0.2301876842975616,0.175942987203598,0.20740830898284912,0.2407332062721253,0.036214202642440796,0.03780430555343628
32.96782053499551,33.46374436719278,0.2374147176742554,0.17473171651363367,0.209303617477417,0.23842027783393865,0.03758552670478821,0.03981459140777588
32.69060531555341,33.22734491904678,0.24090223014354709,0.1753979921340942,0.21085667610168457,0.23798531293869019,0.0389980673789978,0.04158681631088257
32.91869526898036,33.01582132103676,0.2408408075571061,0.17556789517402646,0.21298933029174805,0.23714321851730347,0.039882987737655584,0.04297211766242981
33.02210372045509,32.803476560057966,0.23974098265171048,0.17574243247508997,0.2135128378868103,0.2371408641338349,0.040455311536788885,0.04354771971702581
33.013958208066434,32.77628716724796,0.23971429467201227,0.17568498849868783,0.21369069814682007,0.23744001984596252,0.040678381919860784,0.04404038190841669
34.01669131744261,32.81419016172951,0.22974736988544472,0.1748432964086533,0.21206599473953247,0.23747527599334722,0.041091352701187134,0.04472637176513672
34.51735153999432,32.82863399518406,0.2254184633493424,0.1745345443487167,0.21139085292816162,0.2374821901321411,0.0406270027160644,0.044339060783386175
34.62986133993817,32.89614616606475,0.22402414679527288,0.17430071532726288,0.21050119400024414,0.23760381340980535,0.04038256406784052,0.04422768950462347
34.54421347894415,32.88274908349722,0.22524994611740112,0.1748425513505936,0.21112436056137085,0.23780027031898499,0.040314614772796686,0.04415670037269592
34.66917578591597,32.518861772608055,0.2246402800083161,0.17508132755756384,0.21250569820404053,0.23559355735778814,0.04051318764686579,0.044363588094711304
34.65247506180193,32.3597622837204,0.22679893672466278,0.1750466376543045,0.21419978141784668,0.23407045006752014,0.04047980904579168,0.044355481863021906
34.903737779808395,32.20552951188371,0.22593191266059878,0.175485447049141,0.21513426303863525,0.23299440741539001,0.040416777133941706,0.04442805051803589
35.08575757670251,32.04320531789663,0.2242062389850616,0.1765332072973252,0.21538293361663818,0.2324516475200653,0.0404985249042511,0.044464379549026434
35.166614896447946,32.04040262128602,0.2235186994075775,0.1762510538101196,0.21546077728271484,0.2318677008152008,0.04029852151870722,0.044194877147674505
35.279660910108696,32.046373721789145,0.22262513637542727,0.1759074926376343,0.21547859907150269,0.23132160305976868,0.04026377201080322,0.04416251182556152
35.35847153650945,32.05648339602757,0.22229756414890292,0.1758599430322647,0.215548574924469,0.23146227002143865,0.03997358679771418,0.04384472966194153
35.57424210573348,32.190059357237025,0.2214626520872116,0.17523594200611117,0.21599632501602173,0.2314431369304657,0.03947180509567261,0.04328706860542292
35.757065024137056,32.28223675981498,0.21993537247180941,0.1749316900968551,0.215703547000885,0.231591284275055,0.03915810585021973,0.043010830879211426
35.755243594035036,32.43670664813111,0.2200543731451035,0.1738916337490082,0.21565216779708862,0.23168045282363897,0.03899708390235901,0.04312694072723389
35.75234562048992,32.52816641019502,0.2202292382717133,0.1736254841089249,0.21566909551620483,0.23225438594818115,0.03865784406661982,0.0431221723556518
35.89507133188793,32.6171426926183,0.21970085799694059,0.1732779145240783,0.21583718061447144,0.2324170470237732,0.03849115967750549,0.04321765899658203
35.96111020572727,32.548602869881734,0.2189243882894516,0.1732687801122666,0.21585875749588013,0.23259592056274414,0.03844946622848511,0.04323345422744751
36.076786743926746,32.4970064683147,0.21778236329555511,0.17315642535686493,0.21607095003128052,0.23251444101333618,0.038472831249237005,0.04340094327926641
36.09316447909527,32.47309998498575,0.21752089262008673,0.1732579171657563,0.21623432636260986,0.23293703794479376,0.03830152750015259,0.043499976396560724
36.168367678975194,32.41658510961391,0.2165678292512893,0.1734190583229065,0.21623992919921875,0.23352143168449407,0.03885096311569208,0.04413449764251709
36.16506516813219,32.39047138722616,0.2165539562702179,0.1734811663627625,0.21673840284347534,0.23358535766601568,0.039746940135955866,0.044604927301406916
36.028602701025946,32.38525612692606,0.2165277898311615,0.17348088324069982,0.217085599899292,0.23380047082901,0.04060694575309748,0.04501456022262579
36.06072158674277,32.36200529877672,0.2165362387895585,0.17364852130413058,0.21731668710708618,0.23437362909317017,0.04068842530250549,0.04448366165161133
36.238055204761714,32.31624962062809,0.2164060622453689,0.1735707968473435,0.2180030345916748,0.2347708940505982,0.04018223285675049,0.04367849230766291
36.77383367819931,32.4023359860252,0.21243807673454293,0.1735728085041047,0.21786385774612427,0.23607885837554937,0.03858065605163569,0.042380958795547485
36.886807483384,32.42087183918567,0.2115543484687805,0.17375454306602478,0.21737271547317505,0.2364197075366974,0.03783953189849848,0.04178041219711304
37.00632143171865,32.31345256121482,0.21114692091941842,0.1743308156728745,0.21858954429626465,0.23644199967384344,0.03764885663986206,0.04188787937164301
37.121239830994256,32.198937725775316,0.2106061279773712,0.1745888739824295,0.22042036056518555,0.2359042465686798,0.03771331906318659,0.04192331433296198
37.50499496484803,32.11587543793923,0.2071281224489212,0.17474202811717982,0.22075927257537842,0.23572880029678345,0.03793403506278992,0.04198113083839411
37.45456850728215,32.09388669492696,0.20749424397945412,0.17479361593723297,0.22164082527160645,0.23555544018745428,0.03806814551353449,0.04189264774322515
37.58595942536949,32.11154259833918,0.20704460144042972,0.1748361736536026,0.2223895788192749,0.23572075366973883,0.03742596507072443,0.041163027286529486
37.57457529335835,32.06478392700655,0.20706699788570412,0.1750400811433792,0.2231510877609253,0.23570126295089722,0.036652594804763794,0.04017463326454168
37.70051780592646,32.02287386385705,0.20702877640724182,0.1751478016376495,0.22460788488388062,0.23582652211189276,0.036796569824218806,0.040039271116256714
37.586226991654236,32.02602501119232,0.2069208920001984,0.1751328706741333,0.22505176067352295,0.2359805405139923,0.037045091390609686,0.0397652685642243
37.451100240440454,32.35799304997524,0.207175612449646,0.17257742583751678,0.22495895624160767,0.23619461059570312,0.0363932847976684,0.038568258285522516
37.45001581983894,32.55148357410362,0.20733675360679632,0.1710419952869415,0.2245492935180664,0.2361873984336853,0.035171896219253596,0.037545412778854315
37.37666555703167,32.560781465949525,0.2078004628419876,0.171126738190651,0.22447538375854492,0.23619377613067633,0.035141557455062866,0.03741353750228876
37.288550349715756,32.40764331363331,0.2078467756509781,0.1726047545671463,0.22449159622192383,0.23585641384124756,0.035342216491699274,0.037373274564742986
36.78297355694064,32.44108133807944,0.2124284505844116,0.17290163040161133,0.22498446702957153,0.2350960373878479,0.03580024838447571,0.0376240611076355
36.65312381904869,32.517042747512214,0.21210531890392298,0.17361618578433988,0.22424626350402832,0.23450177907943726,0.035769522190093994,0.0374089777469635
36.54412451180708,32.5824804976321,0.21209551393985748,0.17355081439018252,0.22258955240249634,0.23396974802017212,0.03579303622245794,0.03749370574951172
36.23098548343437,33.00590748321985,0.21512055397033691,0.17296387255191797,0.22185474634170532,0.23289570212364197,0.03597378730773926,0.037645578384399414
36.430503431829635,31.539304524362247,0.2144642025232315,0.1753876507282257,0.22256284952163696,0.22396478056907654,0.0382179319858551,0.0382402241230011
36.36545088137884,31.080034016788037,0.21584436297416693,0.17573843896389002,0.22270166873931885,0.22056034207344055,0.0404353141784668,0.039637804031372126
36.57750010680415,30.853400387290492,0.2151298075914383,0.17627577483654028,0.2230433225631714,0.21916022896766663,0.041291177272796575,0.04002374410629278
36.83914653516682,30.599767331653737,0.2145160436630249,0.17749300599098208,0.2237122654914856,0.21814599633216858,0.04221916198730469,0.04042640328407282
36.928738920858834,30.405824082637736,0.2144971638917923,0.1788009107112884,0.2238103151321411,0.21765032410621643,0.042628377676010076,0.040563374757766724
36.288925811395494,30.112649635488236,0.2221884131431579,0.1792568862438202,0.22617411613464355,0.21593895554542542,0.04358741641044611,0.04115581512451172
36.2565125072691,29.905830068438462,0.2225124835968018,0.1805230081081391,0.226210355758667,0.21574321389198303,0.04382753372192377,0.04116028547286982
36.26721330454453,29.7849431695583,0.2233733087778092,0.1810327172279358,0.22710812091827393,0.21501749753952032,0.04400509595870972,0.041191935539245605
36.15121469754475,29.50804872584546,0.2250762730836868,0.1820980906486511,0.22717535495758057,0.21381652355194097,0.04392662644386297,0.04116272926330572
36.13682934695212,29.434100541309636,0.2253082245588303,0.1826819628477096,0.2266315221786499,0.21396559476852423,0.04332315921783447,0.04079529643058777
36.37591397517789,29.50039912934249,0.2250663489103317,0.1826563030481338,0.22782456874847412,0.21466189622879028,0.042996108531951904,0.04041770100593561
36.508221088049545,29.50713425400381,0.2246570140123367,0.1827301830053329,0.22782206535339355,0.21472924947738647,0.04280740022659296,0.04020395874977112
36.40710969238898,29.39149610385408,0.2265432476997376,0.1837122887372971,0.22785931825637817,0.2145293951034546,0.04254722595214849,0.04016965627670288
36.35614234977041,29.235795373924773,0.22709335386753088,0.1846992522478104,0.22717410326004028,0.2145974338054657,0.04245072603225708,0.04016342759132391
36.242473584996645,29.2687855716893,0.22797200083732608,0.1853242665529251,0.2266424298286438,0.21531227231025696,0.04004758596420288,0.03831318020820618
36.061499785991074,29.14460897513497,0.2279085367918014,0.1862414926290512,0.22630685567855835,0.21526241302490234,0.0399533212184906,0.038337051868438665
36.00411323000167,29.11053824784598,0.2280967831611634,0.18639689683914187,0.22634834051132202,0.215326339006424,0.03902548551559454,0.03763863444328308
35.96230344879336,29.062229170267397,0.22859278321266183,0.1865160316228867,0.22597891092300415,0.21552106738090515,0.038805216550827026,0.037581413984298706
35.914799493690715,28.755752262042098,0.22918254137039182,0.18707300722599027,0.22599083185195923,0.21406427025794988,0.03859701752662659,0.037670284509658813
35.865208451672636,28.56450661103412,0.2299974709749222,0.18845623731613162,0.22637301683425903,0.214188814163208,0.03753247857093811,0.037133991718292236
35.81198399195423,28.521438172730164,0.23068045079708097,0.1873855292797089,0.22644048929214478,0.2132487297058106,0.03777682781219488,0.03717455267906189
35.69250083149239,28.597239601972557,0.23062144219875338,0.18593217432498932,0.22642123699188232,0.2138737440109253,0.037518203258514404,0.03700834512710571
35.21606668195995,28.937515162429865,0.2303577810525895,0.1855529099702835,0.2228480577468872,0.21616697311401367,0.039225995540618896,0.0388224720954895
34.77536546932756,29.95254545139143,0.23278002440929418,0.1832304745912552,0.21976470947265625,0.2217362225055695,0.038914263248443604,0.038866519927978516
35.137196730750624,30.878671709288945,0.2289948910474777,0.18070001900196078,0.21569472551345825,0.22780045866966248,0.03621050715446478,0.03795546293258667
34.86819319014553,31.497215889877108,0.2299942672252655,0.1764924377202987,0.21383130550384521,0.23002091050148016,0.03611552715301508,0.03798308968544001
35.34871245132519,31.927024519422794,0.224927306175232,0.1742033958435059,0.21120965480804443,0.23213270306587225,0.03597033023834234,0.03797250986099243
35.6020347379264,32.03069981137551,0.22213824093341822,0.173562690615654,0.21044158935546875,0.2326210737228394,0.035845488309860285,0.03800240159034729
35.27427079733806,31.895787566857003,0.22433912754058838,0.17424815893173212,0.2108435034751892,0.23227214813232422,0.0358517169952392,0.03807598352432251
34.94621325831339,31.816873143839256,0.2271843254566193,0.17455126345157623,0.21213394403457642,0.23199594020843511,0.03677943348884588,0.03929585218429571
34.545804264951286,31.91233328122152,0.2305825799703598,0.1743100434541703,0.21233725547790527,0.23104584217071533,0.04130575060844427,0.044185966253280695
34.66234022051525,32.01356852442453,0.2297342717647553,0.17431439459323889,0.21212166547775269,0.23074480891227722,0.042304396629333496,0.04558068513870239
35.01007143233299,31.992704720738786,0.22858993709087372,0.17418873310089109,0.21278810501098633,0.23008170723915106,0.04207757115364069,0.045500934123992864
35.21678857554586,32.063229708508544,0.2285988479852677,0.1741555631160736,0.2137506604194641,0.23002827167510992,0.04195195436477661,0.04541361331939692
35.2807047061429,31.99672881808026,0.22844444215297702,0.1742868274450302,0.21453893184661865,0.22994422912597656,0.04166156053543091,0.04527226090431208
34.885121863785386,31.91101761578293,0.2326576262712479,0.1743150651454925,0.21683472394943237,0.22975069284439087,0.04161906242370611,0.04512053728103632
34.649898123198554,31.807428613903795,0.2343404144048691,0.1745292991399765,0.21761345863342285,0.2296033501625061,0.04161983728408808,0.04480916261672968
34.548834988314056,31.760764296115514,0.23447497189044947,0.17469064891338348,0.21772229671478271,0.22954660654068,0.04156681895256037,0.044751703739166315
34.5138545927626,31.728936548264674,0.23448683321475983,0.1748302429914474,0.21814632415771484,0.22934022545814514,0.04163679480552673,0.044821590185165405
34.523387926746885,31.578264099898078,0.23435138165950783,0.17589414119720467,0.2184109091758728,0.22966033220291143,0.04104334115982061,0.044524639844894354
34.63271190140108,31.426067622615857,0.2342824190855026,0.1763006299734115,0.2186782956123352,0.2296119928359986,0.04029005765914917,0.0442083477973938
35.65635576482827,31.220836904838897,0.2266108542680741,0.176859200000763,0.21907687187194824,0.2286839485168457,0.036829829216003473,0.04195749759674072
35.780670018592886,30.967155435047303,0.22608661651611328,0.17688508331775668,0.22013497352600098,0.2275691032409668,0.03625833988189703,0.041572570800781306
35.86199542133162,30.86853008511901,0.22632943093776697,0.1768977046012878,0.22076958417892456,0.2266685664653778,0.035363912582397405,0.04169806838035578
36.29111760582736,30.777602185573393,0.2220391482114792,0.1772172302007676,0.22002846002578735,0.2265092432498932,0.03484779596328741,0.04143553972244263
36.686319977719776,30.59027174956933,0.2195025235414505,0.1779237687587738,0.22056472301483154,0.22564995288848877,0.03530505299568176,0.04184052348136902
37.47689782886281,30.844582554648746,0.21181289851665497,0.1773581057786941,0.21835118532180786,0.22738331556320196,0.03535082936286932,0.041920632123947144
37.75828945516957,31.187894241371122,0.20792509615421303,0.1769174635410309,0.21599942445755005,0.2294043004512787,0.03579679131507868,0.04227253794670105
37.9446111625139,31.29491513857733,0.20605857670307162,0.1762581169605255,0.21487528085708618,0.22947058081626898,0.035503268241882324,0.04202109575271612
38.02047363070981,31.884519030300442,0.20560804009437558,0.1746247708797455,0.21351021528244019,0.23076373338699346,0.03380480408668518,0.0402681827545166
36.67520802209417,32.045593866074356,0.21807111799716952,0.1741557121276855,0.2153570055961609,0.22943454980850225,0.032528847455978394,0.03809359669685369
36.821926090345066,32.06567929226422,0.21789646148681638,0.1763201653957367,0.21524494886398315,0.23080721497535706,0.0326684713363648,0.03779864311218262
36.98442366881401,31.953362893696198,0.2172862589359283,0.177451029419899,0.21548396348953247,0.23103305697441107,0.03269320726394648,0.03751519322395325
37.02884761975992,31.660064014230645,0.21675567328929898,0.1787543445825577,0.21548312902450562,0.2312449216842652,0.03262066841125488,0.03641980886459345
37.808488310886716,31.708592931893747,0.2101698815822601,0.1797707229852676,0.21505802869796753,0.23278242349624634,0.03294038772583008,0.0365946888923645
38.16610103652085,31.82809598986342,0.2067990154027939,0.1792541891336441,0.21452361345291138,0.23296275734901428,0.033002376556396484,0.03643360733985901
38.62449474249477,31.98193691696966,0.20290689170360568,0.1781738996505737,0.21178245544433594,0.23274040222167974,0.03404411673545832,0.036865860223770086
38.93745219193665,32.04390854453347,0.19971646368503568,0.17786057293415072,0.20931804180145264,0.23273980617523193,0.03429540991783142,0.03696420788764959
41.74161339186617,32.152406704944966,0.17812515795230874,0.17717687785625458,0.2029286026954651,0.23275491595268255,0.034454911947250366,0.03708562254905701
43.163577584445015,32.18534235748417,0.16835898160934448,0.1767425090074539,0.20011043548583984,0.23260343074798584,0.03448009490966797,0.03708833456039429
41.829389897002144,32.24902020469911,0.17838591337203977,0.1765298545360565,0.20023149251937866,0.2324514091014862,0.03407403826713562,0.03684490919113159
41.19734533859684,32.269874911082844,0.18267822265625003,0.17632190883159637,0.20079821348190308,0.23216491937637335,0.034202188253402765,0.03681138157844549
40.97207721514303,32.588310057946366,0.18362930417060852,0.17622698843479162,0.20019030570983887,0.23264947533607483,0.034694969654083196,0.03702139854431147
38.569531723064735,32.86519588721663,0.20275774598121651,0.17600049078464508,0.20319944620132446,0.23309773206710815,0.0345650315284729,0.036994695663452204
38.62893956776551,32.98962654888108,0.2019052654504776,0.1759735494852066,0.2023659348487854,0.23334425687789917,0.0345955491065979,0.03699076175689692
37.7754688798139,33.01128547998154,0.2098770290613174,0.1760247498750687,0.20636582374572754,0.2323006987571717,0.035013735294342097,0.03723451495170593
38.46232319617452,33.056236664216826,0.204330638051033,0.176270067691803,0.20637238025665283,0.23174768686294556,0.03561750054359436,0.03769704699516291
38.053280237542054,33.07219886769819,0.2081263363361359,0.17615258693695068,0.2086871862411499,0.23204243183135992,0.036708980798721313,0.03870388865470892
37.62343552878259,32.91205168414405,0.21103160083293923,0.1759003549814224,0.21144121885299683,0.2315872609615326,0.036948591470718384,0.03892263770103449
37.28897027933895,32.652627968095345,0.21572916209697718,0.175492137670517,0.2154557704925537,0.23045670986175543,0.03702974319458008,0.038926392793655396
36.95986517298518,32.32546227589277,0.2192964404821396,0.17591319978237147,0.21753233671188354,0.22950595617294317,0.03702050447463989,0.03892895579338074
36.66192592188063,32.159631854952515,0.22182409465312958,0.1759319603443146,0.21773576736450195,0.22890245914459234,0.037550330162048284,0.03924250602722168
36.450904575290664,32.17888964935669,0.22350369393825528,0.17547774314880368,0.21769607067108154,0.22888880968093872,0.03814032673835749,0.03980833292007452
36.46099655706666,31.995288261397864,0.2238763570785522,0.17517574131488797,0.21831685304641724,0.22753232717514044,0.03903615474700928,0.04052793979644781
36.576565321976744,31.899729136876065,0.22339427471160891,0.1744456440210343,0.21904116868972778,0.22628158330917364,0.0398936271667481,0.041147917509079035
36.66583811660969,31.889481784147733,0.2231516242027283,0.17440438270568848,0.219296395778656,0.22634509205818182,0.040174514055252075,0.04134055972099304
36.6931710766811,31.874494424809424,0.2231030315160752,0.17439629137516027,0.2194553017616272,0.22636854648590088,0.042019605636596735,0.04322856664657593
36.654329902800974,31.84510414770099,0.22306807339191442,0.1744078099727631,0.21919065713882446,0.22629946470260626,0.04202342033386236,0.043240070343017634
36.65266894365705,31.737407811056574,0.2230771631002426,0.1748344302177429,0.21917223930358887,0.22617435455322266,0.04332625865936279,0.044593214988708496
36.62433680270179,31.756754733601692,0.2231192439794541,0.17466682195663458,0.21907120943069458,0.22623661160469055,0.0436390340328216,0.045224308967590277
36.551369378140876,31.805495820893572,0.22372189164161682,0.1747212409973144,0.21903306245803833,0.22693800926208496,0.0433996319770813,0.0451279878616333
36.4311106002205,31.758404210459272,0.22413669526577001,0.1743877232074738,0.21875041723251343,0.22683873772621155,0.04262867569923401,0.04448983073234558
36.39766837618495,31.778643625446765,0.22429735958576208,0.1742630749940873,0.21879595518112183,0.22681701183319092,0.04241743683814997,0.04417654871940613
36.302573547450116,31.829634083602237,0.2248689532279969,0.1743326485157013,0.21874666213989258,0.22716081142425537,0.04149183630943304,0.04307702183723455
35.204490490797596,31.48646944757577,0.2358314096927643,0.17564697563648218,0.22048097848892212,0.22562077641487122,0.03770193457603449,0.039366215467453
34.373929179962026,31.34997734831258,0.24521079659461972,0.1762007772922516,0.22231870889663696,0.2246998250484467,0.036233097314834595,0.03838330507278437
34.08688027553318,31.255534528731506,0.25036470592021937,0.1763633042573929,0.2239130735397339,0.22352594137191772,0.03539261221885681,0.03802675008773804
33.93808670882069,30.6553063711755,0.2535795122385025,0.17673383653163907,0.22503256797790527,0.21968132257461548,0.03537815809249878,0.03827443718910212
33.99200506759239,30.61637907201556,0.25470463931560516,0.1768024563789368,0.2257012128829956,0.21942088007926946,0.03471288084983831,0.037797302007675115
34.203399470029225,30.51420218800163,0.2540065348148346,0.17709743976593018,0.2259352207183838,0.2192570865154267,0.0342714786529541,0.037343621253967285
34.48046450410157,30.47754885103921,0.2528407275676728,0.1772935539484024,0.2263866662979126,0.21903407573699957,0.034299373626708984,0.037361890077591
34.48819757088906,30.355654849092986,0.25284385681152344,0.17763842642307281,0.226681649684906,0.2186412215232849,0.0338003933429718,0.03680863976478582
34.5219083669516,30.22650032244504,0.25331975519657135,0.17808577418327332,0.22721457481384277,0.2177840173244477,0.03375253081321722,0.03674706816673279
34.595294498764495,30.11365454679684,0.2525724768638611,0.1784016937017441,0.22713589668273926,0.21692159771919256,0.033655703067779486,0.03663909435272217
34.82712824124604,29.86604591812688,0.25119920074939733,0.17877894639968872,0.22747212648391724,0.2152494192123413,0.03365612030029297,0.0369135737419129
34.69668066452706,29.913232425650204,0.25105111300945293,0.1787778735160828,0.22634506225585938,0.21611049771308904,0.034723579883575384,0.03856697678565979
34.65220396404582,29.88025250991193,0.25036923587322246,0.17871245741844177,0.2244727611541748,0.2164417207241059,0.03455725312232971,0.03886610269546509
34.59054694037136,29.847314535673824,0.2493053823709488,0.1789378821849823,0.22319000959396362,0.21751701831817633,0.0356909036636352,0.04100573062896734
34.431784844816065,29.787282996757632,0.24913521111011508,0.17904362082481382,0.22219234704971313,0.21849745512008667,0.03775781393051153,0.0436457097530365
34.597284146302385,29.837569931306593,0.24715739488601693,0.17899058759212488,0.22182327508926392,0.22038990259170538,0.039173662662506104,0.04484042525291443
34.78673239335819,29.915524255025808,0.2446864247322082,0.17828617990016937,0.22138762474060059,0.22059524059295654,0.03950160741806036,0.045014411211013794
35.02850104568647,30.010386479608222,0.2417251169681549,0.177206352353096,0.22099798917770386,0.22156780958175665,0.04021579027175903,0.0454298853874206
35.10569500998738,30.106211034689235,0.23954033851623538,0.1768889278173447,0.22207880020141602,0.22159898281097418,0.042099386453628596,0.04740720987319952
35.522369971661384,30.2643593776311,0.2395436316728592,0.1769929528236389,0.22511500120162964,0.22259455919265753,0.04209008812904358,0.0475764274597168
36.265506669358814,30.74010162582524,0.2402535825967789,0.17703214287757868,0.23088479042053223,0.2241668701171875,0.041761308908462524,0.04715397953987127
36.10888949121686,30.627402271906476,0.2445561140775681,0.1796663999557495,0.23131656646728516,0.22465407848358154,0.04098781943321228,0.0444572269916535
36.35462601932918,30.66625997480071,0.242777243256569,0.1813112944364548,0.22806352376937866,0.22694477438926697,0.041313946247100886,0.0432412326335907
36.47508201309174,30.968089376157973,0.24179248511791232,0.18166027963161469,0.22559785842895508,0.2296776175498963,0.04141032695770264,0.04214385151863104
35.94356659786891,30.906906771776192,0.2453041970729828,0.18218024075031283,0.22516560554504395,0.2298223376274109,0.04018282890319819,0.04016491770744318
36.17343343441042,30.9687015486598,0.24260051548480988,0.1823946237564087,0.22415173053741455,0.23076230287551885,0.040079653263092097,0.03996545076370239
36.33203686844699,30.991309417535785,0.2412344664335251,0.18234799802303317,0.22358232736587524,0.23104423284530645,0.0402382612228393,0.03988909721374512
36.37060848016905,31.002388148804055,0.2405119240283966,0.18241956830024716,0.22218036651611328,0.23138707876205444,0.04080840945243841,0.04053846001625061
36.21719577709013,30.422054711262476,0.2425541430711746,0.18299314379692078,0.22315829992294312,0.22772747278213507,0.04214131832122803,0.04131385684013372
35.93064525372217,29.923375667912957,0.24448637664318093,0.18307335674762729,0.22296375036239624,0.22440135478973394,0.043919324874877874,0.042496174573898315
35.625424902035114,29.376524789984547,0.246948629617691,0.1829678863286972,0.22271263599395752,0.22063204646110535,0.04596671462059021,0.04446116089820862
35.46298301946978,28.932335430906384,0.245623379945755,0.18160583078861237,0.2212749719619751,0.2164910733699798,0.048715382814407404,0.04746937751770025
36.93905664461908,29.193911631323463,0.2315472960472107,0.17859840393066412,0.21876555681228638,0.21587488055229193,0.04801645874977106,0.0463403463363648
36.80088296458446,29.405130024020387,0.23184765875339508,0.1771129071712494,0.2180243730545044,0.21721377968788141,0.047675818204879705,0.046938151121139526
36.607981089672485,29.7242603000137,0.23171858489513397,0.1774159669876098,0.21663552522659302,0.2225435972213745,0.04739472270011902,0.047124236822128296
36.624361940828564,30.272537268579008,0.23104920983314522,0.1765578836202621,0.2154909372329712,0.22780233621597296,0.047078847885131836,0.04711750149726862
36.627555786174305,30.418218141892435,0.2323676943778992,0.1752410680055619,0.21620827913284302,0.22801202535629272,0.047090440988540594,0.04711610078811651
36.55281048670289,30.612522904574238,0.2328753769397735,0.1743739396333694,0.21588397026062012,0.2286797165870667,0.04691615700721741,0.04707837104797369
35.63274656080936,30.66719911864682,0.2418635487556458,0.17349751293659207,0.21640098094940186,0.22835224866867065,0.048671275377273615,0.04942008852958679
35.59601931689465,30.821433844758605,0.2422524690628052,0.1723340898752213,0.21632146835327148,0.2284804880619049,0.048241823911666926,0.04939824342727661
35.56887381379387,30.907990868835185,0.24253375828266152,0.17214626073837289,0.21664822101593018,0.22895392775535583,0.04826605319976801,0.04937747120857233
35.58865547315126,31.069496194929275,0.2421138435602188,0.1707608550786973,0.21614503860473633,0.22881072759628301,0.050511747598648016,0.0526583194732666
35.56822782564097,30.98919958876985,0.2422586679458618,0.17078790068626398,0.21635520458221436,0.22823640704154968,0.050419121980667114,0.05243861675262457
35.084305859989676,30.988648561791813,0.24716717004776,0.1708477437496185,0.2169925570487976,0.22825568914413452,0.050937920808792114,0.05305624008178711
34.697388169824265,30.976114923953897,0.25131385028362274,0.1708333492279053,0.21732264757156372,0.22806063294410706,0.0507197380065918,0.05294090509414667
34.83914122650423,31.001770868639657,0.250722885131836,0.1708223074674606,0.21758896112442017,0.22803127765655523,0.05046957731246948,0.052842229604721014
34.74543199789195,30.975329759686215,0.2516724318265915,0.17069976031780248,0.2176801562309265,0.2280503809452057,0.050383359193801824,0.052874028682708796
34.602976129569946,30.962766420081955,0.25352743268013,0.1706742942333221,0.21785777807235718,0.2278130054473877,0.05031284689903259,0.052825719118118286
34.53216504219506,30.970746224115366,0.2543164342641831,0.17062596976757052,0.2179781198501587,0.2279996275901795,0.0503015518188476,0.0528242290019989
34.53520528959493,31.035352500635987,0.25475190579891205,0.1699508577585221,0.21840304136276245,0.22793141007423406,0.0503806471824646,0.05303025245666504
34.91312980667973,31.129009953933895,0.25104670226573944,0.1693288087844849,0.21817618608474731,0.2280210256576538,0.05038952827453613,0.052943676710128784
34.92372524017663,31.142095745825262,0.2511885315179825,0.16903285682201388,0.21866363286972046,0.2279906868934632,0.05042985081672674,0.053053200244903564
35.18459246852703,31.178951286204615,0.24935029447078713,0.1687745153903961,0.21836936473846436,0.22832754254341125,0.049929589033126776,0.052338242530822754
35.21467940249736,31.241208045783733,0.2494635134935379,0.16846348345279694,0.21872878074645996,0.22885864973068237,0.049840629100799616,0.05217048525810242
35.22932255673929,31.298753766758328,0.24968431890010842,0.168290376663208,0.21871626377105713,0.22917202115058904,0.05007755756378174,0.05247336626052851
35.1904981694988,31.40050047496845,0.24923035502433782,0.16737633943557742,0.21839863061904907,0.22936514019966125,0.05011427402496338,0.05233955383300787
35.349234018101484,31.539047898304545,0.24787707626819608,0.1663909554481507,0.2184973955154419,0.22939351201057434,0.05003431439399725,0.05219501256942749
36.35951064104058,31.65466756570817,0.2375444322824479,0.1662537306547165,0.21635133028030396,0.2303464114665985,0.04999902844429022,0.052155762910842896
37.13661604099126,32.25064657209052,0.22864793241024023,0.1612030863761902,0.214535653591156,0.2303800284862519,0.04971668124198908,0.05160397291183477
37.09311306462145,32.24512028173264,0.2280889451503753,0.16074192523956302,0.21438008546829224,0.23039585351943975,0.049498409032821655,0.05124422907829279
37.22735633293259,32.33854906345255,0.2261123061180115,0.1605217754840851,0.21337389945983887,0.23135894536972046,0.049305409193038996,0.05085888504982
37.33060838829166,32.493553285615924,0.2246996015310288,0.15937410295009619,0.21242868900299072,0.23154100775718695,0.04915475845336914,0.05050995945930481
37.22508773071581,32.47781258653683,0.224638506770134,0.15930482745170588,0.2116684913635254,0.23138779401779175,0.04905816912651062,0.050352841615676935
39.12579644590451,32.70398258517102,0.20788861811161038,0.15780791640281683,0.20818686485290527,0.23125413060188293,0.04657095670700079,0.047802895307540894
38.96280557708453,33.08862650978054,0.20931002497673032,0.15460199117660522,0.20785760879516602,0.2308234572410584,0.046059250831604004,0.04711467027664179
38.892415042988794,33.1116961698048,0.2102329283952713,0.1545617431402206,0.20801138877868652,0.23078620433807373,0.04615950584411621,0.04711458086967468
38.89714399765217,33.264443995539956,0.2107260823249817,0.1539140939712525,0.20820945501327515,0.2305944561958313,0.046037971973419245,0.046970635652542114
38.568824444123855,32.83814251675582,0.21586798131465912,0.1553564667701721,0.21174180507659912,0.22812029719352728,0.04704564809799189,0.04756566882133478
38.24181555541483,32.558795307586024,0.2184636741876603,0.1563254296779633,0.2127455472946167,0.22634947299957275,0.04752546548843378,0.0482059121131897
37.95445814579482,32.42489625084789,0.2209148108959198,0.1561868190765381,0.21386730670928955,0.2246043980121613,0.04828941822052002,0.04908373951911921
37.66953622795276,32.25492453393044,0.2227183729410171,0.1566598415374756,0.2146722674369812,0.22360485792160034,0.048588067293167114,0.04955348372459417
37.48499348692323,32.143720377290784,0.2233294099569321,0.15688560903072357,0.21495205163955688,0.22265443205833435,0.048611342906951904,0.04959613084793091
37.357542768514676,31.812656544346265,0.22413221001625058,0.15772296488285067,0.21516406536102295,0.22073999047279358,0.04889851808547968,0.0498233437538147
37.195151702762324,31.519898782197718,0.225105807185173,0.1583273261785508,0.2156042456626892,0.2188110649585724,0.049186497926712036,0.05010917782783508
36.95162518762599,31.40220662112414,0.22646243870258329,0.1588566452264786,0.21601009368896484,0.21831405162811274,0.04921126365661621,0.0501911044120788
36.45780563925871,31.09079384337734,0.22803537547588348,0.1618679910898208,0.21473056077957153,0.21876823902130127,0.04963833093643183,0.05064171552658081
36.477544019733195,31.05808278398006,0.2286886870861054,0.16265316307544708,0.21479839086532593,0.21906757354736323,0.049622356891632025,0.05061021447181702
36.42022911445367,31.12923747054923,0.2292508035898209,0.1629329919815063,0.21495282649993896,0.2193230390548706,0.0496765673160553,0.050663381814956665
36.35039862431033,31.311115875986697,0.2293522357940674,0.16227702796459198,0.21461272239685059,0.2194833159446717,0.04952958226203924,0.0505194365978241
36.346828655359914,31.339675278907347,0.2296601235866546,0.1624821275472641,0.21488994359970093,0.219760924577713,0.04946553707122808,0.05043640732765198
36.17646949237146,31.270449157164325,0.2313197255134583,0.16274113953113561,0.21567225456237793,0.21941137313842768,0.04939338564872742,0.05044081807136541
36.113798099739235,31.252942731004318,0.2316074818372727,0.16313001513481143,0.21594351530075073,0.21933728456497198,0.049402505159377996,0.05044487118721008
36.10834287425727,31.384954982253003,0.23348994553089142,0.16448837518692017,0.21602755784988403,0.22190126776695251,0.04943233728408808,0.050277084112167414
36.05438443726113,31.642514060549697,0.2345198541879654,0.1644974499940873,0.21619051694869995,0.2236606478691101,0.049191564321518,0.05000069737434393
36.01915204335054,31.836710691467843,0.23518501222133642,0.16487154364585876,0.21643340587615967,0.22523087263107305,0.049229770898819025,0.050173789262771606
35.89635489065209,32.03370519281156,0.2355315089225769,0.16483864188194283,0.21588808298110962,0.22641015052795416,0.04925936460495001,0.050268143415451105
35.86862455702002,32.16333310145976,0.2356613129377365,0.16462616622447973,0.21610307693481445,0.22707447409629827,0.049490213394165095,0.05072441697120672
35.780852943620424,32.34612452955035,0.23588940501213077,0.16372692584991452,0.21617573499679565,0.2271275520324707,0.0496323704719544,0.0509202778339386
35.77697641299879,32.622264964144236,0.23615999519824982,0.1619109213352204,0.21644705533981323,0.226535975933075,0.049862235784530695,0.05096065998077398
35.739415036839794,32.710899918166405,0.23643344640731817,0.1620193421840668,0.21646296977996826,0.22759276628494263,0.050001174211502075,0.050996541976928766
35.71887110402856,32.85723156587463,0.2364967167377472,0.16188646852970132,0.21602731943130493,0.22877171635627747,0.050087571144104004,0.050999730825424194
35.63074097093152,32.71272765217494,0.2371400743722916,0.1625695377588272,0.2159237265586853,0.22863158583641052,0.05016860365867609,0.0510744154453277
35.675376857884395,32.58193278411757,0.23715989291667938,0.1630483269691467,0.2161533236503601,0.2285469770431519,0.050393849611282404,0.051073610782623347
35.75147247673308,32.42288665937231,0.23711808025836953,0.16360311210155493,0.21642768383026123,0.2279142439365387,0.0510097742080689,0.05134043097496027
35.782875157103895,32.33563404174424,0.23684163391590118,0.1635556668043137,0.21630579233169556,0.2278384268283844,0.05116879940032959,0.05138528347015381
35.887904511228335,32.18194158176792,0.2352483719587326,0.1629404574632645,0.21578270196914673,0.22684213519096375,0.051403135061264094,0.05160614848136902
35.823139647100874,31.958209473170346,0.23493163287639618,0.16190412640571591,0.21568340063095093,0.22518429160118103,0.051515996456146296,0.051813662052154486
35.781606275000236,31.39584518487643,0.23536393046379092,0.16270327568054208,0.21570426225662231,0.22053122520446772,0.051567733287811224,0.05179837346076971
35.540076066625716,31.31016943299237,0.23582899570465093,0.16119936108589172,0.2155076265335083,0.21836993098258978,0.050782561302185,0.05174350738525385
35.28076855665188,31.362942326257777,0.2378582805395127,0.1591686010360718,0.21562862396240234,0.21889016032218933,0.050220400094985906,0.05096527934074396
34.899660398986654,31.601242729742328,0.2407153844833374,0.15649931132793427,0.2167397141456604,0.21880915760993958,0.05013617873191828,0.050840198993682806
34.41777575908958,31.747659495635116,0.2445817589759827,0.1539028733968735,0.21865177154541016,0.21764224767684942,0.05013769865036011,0.050950258970260676
34.39154067641492,31.98104103418644,0.24560308456420898,0.152258038520813,0.21983343362808228,0.2171018123626709,0.050140380859375,0.05107960104942322
34.47246278624823,32.21770359220536,0.2458745092153549,0.1516034454107285,0.2205120325088501,0.21705114841461182,0.05015197396278376,0.05122619867324829
34.42437622304743,32.40713241628175,0.24577674269676208,0.15151955187320706,0.21989703178405762,0.21833929419517517,0.049797624349594116,0.05093342065811157
34.350740378762445,32.50234906671935,0.2462401539087296,0.1513620167970657,0.21932369470596313,0.2181945145130157,0.049772441387176514,0.05089926719665527
34.210741619629395,32.44522870212605,0.2469947338104249,0.1515883207321167,0.21886080503463745,0.2177326083183289,0.04993435740470881,0.0510053932666778
34.07237634519624,32.381058413920165,0.2474826574325562,0.1516932547092438,0.21842825412750244,0.21769344806671143,0.05013743042945856,0.05111384391784668
34.03046543363479,32.43798553791843,0.24788050353527077,0.1516214609146119,0.21807831525802612,0.2179484367370606,0.050007253885269165,0.05084329843521118
33.994475716915474,32.38406830535878,0.2494225203990936,0.15217418968677518,0.21795445680618286,0.21794328093528748,0.050035893917083685,0.0508381724357605
34.11959219408494,32.29555708220547,0.24966736137866982,0.15365430712699887,0.2179519534111023,0.21790841221809387,0.0500069260597229,0.050742208957672175
34.17781189736204,32.11822562491076,0.2492984831333161,0.15529690682888037,0.21763670444488525,0.217725157737732,0.04999259114265442,0.05040678381919861
34.10262485325249,31.857699653962193,0.2491696029901504,0.1563241183757782,0.2176033854484558,0.2150689065456391,0.050017267465591486,0.050326079130172785
34.05468334389509,31.589047264508977,0.2488270103931427,0.1584013402462005,0.21633994579315186,0.2135601937770843,0.0491191148757934,0.049530208110809326
33.76955954736535,31.13294926678657,0.24948836863040932,0.16226650774478912,0.21406757831573486,0.21330183744430542,0.04843524098396301,0.04830276966094971
33.6228010308061,30.638432868293076,0.25032323598861705,0.167197197675705,0.2131892442703247,0.2136766910552978,0.048205554485321045,0.04770663380622858
33.537580990471085,30.362010549886172,0.25076255202293396,0.16989189386367803,0.21248191595077515,0.21401581168174738,0.04778403043746948,0.04724660515785212
33.3001946437894,30.446965442469192,0.2489357739686966,0.17330013215541837,0.20921874046325684,0.21775552630424505,0.046363383531570435,0.046198248863220215
33.251356698098355,30.58284673216423,0.2481295317411423,0.1743170469999314,0.2075432538986206,0.2189171314239502,0.04427909851074219,0.04342460632324219
33.45403484524,30.695442856164235,0.24486370384693149,0.1766023188829422,0.2056834101676941,0.22303956747055054,0.04394397139549261,0.043279349803924616
33.84154906215947,31.11099258333397,0.23814627528190618,0.1752004325389862,0.20298528671264648,0.22559753060340887,0.04366335272788996,0.04302254319190979
33.1193671929801,31.46922371343384,0.2423147559165955,0.1729153692722321,0.20213818550109863,0.2268615961074829,0.0425847172737121,0.042489379644393865
32.96503192507231,31.707407018395106,0.2454444468021393,0.171306312084198,0.2053484320640564,0.22595053911209106,0.041870564222335815,0.04213985800743103
33.04400487648406,31.959844907639862,0.24544085562229156,0.16981057822704318,0.20645689964294434,0.22539070248603826,0.041196167469024714,0.04217353463172907
33.10928101705925,32.273560456072666,0.24565853178501132,0.16875585913658142,0.2070334553718567,0.225281834602356,0.04109945893287653,0.04168236255645752
33.31100670551598,32.389899321954125,0.24581179022789,0.1680977195501328,0.207597017288208,0.22512507438659668,0.040752410888671875,0.04119080305099487
